spokesperson,date,media,question,answer
 Lin Jian,04/16/25,People's Daily," General Secretary of the Central Committee of the Communist Party of China and President Xi Jinping concluded the state visit to Viet Nam yesterday. This is his first overseas trip this year, and also the first leg of the trip to the three Southeast Asian countries, which is closely followed by the international community. Could you share more details with us?","Lin Jian: From April 14 to 15, General Secretary of the Central Committee of the CPC and President Xi Jinping paid a state visit to Viet Nam upon invitation. This is General Secretary and President Xi Jinping’s fourth visit to Viet Nam in 10 years and the first leg of his first overseas trip this year. While in Viet Nam, General Secretary and President Xi Jinping had talks with General Secretary of the Central Committee of the Communist Party of Viet Nam To Lam, met with Vietnamese President Luong Cuong, Prime Minister Pham Minh Chinh and Chairman of the National Assembly of Viet Nam Tran Thanh Man, and met with representatives attending Chinese and Vietnamese People’s Friendship Meeting. The two general secretaries jointly witnessed the display of 45 bilateral cooperation documents signed between China and Viet Nam and attended the launching ceremony of the China-Viet Nam railway cooperation mechanism. The two sides issued a joint statement on further deepening their comprehensive strategic cooperative partnership and accelerating the building of the China-Viet Nam community with a shared future that carries strategic significance. The visit is a full success which adds new dynamism to the building of the China-Viet Nam community with a shared future and the socialist cause of the two countries, and provides positive energy for prosperity and stability in the region and beyond.This year marks the 75th anniversary of China-Viet Nam diplomatic ties and the China-Viet Nam Year of People-to-People Exchanges, which presents an important opportunity to build on what has been achieved and take the relationship into the next chapter. While in Viet Nam, General Secretary and President Xi Jinping proposed six measures to deepen the building of the China-Viet Nam community with a shared future. He said we need to elevate strategic mutual trust to a higher level, build more robust security safeguards, expand higher-quality mutually beneficial cooperation, make the people-to-people bond more broad-based, carry out closer multilateral coordination, and engage in more constructive maritime interactions. Both sides agreed to firmly strengthen friendship, support each other in pursuing the socialist path suited to our respective national conditions, elevate strategic mutual trust to a higher level, build pillars for more practical security cooperation, seize the opportunity of the formation of new quality productive forces in China and new types of productive forces in Viet Nam to conduct more broad-based, in-depth, and comprehensive cooperation, consolidate the public support for the China-Viet Nam community with a shared future, have closer multilateral strategic coordination, properly handle and resolve differences, and act in the larger interest of China-Viet Nam friendship.China will work with Viet Nam to implement the important common understandings between the top leaders of the two parties and two countries, renew their long-standing friendship featuring “camaraderie plus brotherhood”, act in line with the overarching goals characterized by “six mores”, advance their comprehensive strategic cooperation with high-quality efforts, uphold international fairness and justice, ensure steady and sustained progress in building the China-Viet Nam community with a shared future, and make new and greater contributions to building a community with a shared future for mankind."
 Lin Jian,04/16/25,TVT Brazil," Yesterday, Bloomberg reported, citing people familiar with the matter, that China told its domestic airlines to suspend deliveries from Boeing of Boeing jets. The first question is if the Ministry of Foreign Affairs can confirm this decision. And the second one is, even if there isn’t such a decision, the cost of Boeing’s jets became significantly higher with the counter tariffs in response to Trump’s tariffs. With this scenario, is China considering enhancing business with Embraer?","Lin Jian: On your first question, I’m not familiar with what you said. I would like to refer you to competent authorities. On your second question, I also would like to refer you to competent authorities. More broadly, let me point out that Brazil is an aerospace heavyweight and China attaches high importance to the effort of carrying out practical cooperation with Brazil in aerospace and other areas. We welcome Chinese airliners and the Brazilian side carrying out cooperation based on market principles."
 Lin Jian,04/16/25,China Daily, We’ve learned that the Chinese government deposited of its instrument of accession to the Agreement on Port State Measures to the UN Food and Agriculture Organization on March 17 this year. The agreement officially applies to China starting from today. This is an important agreement on global fisheries governance. What is your comment?,"Lin Jian: China is a responsible country in fisheries. We attach great importance to the conservation and sustainable use of fisheries resources and adopt a zero-tolerance attitude towards illegal, unreported, and unregulated (IUU) fishing. The accession to the Agreement on Port State Measures represents China’s action to practice true multilateralism, and demonstrates the concrete effort of China to advance global ocean governance and uphold international maritime order. China will act in the spirit of a community with a shared future for mankind, faithfully perform its rights and duty in accordance with the agreement, and work with the international community to realize the UN 2030 Agenda for Sustainable Development. "
 Lin Jian,04/16/25,NHK," I also have a question on the issue of tariffs. The White House press secretary quoted the U.S. president saying “The ball is in China’s court, and China needs to make a deal with us. We don’t have to make a deal with them.” What is China’s response to this statement?","Lin Jian: This tariff war was started by the U.S. China has taken necessary countermeasures in order to defend its legitimate rights and interests and international fairness and justice. This is fully justified and lawful. China’s position has been very clear. Tariff and trade wars have no winners. China does not want to fight these wars but is not scared of them. If the U.S. truly wants to resolve the issue through dialogue and negotiation, it should stop using maximum pressure, stop threats and blackmail and seek dialogue with China on the basis of equality, respect and mutual benefit."
 Lin Jian,04/16/25,China News Service," It’s reported that on April 13 local time, the second round of voting in Ecuador’s presidential election was concluded. Figures released by Ecuador’s National Electoral Council showed that, Daniel Noboa, candidate of the National Democratic Action and incumbent President, received over 55 percent of the vote and won the presidential election. What’s China’s comment?  ","Lin Jian: China congratulates President Noboa on his reelection and believes that under the leadership of President Noboa, Ecuador will achieve new progress in national economic and social development.Ecuador is China’s comprehensive strategic partner and this year marks the 45th anniversary of diplomatic ties between China and Ecuador. China attaches high importance to growing its friendly ties with Ecuador and stands ready to work with the new government of Ecuador to move the bilateral ties forward and bring more benefit to the two countries and two peoples."
 Lin Jian,04/16/25,Beijing Daily," We noted that since the beginning of this year, people-to-people exchanges between China and other countries have been full of highlights. More and more foreign friends, including an Oscar winner and a U.S. social media influencer, have visited China. At the Osaka Expo that kicked off last weekend, the China Pavilion made a stunning debut. Its traditional design and exhibits of modern technology draw droves of visitors lining up. China is increasingly attractive to foreigners. What’s your comment?","Lin Jian: Congratulations on the opening of the China Pavilion at the Osaka Expo. We are glad to see the pavilion get thumbs up from locals there. I noted that the China Council for the Promotion of International Trade has played a leading role in setting up the China Pavilion and the pavilion boasts an exterior design of bamboo scrolls and the aesthetics of traditional Chinese gardens. Moreover, it debuts side by side the lunar soil samples collected by China’s Chang’e probes from the moon’s near and far sides, and displays tech products such as the “Jiaolong” deep-sea submersible experience capsule and next-generation humanoid robots. I believe visitors will be deeply impressed by the traditional cultural elements and modern technological breakthroughs.From overseas virtual tours to “China Travel,” a growing number of foreigners visit China to get a first-hand experience of the country. Latest data show that in the first three months of this year, China received 9.215 million foreign travelers, up by 40.2 percent year-on-year compared with last year. Among them, 71.3 percent entered China visa-free. This would have been impossible without China’s visa-free transit policy which allows foreign visitors to stay longer and travel more in China. It also relies on China’s streamlined visa application, “Buy Now, Refund Now” for efficient departure tax refunds, and other facilitation measures that make it easier to visit China.We welcome more foreign friends to visit China in this warm spring!"
 Lin Jian,04/16/25,TVT Brazil," Yesterday, Brazilian media informed that there is an intention of having an extraordinary meeting of BRICS trade ministers to discuss the U.S. tariffs among other topics. Would China confirm this possibility? And could you address the importance of the BRICS addressing this topic on the U.S. tariffs?","Lin Jian: As an important platform of cooperation for emerging markets and developing countries, BRICS advocates openness, inclusiveness and win-win cooperation, with the aim of realizing common development and prosperity. All BRICS countries oppose unilateralism, protectionism and economic bullying, and will work together to uphold the WTO-centered multilateral trading system and safeguard global economic stability. On the meeting you asked, I’d refer you to competent authorities."
 Lin Jian,04/15/25,CCTV," We noted that last weekend, the fifth China International Consumer Products Expo opened. Yesterday, the 2025 Global Industrial Investment Promotion Conference for the Hainan Free Trade Port was held. This morning, the 137th Canton Fair kicked off in Guangzhou. Some believe that amid the looming tariff and trade war, China has hosted multiple events, which shows its commitment to opening up. What’s your comment?","Lin Jian: I believe many from both Chinese and foreign media have noted recent events. The fifth China International Consumer Products Expo (CICPE) was attended by 65 Fortune Global 500 companies and over 4,100 consumer brands, a record high in its history. At the 2025 Global Industrial Investment Promotion Conference for the Hainan Free Trade Port during the CICPE, 265 projects were signed with an investment of about RMB 233.6 billion. At the Canton Fair that kicked off this morning, nearly 73,000 booths are dedicated to export-related displays and the number of exhibitors surpasses 30,000 for the first time. Moreover, the China Development Forum 2025 that was held not long ago attracted official representatives from 86 multinationals in 21 countries. The success of these events says a lot about the resolve and confidence of all parties in strengthening trade and economic cooperation and resisting unilateralism and protectionism.Being more and more open is China’s firm commitment to sharing development with the rest of the world. Since 2017, the negative list for foreign investment has been shortened from 93 to 29 items nationwide, and all restrictions on access in the manufacturing sector have been removed. Last year, 59,000 foreign-invested companies were newly established in China, up by 9.9 percent year-on-year. According to the latest data released by competent authorities yesterday, China’s total import and export of goods reached RMB 10.3 trillion in the first quarter, of which exports exceeded RMB 6 trillion with a relatively fast growth of 6.9 percent.China is the world’s market and a source of opportunities for every country. In a world full of uncertainties, China will continue to seek joining hands rather than throwing punches, removing barriers rather than erecting walls, and promoting connectivity rather than decoupling. We will further expand the trade network, be an even stronger magnet for investment, and provide stability and positive energy to the world economy through high-quality development and high-standard opening up."
 Lin Jian,04/15/25,AFP, There have been reports in the last few days that Google Maps now shows the name “West Philippine Sea” for the body of water next to the Philippines where previously it only showed the South China Sea. Does China have any comment on this apparent change by Google?  ,"Lin Jian: Let me point out that “South China Sea” is the geographic name that has long been used, recognized and accepted by the international community, including countries worldwide and international organizations such as the UN."
 Lin Jian,04/15/25,Ukrinform News Agency," Two Chinese nationals, who were fighting as part of the occupying Russian army and were captured by Ukrainian defense forces in the Donetsk region, yesterday at a briefing in Kyiv have declared their readiness for a prisoner exchange and appealed to the Chinese government to bring them back home. Would the Ministry like to comment on this?","Lin Jian: China’s position on relevant issue is very clear. We’ve issued multiple security alerts to ask Chinese nationals to stay away from areas of armed conflict, avoid any form of involvement in armed conflict, and in particular avoid participation in any party’s military operations. We are verifying relevant information. With regard to the personal behavior and individual consular cases involving Chinese nationals overseas, China will handle that in accordance with the law. China’s position on the issue of the Ukraine crisis is consistent and clear. We have all along been committed to promoting talks for peace and ending the conflict. We urge relevant parties to have a correct and clear understanding of China’s objective and just position and refrain from political manipulation and hype.  "
 Lin Jian,04/15/25,Hubei Media Group, It’s reported that Dominican Interior Minister Faride Raful said on April 14 that the death toll from the roof collapse in the capital of the Dominican Republic has risen to 231. What’s China’s comment? Has China sent sympathies to the Dominican side?  ,"Lin Jian: China sent deep sympathies to the Dominican Republic. We mourned for the lives lost, and our thoughts are with the bereaved families and the injured. We hope those who are injured get well soon. "
 Lin Jian,04/15/25,AFP, The Harbin Public Security Bureau said today they implicated three U.S. agents in cyberattacks during the Asian Winter Games earlier this year. I just wonder if the Ministry would like to comment on this case.,"Lin Jian: We noted the reports. We previously made clear China’s position more than once. At the ninth Asian Winter Games, the U.S. government conducted cyberattacks on the information systems of the Games and the critical information infrastructure in Heilongjiang. This move is egregious for it severely endangers the security of China’s critical information infrastructure, national defense, finance, society and production as well as its citizens’ personal information. China condemns the above-mentioned malicious cyber activity by the U.S. government.China raised concerns with the U.S. through various means about its cyberattacks on China’s key infrastructure. We urge the U.S. to take a responsible attitude on the cybersecurity issue, and stop any attack, including cyberattack, and groundless vilification against China. China will continue to do what is necessary to protect its own cybersecurity. "
 Lin Jian,04/15/25,Beijing Youth Daily," advancing towards more in-depth and effective implementation.” Can you share with us how the effect of national security education is reflected in diplomatic work, and how to ensure diplomatic work help keep the country secure and the world peaceful and tranquil?","Lin Jian: After the 18th CPC National Congress, the CPC Central Committee with Comrade Xi Jinping at its core put forward a new holistic approach to national security, providing the fundamental principle and guidance for national security work in the new era. Over the past few years, various education activities have been held around the country for people to gain a deeper understanding of this thinking, and increase awareness and sense of responsibility for national security.We in the foreign service are staunch defenders of and active contributors to national security. We work hard to deepen our understanding of and closely follow the holistic approach to national security, actively carry out national security education, and take concrete actions to fulfill our responsibility and mission of defending national security through diplomatic work. We firmly safeguard national sovereignty, security and development interests with strong determination and strenuous effort, and stand against any external pressure, threats and coercion. We have actively advanced the Global Security Initiative, promoted international security cooperation, and worked with various parties to jointly address traditional and non-traditional security challenges, improve global security governance, and make the world as a whole a safer place.As we embark on the new journey, China’s diplomacy will continue to apply the holistic approach to national security in our diplomatic work, and aim to firmly defend national sovereignty, security and development interests, advance the Global Security Initiative, hold high the banner of building a community with a shared future for mankind, and work with other countries to build a beautiful world that enjoys lasting peace and universal security."
 Lin Jian,04/15/25,Bloomberg," The U.S. Treasury Secretary recently described China’s investments in certain Global South countries as “rapacious,” saying they take the countries’ mineral rights and leave them with debts on their balance sheets. Does the Foreign Ministry have any comment on those remarks?","Lin Jian: China is always an important member of the Global South and stays committed to promoting solidarity and revitalization of the Global South. The economic and trade cooperation between China and Global South countries as well as other countries follows international rules and market rules, and is characterized by complementarity and mutual benefit. The cooperation not only improves the well-being of the people in developing countries, but also promotes economic transformation and upgrading in these countries, thus bringing tangible benefits to countries’ prosperity and development and people’s lives.  I noted that the U.S. official you mentioned made those remarks in Latin America. Let me point out that China carries out practical cooperation with countries in Latin America and the Caribbean (LAC) on the basis of mutual respect, equality and mutual benefit, which greatly boosted socioeconomic development in LAC countries and was welcomed and commended by them. The U.S. long-term bullying and plundering has left Latin America with open veins. The U.S. is not in the position to point fingers at the cooperation between China and LAC countries."
 Lin Jian,04/14/25,CCTV," The world is closely following the devastating impact of the Trump administration’s tariff hikes on other countries. As two major economies in the world, China and the EU have recently had quite a lot of high-level exchanges. Could you share with us the communication and coordination between China and the EU on additional U.S. tariffs?","Lin Jian: The U.S. uses tariff as a weapon to exert maximum pressure and seek selfish gains, and puts its own interests over the public good of the international community. This is a typical move of unilateralism, protectionism and economic bullying, which severely hurts the interests of China, the EU and the rest of the world.As the second and third largest economies, China and the EU collectively account for over one third of the global economy and more than a quarter of global trade. Both sides are advocates of economic globalization and trade liberalization, and firm defenders and supporters of the WTO. The head of the EU underscored the vital importance of stability and certainty for a sound global economy. China and the EU are committed to a fair, free and WTO-centered multilateral trading system, and the sound and steady development of global trade and economic relations, which is in the interest of both sides and the rest of the world.As a responsible major country, China has already taken resolute measures and will continue to do so to safeguard its legitimate interests. China stands ready to work with the international community, including the EU, to step up communication and coordination, share development opportunities, expand opening up and cooperation, and achieve mutual benefits. We will not only safeguard respective interests, but also defend international trade rules, fairness and justice."
 Lin Jian,04/14/25,China-Arab TV, The U.S. kept changing its tariffs policy and for now granted exemption on part of Chinese imports. What’s China’s view? Will China cut tariffs correspondingly?,"Lin Jian: The spokesperson of the Ministry of Commerce has made clear China’s view on this. Facts have shown and will continue to show that there are no winners in a trade war or a tariff war and protectionism will lead nowhere. The tariff tsunami hurts the U.S. itself as well as other countries. We urge the U.S. to quit maximum pressure and resolve issues through dialogue on the basis of equality, respect and mutual benefit."
 Lin Jian,04/14/25,China News Service,  recently said China will take firm countermeasures against the U.S.’s additional visa restrictions on Chinese officials determined to be substantially involved in the formulation or execution of policies related to access for foreigners to “Tibetan Areas.” Could you share more details on these countermeasures?,"Lin Jian: Xizang affairs are purely China’s internal affairs. The U.S.’s arbitrary visa restrictions on Chinese officials under the pretext of the Xizang-related issues violate international law and basic norms governing international relations. In accordance with the Law on Foreign Relations of the People’s Republic of China and the Anti-Foreign Sanctions Law of the People’s Republic of China, China decided to impose visa restrictions on U.S. personnel who have acted egregiously on the Xizang-related issues.Xizang is an open region. We welcome friends from foreign countries to visit, travel and do business in China’s Xizang region. At the same time, we oppose any country or individual using human rights, religion and culture as a false pretext to meddle in Xizang affairs. We oppose interference and sabotage by people with ill motives who would use visits to Xizang as an opportunity to engage in such activities.  "
 Lin Jian,04/14/25,Antara," Indonesia and China celebrated the 75th anniversary of the establishment of diplomatic relations yesterday on April 13th. In his exchange of congratulatory messages with President Prabowo Subianto, the Chinese leader stated that we should enrich the China-Indonesia community with a shared future and it serves as a model of solidarity between major developing countries. My question is, amid the current complex and turbulent international landscape, what opportunities can be further explored to deepen cooperation between the two countries?","Lin Jian: Yesterday marked the 75th anniversary of diplomatic ties between China and Indonesia. President Xi Jinping and President Prabowo Subianto exchanged congratulatory messages, spoke highly the development of bilateral ties, and stressed that they will firmly support each other’s national development outlook, jointly advance along our respective modernization path, and lead the relationship to new heights. We have full confidence in a better future of the growth of China-Indonesia relations.Both China and Indonesia are major developing countries and important forces in the Global South. The cooperation between the two countries has strategic significance and global influence. Amid increasing turbulence in the international landscape, the all-round strategic cooperation between China and Indonesia is all the more important. As we celebrate the 75th anniversary of our diplomatic ties, China stands ready to work with Indonesia to jointly uphold regional development, prosperity and stability, work for closer coordination between major countries in response to global challenges, keep the multilateral trading system and industrial and supply chains stable and smooth, and demonstrate the influence of China-Indonesia community with a shared future in the region and the world at large."
 Lin Jian,04/14/25,China Daily," In his remarks at the 2025 Central American Security Conference in Panama City, U.S. Defense Secretary Pete Hegseth blatantly peddled the “China threat” narrative and made aggressive remarks on China’s military and companies. He said the U.S. must prevent war by robustly and vigorously deterring China’s threats in the Western Hemisphere. Deputy Secretary Landau made clear to El Salvador the importance of collaboration on 5G, cybersecurity, and AI, and stressed the need to prevent China from accessing it by only allowing trusted vendors. What’s China’s comment?","Lin Jian: The remarks of relevant U.S. officials are steeped in ideological bias and the Cold War mentality. There is not a single word of truth in them. Who sees Latin America and the Caribbean as a backyard and forces the “Neo-Monroe Doctrine” on them? Who keeps pointing fingers at the domestic affairs of these countries? Who’s been coercing them with tariff threats? Who’s engaged in massive global surveillance? Who’s got military bases all over the Western Hemisphere? Who’s letting small arms and light weapons and ammunition flow into Latin America and the Caribbean as a Zone of Peace? The world knows full well the answer to these questions.China’s cooperation with Latin American and Caribbean countries is South-South cooperation. It is always aimed at giving each other support and never driven by geopolitical calculations. China is committed to equality and mutual benefit in engaging with these countries and never seeks sphere of influence or targets any third party. The U.S. keeps vilifying China and peddling the so-called “China threat” in order to cook up a pretext to justify their action to control countries in this region, yet they will never succeed. "
 Lin Jian,04/14/25,AFP, Russia launched a missile attack against the Sumy region in Ukraine yesterday. U.S. President Donald Trump called it “terrible” while other leaders have also condemned that. What’s China’s response?,Lin Jian: China’s stance on the Ukraine crisis is consistent and clear. Dialogue and negotiation is the only way out of the crisis.
 Lin Jian,04/14/25,AFP, The UK government this weekend said that it was taking control of British Steel from the Chinese company Jingye. The UK’s Business Secretary Jonathan Reynolds also said that it was “naive” for Britain to allow the steel industry to fall into Chinese hands. Does the Foreign Ministry have a comment on the takeover and then also on the Business Secretary’s comments on the deal?,"Lin Jian: As I understand, the Jingye Group you mentioned is a private Chinese enterprise that has business cooperation with the UK side on the basis of market principles. As for the current difficulties arising in the operation of British Steel, the two sides should resolve them through consultations in the principle of mutual benefit. We hope that the British government will treat Chinese companies investing and operating in the UK in a fair and just manner, protect their legitimate rights and interests, and refrain from turning economic and trade cooperation into political and security issues lest it should undermine the confidence of Chinese companies in their normal investment and operation in the UK."
 Lin Jian,04/14/25,Shenzhen TV," Last week, Spanish Prime Minister Pedro Sánchez visited China, which received extensive and close attention. When speaking to the press during the trip, he noted that the aim of the visit is to consolidate Spain’s relations with China and enhance dialogue and cooperation with China. He also stressed that Spain and the EU support free trade and stand ready to work with China to address global challenges. What’s your comment on the visit by Prime Minister Sánchez? ","Lin Jian: This is Prime Minister Sánchez’s third visit to China within three years. The visit is a great success and demonstrates the firm willingness and determination of China and Spain to further grow the bilateral ties. During the visit, President Xi Jinping met with Prime Minister Sánchez and Premier Li Qiang had talks with him. Leaders of the two countries had friendly and in-depth exchanges of views. The two sides jointly issued the Action Plan for Strengthening the Comprehensive Strategic Partnership, and proposed to build a more strategically resilient and dynamic comprehensive strategic partnership, to better serve the well-being of both peoples, inject impetus into China-EU relations, and make greater contributions to world peace, stability, and development.Leaders of the two countries had in-depth and strategic communication on the growth of bilateral relations. They agreed to continue to respect and support each other. Spain reaffirmed its commitment to the one-China principle. They stressed the importance of leveraging their complementarity in cooperation, strengthening cooperation in trade, investment and other traditional areas, and tapping the potential in emerging areas like new energy, artificial intelligence and digital economy. They underscored the need to explore the rich historical heritage of the two ancient civilizations, give a stronger boost to cooperation in such areas as culture, education, youth exchange and tourism, and carry forward the deep bond between the two peoples fostered through the Olympics and panda cooperation.They also exchanged views on China-EU relations, and international and regional issues of mutual interest. They stressed the need to boost the steady development of China-EU relations, and stay committed as each other’s partner for mutually beneficial cooperation. Both China and Spain are positive supporters of multilateralism and open cooperation. It is important for the two sides to uphold free trade and steady global economic order.President Xi Jinping noted that as the international situation gets more complex and volatile, it is increasingly important for China and Spain to develop sound and stable relations. China stands ready to work with the international community, including Spain, to firmly stand on the right side of history, be a firm defender of multilateralism, international order and rules, firmly oppose unilateralism and protectionism, jointly pursue openness and cooperation, defend the common interests of the international community and provide more confidence and driving force for world development and prosperity."
 Lin Jian,04/14/25,AFP, The UK’s Foreign Secretary David Lammy said that he was deeply concerned after a British Member of Parliament was denied entry to Hong Kong last week. He said he would raise the issue with the Chinese authorities. I just wonder if the Foreign Ministry could say why this MP was denied entry or provide any more details. And also what’s the Ministry’s response to the UK Foreign Secretary’s concerns?,Lin Jian: The Hong Kong SAR government has stated its position on that. Let me stress that border entry is a matter within a country’s sovereignty. The Hong Kong SAR government has the authority to handle individual cases of entry in accordance with relevant laws and policies.
 Lin Jian,04/11/25,CCTV," You just announced President Xi Jinping’s state visit to Viet Nam, Malaysia, and Cambodia, which is his first overseas visit this year. Could you share with us the program and China’s expectation of growing its relations with Viet Nam, Malaysia and Cambodia? ","Lin Jian: Neighboring countries are China’s priority in its diplomacy. China and Southeast Asian countries are good neighbors, good friends and good partners with a shared future. The central conference on work related to neighboring countries was successfully convened recently. The meeting made it very clear that China will continue to follow the principle of amity, sincerity, mutual benefit and inclusiveness in its neighborhood diplomacy, engage in friendly cooperation, enhance mutual understanding and trust and jointly pursue development and revitalization with its neighbors. The upcoming visit will be President Xi’s first overseas trip this year, and bears major importance for China’s relations with the three countries and ASEAN as a whole. It will also inject new impetus into the peace and development of the region and the world.China and Viet Nam are socialist friends and neighbors. Both countries are advancing the cause of reform and transformation that suit their own national conditions and strengthening solidarity and cooperation serves the shared interests of both sides. At the end of 2023, General Secretary and President Xi Jinping paid a historic visit to Viet Nam, guiding our bilateral relations to open up a new chapter of a China-Viet Nam community with a shared future. Since last year, General Secretary Xi Jinping and General Secretary To Lam have maintained strategic communication. There have been close exchanges between various departments and localities and fruitful outcomes in cooperation in various fields between both sides, which delivers tangibly for the two peoples.This visit comes on the occasion of the 75th anniversary of the establishment of diplomatic relations between China and Viet Nam, which presents a historic opportunity to build on what has been achieved and take the relationship into the next chapter. During the visit, General Secretary Xi Jinping will hold talks with General Secretary To Lam, meet with Viet Nam’s President Luong Cuong, Prime Minister Pham Minh Chinh and Chairman of the National Assembly Tran Thanh Man. Taking this visit as an opportunity, China looks forward to working with Viet Nam to consolidate our traditional friendship as comrades and brothers, enhance strategic mutual trust, deepen practical cooperation, work for sustained and steady progress in the building of the China-Viet Nam community with a shared future and make greater contributions to the building of a community with a shared future for mankind.China and Malaysia are important developing countries and emerging economies in the Asia-Pacific. In recent years, under the strategic guidance of the leaders of the two countries, the relationship between China and Malaysia has maintained high-level development. Both sides have had frequent high-level interactions, continued to consolidate political mutual trust, achieved fruitful outcomes in practical cooperation, conducted various cultural and people-to-people exchanges and engaged in close and effective multilateral coordination, setting an example of mutual understanding and win-win cooperation between neighboring countries. In 2023, the two countries announced the decision to build a China-Malaysia community with a shared future and open up a new chapter in the bilateral relations.This visit will be President Xi Jinping’s second visit to Malaysia in 12 years, which marks an important milestone in promoting the upgrading of the relations between China and Malaysia. During the visit, President Xi Jinping will meet with King Sultan Ibrahim and hold talks with Prime Minister Anwar Ibrahim. Through this visit, China hopes to further step up political and security cooperation, further align development strategies, have closer cultural exchanges and mutual learning, strengthen coordination on regional and international issues, move the bilateral relations towards the direction of building a high-level strategic China-Malaysia community with a shared future and make new contributions to the strength through unity of the Global South and peace, stability and development in the region.Cambodia is China’s traditionally friendly neighbor and iron-clad friend. Under the strategic guidance of President Xi Jinping and the leader of Cambodia, the building of the China-Cambodia community with a shared future has entered a new era featuring high quality, high level and high standard. In recent years, China and Cambodia have continued to deepen strategic mutual trust, enrich the “Diamond Hexagon” cooperation framework, make steady progress in the building of the Industrial Development Corridor and the “Fish and Rice Corridor”, achieve fruitful outcomes in cooperation across the board, and all this delivers tangibly for the two peoples.This will be President Xi Jinping’s second visit to Cambodia in nine years. During the visit, President Xi will meet with King Norodom Sihamoni and Queen Mother Norodom Monineath Sihanouk respectively, meet with President of the Cambodian People’s Party and President of the Senate Samdech Techo Hun Sen and hold talks with Prime Minister Hun Manet. The two sides will have discussions on the elevation and new characterization of the bilateral relations and have an in-depth exchange of views on five areas including political mutual trust, mutually beneficial cooperation, security, cultural and people-to-people exchanges and strategic coordination. We believe that President Xi’s visit will enrich the China-Cambodia community with a shared future with new features of the new era and enable the comprehensive strategic cooperative partnership to produce more positive outcomes and bring more benefits to the two peoples."
 Lin Jian,04/11/25,Dragon TV," It’s reported that when meeting with Secretary General of the North Atlantic Treaty Organization (NATO) during his visit to Japan on April 9, Japanese Prime Minister Ishiba said a strong NATO benefits Japan, and Japan will continue to play a leading role in deepening cooperation between NATO and the partners in the Indo-Pacific. The two sides made negative remarks related to China on the issues of the East China Sea, the South China Sea and the situation across the Taiwan Strait in the joint statement. What’s China’s comment?","Lin Jian: We noted this. Japan colluded with NATO to groundlessly interfere in China’s domestic affairs, act as a scaremonger in the region, and incite antagonism and confrontation. China deplores and opposes this.The Asia-Pacific, a stellar example of cooperation and development, does not need military blocs, major-country confrontation or groupings that trumpet a new Cold War. As a regional defensive organization, NATO should not reach beyond its geographical scope and mandate defined by its treaty. Due to historical reasons, Japan’s military and security moves have been closely watched by its Asian neighbors and the international community. This year marks the 80th anniversary of the victory in the Chinese People’s War of Resistance Against Japanese Aggression and the World Anti-fascist War. Japan should learn from history, stay committed to the path of Asia-Pacific cooperation, and play a constructive role in upholding and promoting peace, stability, development and prosperity in the region and beyond. Spearheading NATO’s drift into the Asia-Pacific will not do Japan any good."
 Lin Jian,04/11/25,China Daily, It’s reported that experts pointed out that the U.S.’s shiprider agreements with Fiji and other Pacific Island countries only grant the U.S. privileges and are not equal. These agreements provide a backdoor for the U.S. to arbitrarily inspect Chinese fishing boats in the waters of Pacific Island countries. What’s China’s comment?,"Lin Jian: China noted the shiprider agreements signed between the U.S. and related Pacific Island countries. According to UNCLOS, the sovereign right, relevant law enforcement right and jurisdiction concerning fishery matters belong exclusively to the coastal states. By signing shiprider agreements with some Pacific Island countries, the U.S. gets a major say and could even take over in these countries’ coastal law enforcement, putting a serious dent in the maritime legal order provided by UNCLOS. Despite the ostensible reciprocal expressions in some agreements, relevant Pacific Island countries have no capability at all to exercise the same rights as the U.S. does. It’s essentially the U.S. that solely benefits from the agreements.China always respects the sovereign rights and exclusive jurisdiction that coastal states enjoy in their exclusive economic zones in accordance with international law, fully fulfills flag state’s obligations, exercises strict supervision over distant-water fisheries, and carries out cooperation on the conservation and use of fisheries resources with relevant countries on the basis of equality and mutual benefit. China opposes any country resorting to political manipulation, interfering in other countries’ affairs or driving a wedge between other countries under the pretext of combating the so-called illegal, unreported and unregulated fishing."
 Lin Jian,04/11/25,AFP, Taiwanese prosecutors have said that they have charged a Chinese cargo ship captain for violating the telecommunications management act by destroying submarine cable-related facilities. Does China have a response to this latest development?,Lin Jian: This is not a question related to foreign affairs.
 Lin Jian,04/11/25,Global Times, It’s reported by American media that Chinese officials indicated to their U.S. counterparts at a China-U.S. dialogue on cybersecurity last December that it was behind cyber attacks on key U.S. infrastructure and linked it to the U.S.’s support for Taiwan. Top Trump administration officials have said the U.S. will pursue more offensive cyber strikes against China. What’s China’s comment?,"Lin Jian: This report is filled with lies and misinformation highly inconsistent with facts.When it comes to “Volt Typhoon,” China has clearly denied the U.S.’s groundless accusations on various occasions. We shared with the U.S. side the reports released by Chinese cybersecurity institutions and pointed out the relevant cases are just vilification and scapegoating against China by U.S. intelligence institutions. China has made it rather clear to the U.S. on various occasions that China opposes the U.S. using the cyber issues to interfere in China’s internal affairs and America’s attempt to use the Taiwan question to contain China is doomed to failure.Let me stress that China has clearly expressed concerns to the U.S. in multiple ways on the U.S. administration authorizing the Pentagon to conduct cyberattacks on other countries of their own accord, on America’s cyberattacks on China’s key infrastructure, the cyber and military cooperation between the U.S. and Taiwan and other issues. We have asked the U.S. to take a responsible attitude and avoid miscalculation. China will take what is necessary to safeguard its own cybersecurity."
 Lin Jian,04/11/25,AFP, The White House has confirmed now that many Chinese imports into the United States face cumulative tariffs of up to 145 percent. Does the Chinese side have any response to this? And will China raise import tariffs again on imported American goods?,"Lin Jian: China has repeatedly stated its solemn position on the tariff issue. Tariff and trade wars have no winner. China does not want to fight these wars but is not scared of them. Let me stress that if the U.S. truly wants to resolve the issue through dialogue and negotiation, it should stop maximum pressure and capricious and destructive behavior. This never works with China. For any dialogue to happen, they must be based on equality, respect and mutual benefit. If the U.S. is determined to fight a tariff and trade war, China’s response will continue to the end.China is a responsible country. We’ve taken countermeasures against the bullying behavior of the U.S., not only to safeguard our legitimate rights and interests, but also to uphold international rules and order, the common interests of countries in the world, and international fairness and justice. In the face of U.S. hegemony and bullying, remember this: give the bully an inch, he will take a mile."
 Lin Jian,04/11/25,AFP, I’m just wondering if the Chinese side can give any updates on the visit by Spanish Prime Minister Pedro Sanchez to Beijing today?,Lin Jian: Relevant information will be released in due course. Please stay tuned.
 Lin Jian,04/10/25,CCTV," Recently, President Xi Jinping sent a message of congratulations to the ninth Summit of the Community of Latin American and Caribbean States (CELAC), noting that China-Latin America relations have entered a new stage that features equality, mutual benefit, innovation, openness, and benefits for the people. He also welcomed CELAC member states to attend the fourth Ministerial Meeting of the China-CELAC Forum in Beijing. Could you share more information with us?","Lin Jian: Latin America and the Caribbean is an important part of the Global South and active participant in and contributor to global governance. CELAC is an important platform for regional countries to strengthen solidarity and coordination in addressing global challenges. In July 2014, President Xi Jinping and leaders of LAC countries jointly announced the establishment of the China-CELAC Forum. The inaugural ministerial meeting of the forum was successfully held in Beijing in January 2015, marking the official launch of the forum. Over the past decade, the forum has flourished with increasingly mature mechanisms and has become an important platform for enhancing political mutual trust, aligning development strategies, and promoting people-to-people connectivity between China and LAC countries. It has played a positive role in bringing the China-Latin America relations into this new stage that features equality, mutual benefit, innovation, openness, and benefits for the people.As changes of the world, of history, and of the times unfold at an unprecedented pace and uncertainties, instabilities and unpredictability in the world are notably increasing, the fourth ministerial meeting of the forum will enable the two sides to discuss development strategies, jointly address challenges, amplify the Global South’s collective voice for solidarity and self-reliance, and provide stability and positive energy for a world of turbulence. China and LAC countries are actively advancing preparations for the meeting, and relevant information will be released in a timely manner. Please stay tuned."
 Lin Jian,04/10/25,AFP, President Donald Trump has paused tariffs now on most countries but has raised duties on China to 125 percent. He also said China has shown a lack of respect and what is China’s response to this treatment? And will China announce further rises in its own tariffs on U.S. imports?,"Lin Jian: The U.S. uses tariff as a weapon to exert maximum pressure for its own selfish gains, which severely hurts the legitimate rights and interests of all countries, violates the WTO rules, sabotages the rules-based multilateral trading regime, and destabilizes the global economic order. The U.S., in defiance of global criticism, is pitching itself against the rest of the world. China has taken necessary countermeasures against the U.S.’s bullying acts in order to safeguard its own sovereignty, security and development interests, and more importantly, to uphold international fairness and justice and the multilateral trading regime, and protect the common interests of the international community. A just cause enjoys the support of many. America’s move that goes against the trend of the times will find no support and end up in failure.Let me stress once again that tariff and trade wars have no winner. China does not want to fight these wars but is not scared of them. We will not sit idly by when the Chinese people’s legitimate rights and interests are denied or when the international trade rules and the multilateral trading regime are undermined. If the U.S. is determined to fight a tariff and trade war, China’s response will continue to the end. If the U.S. puts its own interests over the public good of the international community and sacrifices all countries’ legitimate interests for its own hegemony, it will for sure meet stronger opposition from the international community."
 Lin Jian,04/10/25,AFP, President Volodymyr Zelenskyy has said that Ukraine knows the personal details of 155 Chinese nationals who are fighting for Russia in its invasion of Ukraine. China yesterday denied that large numbers of citizens have been recruited by the Russian army. Does China therefore think that President Zelenskyy is somehow lying or mistaken?,"Lin Jian: Let me reaffirm that China did not start the Ukraine crisis, nor is China a party to it. We firmly support and actively strive for peaceful settlement of the crisis. The Chinese government always asks Chinese nationals to stay away from areas of armed conflict, avoid any form of involvement in armed conflict, and in particular avoid participation in any party’s military operations. We call on the relevant party to be right and sober about China’s role rather than make irresponsible remarks."
 Lin Jian,04/10/25,Anadolu Agency," About the tariff issue, U.S. President Donald Trump said China wants to have a deal but they don’t know how quite to go about it. What do you think that means? And are there any contacts between the U.S. and China on the issue? (A similar question was asked by Reuters.)","Lin Jian: The U.S. is still abusing tariffs on China. China firmly rejects and will never accept such hegemonic and bullying move. Intimidation, threat and blackmail are not the right way to engage with China. If the U.S. truly wants to talk, it should let people see that they’re ready to treat others with equality, respect and mutual benefit. If the U.S. decides not to care about the interests of the U.S. itself, China and the rest of the world, and is determined to fight a tariff and trade war, China’s response will continue to the end."
 Lin Jian,04/10/25,The Paper," Since the outbreak of the earthquake in Myanmar on March 28, China has made an all-out effort to assist in Myanmar’s rescue and relief work, which is well received by the people in Myanmar and the international community. Could you share more details on China’s assistance and next steps?","Lin Jian: Since the outbreak of the earthquake, Chinese rescue forces have rallied around and saved lives against time. China was the first country that announced emergency assistance to Myanmar, sent rescue forces to the country, and set up settlement centers in the affected areas. The Chinese rescue team found the first trapped survivor. More than 30 rescue teams of over 600 members rushed to Myanmar for rescue work and we offered several batches of supplies, which demonstrates China’s speed, contribution and kindness. This is warmly welcomed and appreciated by the people in Myanmar.Myanmar’s disaster response work has moved to epidemic prevention and control, as well as recovery and reconstruction. As a friendly neighbor and “pauk-phaw” brother, China has decided to send another batch of emergency humanitarian supplies, which include the most needed refined oil, prefabricated houses, operating rooms, medicines, and vaccines. China will also dispatch medical and epidemic prevention experts for treatment and disinfection, as well as experts to examine, assess, reinforce, and repair affected buildings and cultural relics.A merciless disaster brings the best out of humanity. China will continue to promote the China-Myanmar “pauk-phaw” friendship, uphold the spirit of the China-Myanmar community with a shared future, help the people in Myanmar overcome difficulties and rebuild their homes."
 Lin Jian,04/10/25,EFE, What’s China’s response to U.S. Treasury Secretary Scott Bessent saying that Spain getting closer to China is like “cutting your own throat”?,"Lin Jian: Speaking of “cutting the throat,” the U.S. threat and blackmail against the rest of the world with tariffs is a real attempt to choke the throat of other countries and bully them into making a compromise or concessions.The relationship between China and Spain is a vital component of the relations between China and the EU. Last year, the total trade between China and Spain topped US$50 billion and Spain’s exports to China grew by 4.3 percent. In recent years the bilateral cooperation on the new energy industry has boosted green and low-carbon development. The two countries maintain communication in the multilateral cooperation and jointly uphold the international system with the UN at its core and the WTO-centered multilateral trading system. Just like the friendly ties between China and other countries, the cooperation between China and Spain always serves as a driving force for both countries’ economic growth delivers tangibly for the two peoples, and contributes to world stability and development."
 Lin Jian,04/10/25,AFP," I’d like to return to President Zelenskyy’s comments from yesterday and he was very specific when he was talking about the number, the Chinese nationals allegedly fighting for Russia, 155 Chinese nationals. I’m wondering if that number had been raised privately with Chinese diplomats. Is China in the process of verifying the actual number of its citizens that are allegedly fighting as mercenaries for Russia in its invasion of Ukraine? And President Zelenskyy also said that the actions of these citizens in Russia show that Moscow is attempting to drag China into the Ukraine war. What’s China’s response to that?","Lin Jian: Regarding your question, I have nothing to offer. Let me stress that, on the Ukraine issue, China holds an objective and just position and always calls for deescalation and ceasefire while promoting peace talks, as the world can see. The relevant party needs to be right and sober about China’s role and refrain from making irresponsible remarks."
 Lin Jian,04/10/25,AFP," China has reminded its nationals to make a full assessment of the risks before traveling to the United States. Can you elaborate or provide any details about the potential threats that Chinese nationals may face there, which have prompted this guidance?",Lin Jian: The situation you mentioned is caused by the U.S.’s hegemonic and bullying acts of exerting maximum pressure. These actions have weakened the social and public foundations of China-U.S. relations and have hindered exchanges and cooperation between the two countries in multiple fields. China will continue to take strong measures to safeguard its own legitimate rights and interests.
 Lin Jian,04/10/25,Reuters, Trump has signed an executive order that levies U.S. port docking fees on any ships whose fleet has Chinese-built or Chinese-flagged vessels and that’s aimed at reducing Chinese dominance of the global shipping industry. Do you have any comment on that?,"Lin Jian: The development of China’s shipbuilding industry is a result of companies’ tech innovation and active participation in market competition, which greatly contributes to global trade and the stable and secure operation of the global industrial and supply chains. Various U.S. studies show that the U.S. shipbuilding industry lost its competitive advantage many years ago due to over-protection. Blaming the U.S.’s own industrial woes on China lacks factual basis and economic common sense. America’s domineering practice of unilateralism and protectionism will find no support but only push up global maritime shipping costs, destabilize global industrial and supply chains, harm the interests of all countries, and ultimately fail to revitalize the U.S. shipbuilding industry."
 Lin Jian,04/10/25,The Voice of Viet Nam," As far as I know, Chinese leader will start his visit to Viet Nam, Malaysia and Cambodia next week. Against the backdrop of a complex and volatile international landscape, is there any special objective for this visit? Will any cooperation agreements be signed in Viet Nam?","Lin Jian: China and Southeast Asian countries, including Viet Nam, are good neighbors connected by mountains and rivers and sharing close cultural bond. We are also good partners with intertwined interests and a shared future. Regarding the specific visit you asked about, I have no information to share at the moment. Please stay tuned."
 Lin Jian,04/09/25,Beijing Youth Daily," It’s reported that during his visit to Panama, U.S. Defense Secretary Pete Hegseth said on April 8 that China’s control of critical infrastructure in the Panama Canal area gave Beijing the power to conduct spying activities across Panama, making Panama and the United States less secure, less prosperous and less sovereign. He said that the U.S. will not allow communist China or any other country to threaten the canal’s operation or integrity. Together with Panama in the lead, the U.S. will take back the Panama Canal from China's influence and keep the canal secure and available for all nations. What’s China’s comment?","Lin Jian: The U.S. senior official maliciously attacked China, and vilified and sabotaged China-Panama cooperation, which once again lays bare America’s bullying and hegemonic nature. China firmly opposes it.It is so clear for all to see who wants to control the Panama Canal. The U.S. should take a hard look in the mirror to find out who is threatening other countries’ sovereignty, security and development. China calls on the U.S. to stop spreading rumors and making trouble, and stop linking China to the Panama Canal issue with ill intention to find an excuse for America’s attempt to control the canal.Meanwhile, let me stress that compromise and concession does not protect sovereignty or win respect, but will only embolden the bully."
 Lin Jian,04/09/25,Anadolu Agency," The U.S. will impose a 104 percent tariff on China beginning Wednesday, the White House said. Spokesperson said President Donald Trump believes China “has to make a deal” and “it was a mistake to retaliate.” It seems the U.S. will pursue the additional tariff raise. What will be China’s response?","Lin Jian: We will not let anyone take away the Chinese people’s legitimate right to development. We will not tolerate any attempt to harm China’s sovereignty, security and development interests. We will continue to take resolute and strong measures to safeguard our legitimate rights and interests."
 Lin Jian,04/09/25,Hubei Media Group," It was reported that the Japanese government issued the Diplomatic Bluebook 2025 on April 8, which identified Japan’s relations with China as one of the most important bilateral relationships for Japan, and said Japan will continue to promote the strategic relationship of mutual benefit and build constructive and stable relations with China. On the other hand, it still saw China as the biggest strategic challenge Japan has ever faced, and made groundless accusations regarding the situation in the East and South China Seas, China-Russia military cooperation and the security of Japanese citizens in China. What is China’s response?","Lin Jian: China noted this. Japan’s Diplomatic Bluebook for this year continued using the same old rhetoric to blame and vilify China, peddled the so-called “China threat” narrative, and interfered in China’s internal affairs. China firmly rejects this.China and Japan are important close neighbors. The sound and steady development of the bilateral relations serves the fundamental interests of both countries and peoples. We urge Japan to abide by the principles in the four political documents between China and Japan, have a right strategic perception of China, stop instigating and creating bloc confrontation, and act on its commitment of comprehensively advancing the China-Japan strategic relationship of mutual benefit and building a constructive and stable China-Japan relationship fit for the new era."
 Lin Jian,04/09/25,AFP," I want to come back on the tariffs question. You just said that China would take resolute actions in response to the new tariffs that have just come into effect today from the United States. Can you give any specific examples or any specific measures that will be enacted by China? Also, as my colleague just mentioned, President Trump has said China is “desperate for a deal.” Is that true? And at what point, if ever, would China refrain from imposing reciprocal like-for-like tariffs on the United States? (Similar question from Reuters)","Lin Jian: The U.S. is still abusing tariffs and exerting maximum pressure on China. China firmly rejects and will never accept such hegemonic and bullying move. If the U.S. truly wants to settle the issue through dialogue and negotiation, it should let people see that they’re ready to treat others with equality, respect and mutual benefit. If the U.S. decides not to care about the interests of the U.S. itself, China and the rest of the world, and is determined to fight a tariff and trade war, China’s response will continue to the end."
 Lin Jian,04/09/25,Ukrinform News Agency," President of Ukraine Volodymyr Zelenskyy said yesterday that Ukrainian soldiers engaged six Chinese military on the front line in eastern Ukraine. Two of them were captured. How would the Ministry of Foreign Affairs explain the participation of Chinese citizens in the Russian-Ukrainian war, and can you say whether Chinese Embassy in Kyiv are trying to establish contact with above-mentioned personnel?","Lin Jian: China is verifying the information with the Ukrainian side. Let me stress that the Chinese government always asks Chinese nationals to stay away from areas of armed conflict, avoid any form of involvement in armed conflict, and in particular avoid participation in any party’s military operations."
 Lin Jian,04/09/25,Xinhua News Agency," As the world economy faces severe challenges of rising unilateralism and trade war looms large on the prospects of global economic recovery, certain country’s tariff policy makes the international landscape more uncertain. Meanwhile, we noted that China remains a strong magnet for foreign investment, as evidenced by the recent intensive visits by foreign CEOs to China and the implementation of key projects. Some foreign media and multinationals’ senior executives said that leaving the Chinese market means letting go of a ticket to a decade of economic growth. Optimism for China, upward revision to China’s growth forecasts, and more investment in China have been frequently mentioned by the international business sector, which speaks to the world’s high expectation of the role of China’s economy as an engine. What’s your comment?","Lin Jian: No matter how the international landscape evolves, China’s economy has a solid foundation and sufficient driving forces for steady growth against the odds. With the strong leadership of the CPC Central Committee, the notable strengths of socialism with Chinese characteristics, a solid foundation built up from sustained rapid development, a super-sized market, a complete industrial system and more importantly, the concerted efforts of the 1.4 billion people, China has the confidence and capability to address various risks and challenges. External shocks cannot change China’s economic fundamentals with a stable foundation, numerous strengths, remarkable resilience and vast potential. Nor can they change the consistent trend of China’s steady progress in pursuing high-quality development and robust growth of new quality productive forces.China’s steady growth brings much-needed stability to the volatile world. China, the second largest economy, has remained the key engine contributing around 30 percent to the global economic growth for years running. As the second largest consumer market with the biggest middle-income population, China continues to unlock the potential of consumption, which turns more and more China’s demands into opportunities for the world. As China’s economy is driven by new quality productive forces, new technologies, products and business formats emerge at a faster pace, which help countries share the benefits of technology. China firmly upholds the rules-based multilateral trading regime, advances trade and investment liberalization and facilitation, and makes the pie of common development bigger. China honors its commitment to high-standard opening-up and continuously fosters a pro-business environment that is market-oriented, law-based and world-class so as to help foreign businesses benefit more from every percentage point of China’s economic growth.China stands ready to work with all parties to uphold true multilateralism, jointly oppose various forms of unilateralism and protectionism, defuse risks, address challenges and promote a universally beneficial and inclusive economic globalization."
 Lin Jian,04/09/25,EFE," Spanish Prime Minister Pedro Sánchez is visiting China amid an ongoing trade war between Beijing and Washington. What role does China believe Spain and the EU can play in mitigating the effects of this tension, or even in strengthening economic ties with Asia?","Lin Jian: Premier Li Qiang and President of the European Commission Ursula von der Leyen had a telephone conversation yesterday, sending a positive message to the world. Both China and the EU are advocates of economic globalization and trade liberalization, and firm defenders and supporters of the WTO. The two sides need to jointly safeguard free and open trade and investment, keep the global industrial and supply chains stable and unimpeded, and provide more stability and certainty to the economy of both sides and the world.Spain is an important economy in the EU. It is also an important cooperation partner of China in the EU. A China-Spain relationship enjoying strategic stability and committed to open cooperation and mutual benefit is conducive to the improvement and growth of China-EU relations."
 Lin Jian,04/09/25,AFP, President Zelenskyy has said that Ukraine has evidence that “many more Chinese citizens” are fighting alongside Russian forces in Ukraine. Does China know how many of its citizens may be helping Russia in its invasion and have Ukrainian officials previously raised this issue with the Chinese side?,"Lin Jian: Such claim has no basis in facts. China’s position on the issue of the Ukraine crisis is very clear and is widely recognized by the international community. The Ukrainian side needs to view correctly China’s effort and constructive role for the political settlement of the Ukraine crisis. As to your question on whether the two sides have communicated with each other, I have no information to offer on that."
 Lin Jian,04/09/25,AFP, I have another question with regard to China’s position on Ukraine. The Ukrainian Foreign Minister Andrii Sybiha has said that the capture of two purportedly Chinese soldiers “puts into question China’s declared stance for peace and undermines Beijing’s credibility as a responsible permanent member of the UN Security Council.” Does China agree that this incident contradicts its statements on finding a peaceful resolution to the conflict?,"Lin Jian: Like I said, China has all along upheld an objective and fair position on the issue of the Ukraine crisis. This is very clear. And China has been committed to ending the conflict and promoting talks for peace, which is clear to the international community. The Ukrainian side needs to view correctly China’s effort and constructive role for the political settlement of the Ukraine crisis."
 Lin Jian,04/09/25,Reuters, Sources tell Reuters that the Trump administration is considering softening its proposed fees on China-linked ships visiting U.S. ports after a flood of negative feedback from industries that said the idea could be economically devastating. U.S. Trade Representative Jamieson Greer told the U.S. Senate Finance Committee on Tuesday that not all of the agency’s proposed multimillion-dollar fees for Chinese built ships to dock at U.S. ports will be implemented. What is the Foreign Ministry’s comment on this softening of a policy that would affect Chinese vessels visiting U.S. ports?,"Lin Jian: We’ve stated our position on relevant questions. Imposing port fees and levying tariffs on cargo handling facilities hurt the U.S. itself as well as others. They will not only push up global maritime shipping costs and destabilize global industrial and supply chains, but also increase inflationary pressure in the U.S. and hurt the interests of American consumers and businesses. The practice will ultimately fail to revitalize the U.S. shipbuilding industry. We urge the U.S. to respect facts and multilateral rules, and stop its wrongdoings at once. China will do what is necessary to defend its lawful rights and interests."
 Lin Jian,04/09/25,Reuters," The U.S. National Counterintelligence and Security Center warned on Tuesday that Chinese intelligence is using deceptive methods to target current and former U.S. government employees for recruitment, including by “posing as consulting firms, corporate head hunters, think tanks and other entities on social and professional networking sites.” What is the Foreign Ministry’s response to this warning?","Lin Jian: I’m not familiar with what you mentioned. Let me point out that the U.S. has never stopped its espionage activities against China. It has also long been conducting massive surveillance and secret theft against its allies. The U.S. on the one hand blatantly carries out spying activities worldwide, yet on the other hand makes unwarranted accusation of spying threat against other countries. China firmly opposes this irresponsible move. "
 Lin Jian,04/08/25,CRI," On your announcement about Spanish Prime Minister Sánchez’s upcoming visit to China, could you share the arrangements for this visit? We noted that this will be Prime Minister Sánchez’s second visit to China in less than a year. How do you comment on the highly frequent high-level interactions between China and Spain?","Lin Jian: This visit marks Prime Minister Sánchez’s third trip to China within three years. During the visit, President Xi Jinping will meet with him, and Premier Li Qiang will hold talks with him.Spain is an important cooperative partner for China within the EU. The two sides have always adhered to the principles of mutual respect, mutual trust, and mutual benefit. Our bilateral relations are at the forefront of China’s ties with European countries. This year marks the 20th anniversary of the China-Spain comprehensive strategic partnership. China hopes to take this visit as an opportunity to deepen strategic mutual trust between the two sides, expand open cooperation, jointly address global challenges, and achieve new progress for the China-Spain comprehensive strategic partnership from a new starting point."
 Lin Jian,04/08/25,Anadolu Agency, U.S. President Donald Trump threatens China with additional 50 percent tariffs unless China cancels its retaliatory tariffs against the U.S. until April 8. What is China’s comment?,"Lin Jian: America’s abuse of tariffs severely infringes on the legitimate rights and interests of other countries, violates the WTO rules, undermines the rules-based multilateral trading system, and impact the stability of the global economic order. It’s a typical move of unilateralism, protectionism and economic bullying, which is widely opposed by the international community. China deplores and rejects it.Let me stress once again that trade and tariff wars have no winners, and protectionism leads nowhere. We Chinese are not troublemakers, but we will not flinch when trouble comes our way. Intimidation, threat and blackmail are not the right way to engage with China. China will take necessary measures to firmly safeguard its legitimate and lawful rights and interests. If the U.S. decides not to care about the interests of the U.S. itself, China and the rest of the world, and is determined to fight a tariff and trade war, China’s response will continue to the end."
 Lin Jian,04/08/25,China News Service," Recently, a think tank article stated that China and ASEAN are emerging centers of growing influence in East Asia. ASEAN-China relations are predicated on mutual and complementary needs, as exemplified by their vigorous and steadily growing trade relationship. These relations are sustained by common values. ASEAN-China relations are of vital importance not only for Asia but also the international community. Observers note that China-ASEAN cooperation is an exemplary model for China’s relations with neighboring countries. How do you view China’s cooperation with ASEAN and interactions with its neighboring countries?","Lin Jian: Over the 30-plus years since establishing dialogue relations, China and ASEAN have enjoyed steadfast, steady and robust cooperation, setting a model with the most dynamic and fruitful cooperation in the Asia-Pacific region and the world. For five consecutive years, China and ASEAN have been each other’s largest trading partners. In 2024, bilateral trade reached RMB 6.99 trillion, and the upgraded protocol for the China-ASEAN Free Trade Area Agreement 3.0 is expected to be signed within the year. Landmark projects such as the China-Laos Railway and Hanoi Metro Line 2 in Viet Nam have delivered tangible benefits to local communities. Digital empowerment and green development have become emerging areas where China supports ASEAN countries’ economic transition.  The China-ASEAN relations are a vivid illustration of China’s commitment to the principle of amity, sincerity, mutual benefit and inclusiveness in neighborhood diplomacy and a good-neighborly and friendly policy. The political mutual trust and convergence of interest between China and its neighbors have continued to deepen. China has reached common understandings with 17 neighboring countries on the building of a community with a shared future, signed an agreement on the Belt and Road cooperation with 25 neighboring countries and become the top trading partner of 18 countries in its neighborhood. Solid progress has been made in advancing major landmark projects of high-quality BRI cooperation. Small and smart livelihood projects have delivered tangibly for more people in China’s neighboring countries. Regional cooperation mechanisms including East Asian cooperation, the Lancang-Mekong cooperation, the China-Central Asia cooperation and the Shanghai Cooperation Organization have vigorously boosted the process of regional economic integration.We believe that harmony is key to a prosperous family in all endeavors. As a member of the Asian family, China will continue to treat its neighbors with friendliness and sincerity and jointly pursue reciprocity, mutual benefit, openness and inclusiveness, be rooted in and contribute to its neighborhood, ensure that more Asian people will benefit from the principle of amity, sincerity, mutual benefit and inclusiveness and inject more stability into and bring more hopes for the world with an Asian community with a shared future."
 Lin Jian,04/08/25,AFP, I wanted to return to the threats by President Trump that he might impose a further 50 percent tariff against Chinese imports. China already said in response that it would resolutely take countermeasures to safeguard Chinese rights and interests. Can the Foreign Ministry give any specific details about what those kinds of measures might look like in practice?,"Lin Jian: We will not let anyone take away the Chinese people’s legitimate right to development. We will not tolerate any attempt to harm China’s sovereignty, security and development interests. We will continue to take resolute and strong measures to safeguard our legitimate rights and interests."
 Lin Jian,04/08/25,Bloomberg, This afternoon we saw several influential Chinese bloggers post an identical set of measures that authorities are mulling to hit back at the latest tariff threats from Trump. These include levies on U.S. farm goods and a ban on Hollywood movies. There were four other items listed. Are these actual responses the government is considering? Is this a coordinated attempt to inform the public about China’s response?,Lin Jian: We don’t comment on what’s been said on the Internet. I just made clear China’s position. We will continue to take resolute measures to safeguard our legitimate and lawful rights and interests.
 Lin Jian,04/08/25,AFP, The U.S. and Iran have announced talks over the nature of Iran’s nuclear program. I’m wondering if the Chinese side has any response to that development?,"Lin Jian: We noted relevant reports. China all along believes that the only right choice for settling the issue is through political and diplomatic means.Against the current backdrop, it’s all the more important for parties to the Iranian nuclear issue to work in the same direction, strengthen dialogue and engagement, and avoid any escalation. As the country which unilaterally withdrew from the Joint Comprehensive Plan of Action and caused the current situation, the U.S. needs to show political sincerity, act in the spirit of mutual respect, engage in dialogue and consultation, and stop the threat of force and maximum pressure.China will continue to maintain communication with relevant parties, actively promote talks for peace, and help relevant parties reach as early as possible a diplomatic settlement to the Iranian nuclear issue that accommodates all parties’ legitimate concerns so as to uphold the international non-proliferation regime and keep the Middle East peaceful and stable."
 Lin Jian,04/08/25,NBC," With all of the threats and counter threats and measures being taken between the U.S. and China on tariffs, can you confirm are there any talks or negotiations happening at any level between the United States and China over trade?","Lin Jian: Judging from its actions, the U.S. doesn’t seem to be serious about having talks right now. If the U.S. truly wants to talk, it should let people see that they’re ready to treat others with equality, respect and mutual benefit. If the U.S. decides not to care about the interests of the U.S. itself, China and the rest of the world, and is determined to fight a tariff and trade war, China’s response will continue to the end."
 Lin Jian,04/08/25,Beijing Daily," It’s reported that Mauricio Claver-Carone, U.S. State Department’s Special Envoy for Latin America, said in a recent interview that China has used its currency swap with Argentina to extort the country, and the U.S. wants Argentina to end it. He said the U.S. wants to be sure that Argentina’s potential agreements with the IMF do not end up prolonging that credit line or swap that they have with China or strengthen China’s position with that credit line. What’s China’s comment?","Lin Jian: China has all along conducted practical cooperation with Argentina in various fields on the basis of equality and mutual benefit. For a long time, Argentina’s currency swap with China has played an important role in stabilizing its economy and finance, which is welcomed and well received in Argentina.China’s bilateral cooperation with relevant countries never targets any third party, nor should it be interfered by any third party. Fair-minded people are able to tell who is extorting and coercing others and making trouble. We call on the U.S. to get its perspective right and make more tangible contributions to the development of Latin American and Caribbean countries, rather than make an effort to drive a wedge."
 Lin Jian,04/08/25,TASS," The spokesperson of the Iranian Foreign Ministry said that from April 7 to 8, China, Russia and Iran will have trilateral consultations on the Iranian nuclear issue in Moscow. What’s the Foreign Ministry’s comment?","Lin Jian: Let me reiterate that China firmly believes that the only right choice for settling the issue is through political and diplomatic means. We support Russia in hosting this trilateral expert-level consultation, which will further promote the political and diplomatic settlement of the Iranian nuclear issue.China will continue to have communication and coordination with relevant parties, and facilitate the settlement to the Iranian nuclear issue that accommodates all parties’ legitimate concerns so as to uphold the international non-proliferation regime and keep the Middle East peaceful and stable. "
 Lin Jian,04/08/25,Shenzhen TV," Speaking in an interview on Trump administration’s trade policy on China, Vice President JD Vance said the U.S. borrows money from Chinese peasants to buy the things those Chinese peasants manufacture. What’s China’s comment?",Lin Jian: China has made its position perfectly clear on its trade relations with the U.S. To hear words that lack knowledge and respect like those uttered by this Vice President is both surprising and kind of lamentable.
 Lin Jian,04/07/25,CCTV," The U.S. recently announced tariff hikes on all trading partners, covering over 180 countries and regions in the world, including some vulnerable economies designated as the least developed countries by the UN. Comments say that the high tariffs will deal an unprecedented heavy blow to poor countries that have simple economic structure and are highly reliant on export. Spokesman for the UN Secretary-General Stéphane Dujarric warned that the trade war will adversely affect implementation of Sustainable Development Goals, and the concern right now is with the most vulnerable countries, which are the least equipped to deal with the current situation. WTO Director-General Ngozi Okonjo-Iweala noted that the U.S. tariffs could lead to an overall contraction of around 1 percent in global merchandise trade volumes this year and will have substantial implications for global trade and economic growth prospects. What is your comment?","Lin Jian: The U.S. hegemonic move in the name of “reciprocity” serves its selfish interests at the expense of other countries’ legitimate interests and puts “America first” over international rules. This is a typical move of unilateralism, protectionism and economic bullying. China has issued the Chinese Government’s Position on Opposing U.S. Abuse of Tariffs to express our serious and just attitude.The U.S. abuse of tariffs deprives countries, especially Global South countries, of their right to development. Analysis of WTO data shows that in light of the uneven economic development and strengths, the U.S. tariff hikes will further widen the wealth gap among countries and less developed countries will feel a heavier blow. This gravely hurts the effort for realizing the UN 2030 Agenda for Sustainable Development. The U.S. tariffs with differentiated rates violate the WTO principle of non-discrimination, severely disrupt the international trade order and the security and stability of the global industrial and supply chains, severely undermine the multilateral trading system, severely hinder global economic recovery, and will certainly be rejected by the international community.Open cooperation represents the trend of history and mutual benefit is what the people want. Development is a universal right of all countries, not an exclusive privilege of a few. Countries need to uphold the principles of extensive consultation, joint contribution and shared benefit, remain committed to true multilateralism, jointly oppose unilateralism and protectionism of all forms, safeguard the international order with the UN at its core, and uphold the multilateral trading system with the WTO at its center."
 Lin Jian,04/07/25,Yonhap News Agency, The constitutional court of the ROK decided on April 4 to uphold President Yoon Suk Yeol’s impeachment. How does China view the decision? How do you think the decision will affect ROK-China relations?,"Lin Jian: We noted the ruling and relevant decision. This is the domestic affair of the ROK. We hope the ROK will advance its domestic political agenda in an orderly manner and keep the political situation and society stable.China and the ROK will always be close neighbors and we are inseparable cooperation partners. China’s policy on the ROK maintains continuity, stability and certainty. We stand ready to work with the ROK to cherish the commitment made when establishing diplomatic ties, uphold good neighborliness and the friendly ties, work for mutual benefit, and promote the sound and steady development of the strategic cooperative partnership."
 Lin Jian,04/07/25,Global Times," According to reports, Chinese experts conducted another independent sample collection for the nuclear-contaminated water from the Fukushima Daiichi nuclear power station in February, and the test result has been obtained. Could you share more information?","Lin Jian: According to what we learned from relevant authorities, Chinese research institutions have completed tests and analysis of China’s independent sampling in February this year, including that of seawater and marine life in the nearby waters of the Fukushima Daiichi nuclear power station. No abnormality was seen in the activity concentration of radionuclides including tritium, caesium-134, caesium-137 and strontium-90. Later on, these relevant test data will be submitted to the IAEA for information gathering and release.Like we stressed repeatedly, no abnormality in one single test doesn’t mean any test result will be normal in the future. During the recent China-Japan High-Level Economic Dialogue, the Japanese side reiterated that it accepts long-term international monitoring and independent sampling and monitoring by China and confirmed that the above-mentioned monitoring activities will be carried out on a continuous basis. China’s opposition to Japan’s discharge of the nuclear-contaminated water has never changed. We will continue to work with the international community and professional agencies including the IAEA to urge Japan to honor its commitments and ensure that the discharge of Fukushima nuclear-contaminated water always remains under international oversight."
 Lin Jian,04/07/25,CNBC, We noticed that the latest statement from China on the U.S. tariffs did not mention much about negotiations and we were wondering under what conditions would China be able to negotiate with the U.S. and will Chinese and U.S. presidents speak soon to do so or has it become more challenging?,"Lin Jian: On negotiations, I’d refer you to competent authorities. We have stressed more than once that pressuring or threatening China is not a right way to engage with us. China will firmly safeguard its legitimate rights and interests."
 Lin Jian,04/07/25,Anadolu Agency," I want to follow up with question about U.S. tariffs. Experts noticed that the formula that was used by the Trump administration to calculate the tariff rates was simply dividing U.S. trade deficit to that country by a country’s exports to the U.S. So it wasn’t related with the real tariff rates at all. China isn’t actually deploying 67 percent tariffs to the U.S. They call it effective tariff rates, claiming currency manipulation and other trade barriers are also added up in the calculation, while in fact not. What do you think about this method of calculation? So U.S. tariff policy, this new policy of the Trump administration, seems like an action against the logic of international trade for the past 40 years and a trend of economic globalization. So do you think this is a declaration of a new global economic order by the U.S.? Does China plan any new action or cooperation that will minimize or nullify the effects of these tariff hikes by U.S.?","Lin Jian: I think what you said represents the right view and position of the international community and people with vision. The Chinese government has stated its just position on the U.S. abuse of tariffs. The U.S.’s tariff hikes on all trading partners, including China, under various pretexts seriously infringe upon the legitimate rights and interests of countries, violate WTO rules, undermine the rules-based multilateral trading system and destabilize the global economic order. The Chinese government strongly deplores and firmly rejects this. What the U.S. has done is a typical move of unilateralism, protectionism and economic bullying. It will hurt the U.S. itself as well as others.The vast majority of countries in the world that uphold fairness and justice will choose to stand on the right side of history, make choices that are in line with their own interests, and jointly oppose all forms of unilateralism, protectionism, and economic bullying. China is also willing to work with all parties to uphold true multilateralism, jointly safeguard the multilateral trading system with the WTO at its core, and defend international fairness and justice."
 Lin Jian,04/07/25,Reuters," This is about Kenya’s debt restructuring. Kenya’s finance ministry released a statement last week which has since been withdrawn, saying China had said it would be willing to facilitate a debt restructuring for Kenya after its finance minister visited Beijing. Could the Foreign Ministry confirm this?","Lin Jian: Over the years, China’s investment and financing cooperation with Kenya has boosted Kenya’s socioeconomic development and improved people’s livelihood. China stands to continue to promote development cooperation with Kenya and other African countries based on the principle of mutual benefit."
 Lin Jian,04/07/25,AFP, The National Security Council of the Philippines said over the weekend that the supposed confessions of three Filipinos arrested by China for alleged espionage appeared to have been scripted and they urged Beijing to respect their rights. Does the Foreign Ministry have any comment?,"Lin Jian: Competent authorities have released detailed information on the espionage activities conducted by the Philippine nationals in China. China’s judicial and relevant authorities handle the case based on facts and in strict accordance with the law, and will protect the lawful rights and interests of the personnel involved.Recently the Philippines concocted a series of so-called Chinese spy cases. This is a typical act of stigmatization and politicization based on presumption of guilt in the absence of clear evidence. We firmly oppose that, and have lodged protests against the Philippines more than once. China urges the Philippines to stop shadow-chasing and making false accusations, handle the cases concerning Chinese citizens in a just manner and in accordance with law, and effectively protect the lawful rights and interests of Chinese citizens in the Philippines."
 Lin Jian,04/07/25,NHK," A follow-up on the Fukushima nuclear-contaminated water. As we understand, when meeting with Japan-China friendship groups in Tokyo in March, Director Wang Yi suggested that if no problem turns up in this latest test result, it will likely lead to progress on this issue. Is China willing to speed up talks with Japan on the resumption of imports of Japanese aquatic products?","Lin Jian: The Chinese government always puts people first and firmly safeguards the food safety of our people. The Japanese made a clear commitment of accepting long-term international monitoring and independent sampling and monitoring by China. On the basis of Japan’s fulfillment of its commitments and no abnormality in the test results, on March 12 as scheduled, China’s General Administration of Customs held a technical exchange with the Japanese side in Beijing on the safety of Japanese aquatic products."
 Lin Jian,04/07/25,Bloomberg, President Donald Trump has said that China’s objections to the new tariffs stalled the deal to sell up TikTok and keep it operating in the U.S. Did China’s objections prevent a deal from being concluded recently and would the Ministry like to comment any further on the TikTok issue?,"Lin Jian: We have stated our principled position on TikTok on multiple occasions. China will handle relevant issue in accordance with China’s laws and regulations.The U.S. needs to provide an open, fair, just and non-discriminatory environment for Chinese businesses in the country."
 Lin Jian,04/07/25,AFP, Australian Prime Minister Anthony Albanese and his election rival Peter Dutton have both called for the sale of the port of Darwin which is controlled by a Chinese firm to remove it from Chinese ownership. Does the Foreign Ministry have any comment on that?,"Lin Jian: We urge the Australian side to provide a fair, non-discriminatory and predictable business environment for Chinese enterprises investing and operating in Australia, and refrain from overstretching the concept of national security or politicizing normal business cooperation."
 Lin Jian,04/07/25,Ukrinform News Agency," Last Friday, Russian troops fired a ballistic missile with cluster munitions at Ukrainian city Kryvyi Rih. Twenty people were killed, and almost 100 others were injured. Russian military continues to attack Ukrainian cities, including the capital Kyiv city, despite Moscow’s statements about its readiness for peace talks and a ceasefire. Can the Ministry of Foreign Affairs comment on this situation?",Lin Jian: China’s position on the Ukraine crisis is consistent and clear. Dialogue and negotiation is the only viable way out the crisis.
 Lin Jian,04/07/25,Bloomberg, A delegation led by Taiwanese national security adviser Joseph Wu was just in Washington to meet with the Trump administration for a special channel meeting. Would the Foreign Ministry like to comment?,"Lin Jian: There is but one China in the world, and Taiwan is an inalienable part of China’s territory. China firmly opposes any official interaction between the U.S. and Taiwan in any form. This position is consistent and clear. We made protest to the U.S. side and call on the U.S. to abide by the one-China principle and the three China-U.S. joint communiqués, stop any official interaction with China’s Taiwan region, stop meddling in the Taiwan question, and stop creating factors that fuel tensions in the Taiwan Strait. The Lai Ching-te authorities’ attempts to solicit U.S. support for “Taiwan independence” will lead nowhere."
 Lin Jian,04/07/25,Reuters," Ethiopia has reached an agreement in principle with its official creditors on restructuring US$8.4 billion of debt. As China is the biggest bilateral creditor, does that mean China has agreed to take a haircut or does the agreement constitute an extension of maturities rather than write-downs of the principal amount?","Lin Jian: I’d refer you to competent authorities for anything specific. Let me stress that China and Ethiopia are all-weather strategic partners. China maintains close communication with Ethiopia on the debt issue and will continue to play its role as the co-chair of the creditor committee for Ethiopia under the Common Framework, facilitate the appropriate and ultimate settlement of Ethiopia’s multilateral debt, and help the country ease its fiscal distress."
 Guo Jiakun,04/03/25,CCTV," On April 2 EST, the U.S. issued an executive order announcing that it will impose ""reciprocal tariffs"" on its major trading partners, including 34-percent tariffs on China (including Hong Kong and Macau). What’s China’s comment?","Guo Jiakun: The U.S. announced tariff hikes on imports from many countries, including China, under the pretext of reciprocity. This gravely violates WTO rules, and undermines the rules-based multilateral trading system. China firmly rejects this and will do what is necessary to defend our legitimate rights and interests.We have emphasized more than once that trade and tariff wars have no winners. Protectionism leads nowhere. We urge the U.S. to stop doing the wrong thing, and resolve trade differences with China and other countries through consultation with equality, respect and mutual benefit."
 Guo Jiakun,04/03/25,CNR," We noted that the National Computer Virus Emergency Response Center and the National Engineering Laboratory for Computer Virus Prevention Technology issued the Cyber Threat Report of The 9th Asian Winter Games Harbin 2025 today, which disclosed cyber attacks from countries, including the U.S., on the information systems of the Asian Winter Games and critical infrastructures in Heilongjiang, and it is highly suspected that these attacks were related to the U.S. government. What is your comment on this?","Guo Jiakun: We noted the report and express grave concern over the malicious cyber activities disclosed by the report. The report shows once again that China is one of the major victims of cyber attacks globally, and the U.S. and its individual allies are the main source of cyber attacks targeting China during the 2025 Asian Winter Games.China urges the U.S. to adopt a responsible attitude and take a harder look at itself, rather than vilifying others. China will continue to do what is necessary to protect its cyber security."
 Guo Jiakun,04/03/25,Beijing Daily," It’s reported that during a press conference on April 1, in response to China’s joint exercises around Taiwan Island, Japan’s Chief Cabinet Secretary Yoshimasa Hayashi said that the Japanese government has major concerns and is closely following the relevant situation. Japan has expressed its concerns to China through diplomatic channels. What’s China’s comment?","Guo Jiakun: Japan’s words and actions blatantly violate the one-China principle. We strongly deplore and firmly oppose that, and have lodged serious protests with Japan. China’s joint exercises are aimed at warning and containing “Taiwan independence” separatist forces, and it is a legitimate and necessary action to defend China’s national sovereignty and uphold national unity. Japan has no right to point fingers at this, still less interfere with it. Taiwan is an inalienable part of China’s territory. The Taiwan question is at the core of China’s core interests, and bears on the political foundation of China-Japan relations and basic trust between the two countries. Japan committed innumerable crimes during its colonial rule over Taiwan of more than 50 years, and bears serious historical responsibilities to the Chinese people. It should act all the more prudently. This year marks the 80th anniversary of the victory in the Chinese People’s War of Resistance Against Japanese Aggression and the World Anti-fascist War. We urge Japan to deeply reflect on history, uphold the principles in the four political documents between China and Japan and honor its solemn commitments on the Taiwan question, immediately stop interfering in China’s internal affairs, and abide by the one-China principle with concrete actions."
 Guo Jiakun,04/03/25,Bloomberg, China has said that it has detained three Filipino nationals suspected of spying. The Ministry of State Security said that it recently discovered an espionage case and this is according to Xinhua. Can the Foreign Ministry confirm the detention of three Filipino nationals on spying charges and also perhaps give a little bit more detail? ,"Guo Jiakun: Competent authorities have released detailed information on the espionage activities conducted by the Philippine nationals in China. China’s judicial and relevant authorities will strictly handle the case in accordance with law, and protect the lawful rights and interests of the personnel involved.Recently the Philippines concocted a series of so-called Chinese spy cases. This is a typical act of stigmatization and politicization based on presumption of guilt in the absence of clear evidence. We firmly oppose that, and have lodged protests against the Philippines more than once. China urges the Philippines to stop shadow-chasing and making false accusations, handle the cases concerning Chinese citizens in a just manner and in accordance with law, and effectively protect the lawful rights and interests of Chinese citizens in the Philippines."
 Guo Jiakun,04/03/25,Dragon TV," During his recent trip to the Caribbean, U.S. Secretary of State Marco Rubio said that “we almost all had concussions” because the road built by the Chinese in Guyana was so bad, adding that he hoped the U.S. will provide alternatives to that for countries there. Do you have any comment?","Guo Jiakun: According to what I learned, the road project the U.S. side referred to was not built by any Chinese companies and the Guyanese side has made clarifications on that. I wonder why Mr. Secretary of State told falsehoods like this. They’d better do something tangible and deliver for countries in the region rather than vilify China and sow discord by distorting the facts. "
 Guo Jiakun,04/03/25,Bloomberg," On the tariff issue. Can you elaborate a little bit? Does China plan to negotiate with the U.S. side ahead of April 9? Is there a possibility to negotiate on the tariffs? With the latest actions, do you consider China to be the top target of President Trump under this tariff situation? Just one last point, if you will, do you see this as an opportunity in some way to come together with other blocs, whether it be ASEAN or EU, to try to perhaps discuss a common approach to U.S. tariffs?","Guo Jiakun: As I just said, trade wars and tariff wars have no winners, and protectionism will lead nowhere. The U.S. needs to correct its wrongdoings and resolve trade disputes with countries, including China, through consultation with equality, respect and mutual benefit.Let me stress that the U.S.’s unilateral tariff hikes violate WTO rules, undermine the common interests of people of all countries, and do no help to solve its own problem. It is clear that more and more countries have come to stand against the U.S.’s tariff hikes and other unilateral bullying moves."
 Guo Jiakun,04/03/25,Reuters," The U.S. government has banned government personnel based in China from having romantic relationships with Chinese citizens, according to a report from the Associated Press. Do you have any comment on that?","Guo Jiakun: The U.S. is in a better position to answer this question.＊＊＊＊＊＊＊＊＊＊In observance of the Qingming Festival (Tomb-Sweeping Day), our press conference will be in recess on April 4 (Friday) and resume on April 7 (Monday). During the recess, you may still reach the MFA Spokesperson’s Office via fax, email and WeChat."
 Guo Jiakun,04/02/25,CCTV," It’s reported that the U.S., EU, Japan and some others made remarks on the joint exercises around Taiwan Island conducted by the People’s Liberation Army on April 1. They oppose unilateral changes to the status quo, including through force or coercion, and said that there is no justification for China’s irresponsible threats and military pressure operations near Taiwan. What’s China’s comment?","Guo Jiakun: The accusation of a handful of countries and organizations against China is a mischaracterization of the facts and truth and an interference in China’s internal affairs. China deplores and opposes this. The Taiwan question is purely China’s internal affairs that brook no external interference. “Taiwan independence” separatist activities and external forces that abet and aid them are the ones that undermine peace and stability across the Taiwan Strait. If certain countries and organizations truly want peace and stability across the Taiwan Strait, they should follow the prevailing trend of international commitment to the one-China principle, abide by their political commitments made to China, earnestly respect China’s sovereignty and territorial integrity, and oppose “Taiwan independence” in any form.Moves to clamor for “Taiwan independence” mean separating China, support for “Taiwan independence” means interference in China’s internal affairs, and attempts to abet “Taiwan independence” mean destabilizing the Taiwan Strait. China’s joint exercises is a severe punishment against the Lai Ching-te authorities’ aggressive provocation to seek “Taiwan independence,” a stern warning to “Taiwan independence” separatist forces who deliberately undermine peace across the Taiwan Strait, and a responsible move to defend national sovereignty, security and territorial integrity. No external force is in any position to point fingers at this.As long as provocations for “Taiwan independence” last, our punishment against “Taiwan independence” will continue. We will never ever allow anyone or any force to separate Taiwan from China in any form. We will take all measures necessary to firmly safeguard national sovereignty and territorial integrity."
 Guo Jiakun,04/02/25,Bloomberg," Regarding reports that soldiers in Myanmar opened fire on a convoy of vehicles carrying relief supplies for the Chinese Red Cross. These were made for earthquake victims in Mandalay. Can the Foreign Ministry confirm if this is accurate and, if so, provide some further details?","Guo Jiakun: China and Myanmar are neighbors that share “pauk-phaw” friendship. Immediately after Myanmar was hit by the earthquake, China launched an emergency response with an all-out search and rescue operation. The relief supplies provided by the Red Cross Society of China have already arrived in Myanmar and are being transported to disaster-stricken areas in Mandalay. The rescue team and relief supplies are safe at present.Saving lives is the top priority. It is imperative for us to do everything we can to respond to the disaster. China sincerely hopes that all ethnic groups and factions in Myanmar can work as one to overcome difficulties together. We strongly urge all parties in Myanmar to ensure the safety and security of rescuers and supplies from China and other countries, and keep logistics corridors fully accessible. China stands ready to do everything we can to provide relief and support to affected regions in light of the need of Myanmar."
 Guo Jiakun,04/02/25,Kyodo News," It’s reported that the ROK constitutional court will decide on April 4 whether to dismiss President Yoon Suk Yeol. Given the ongoing turbulence in the ROK and the upcoming APEC summit to be held in the ROK this fall, what impact do you think the court’s ruling will have on China-ROK diplomacy? ","Guo Jiakun: We noted the reports. As we’ve stressed more than once, China follows the principle of non-interference in other countries’ internal affairs, will not comment on the ROK’s domestic situation and believes that the ROK people have the wisdom and capability of properly handling their domestic issues. As an important neighbor and cooperation partner, China stands ready to work with the ROK to make active effort in deepening friendly cooperation and strategic cooperative partnership between the two countries. "
 Guo Jiakun,04/02/25,Reuters," Also to do with the Myanmar junta and the shots fired at the convoy. We would like to ask what happened because the junta said right before this press conference that the Chinese Red Cross did not inform the government of it being in a conflict zone. Also, our question is, would China consider sending any security to protect its Chinese humanitarian personnel there or consider temporarily stopping delivery of aid?","Guo Jiakun: After Myanmar was hit by the earthquake, various parties, including the Red Cross Society of China, announced that they will provide relief supplies to Myanmar. As I just said, the relief supplies provided by the Red Cross Society of China have already arrived in Myanmar and are being transported to disaster-stricken areas in Mandalay. The rescue team and relief supplies are safe at present. We also hope that all ethnic groups and factions in Myanmar can take disaster relief as the main task, ensure the safety and security of rescuers and supplies from China and other countries, and keep logistics corridors fully accessible."
 Guo Jiakun,04/02/25,AFP, The U.S. State Department said yesterday that it had approved the possible sale of F-16 jets to the Philippines. Would the Foreign Ministry like to comment on this?,"Guo Jiakun: We’ve made clear more than once our position on military and security cooperation between the Philippines and the U.S. Defense or security cooperation between the Philippines and other countries should not target any third party or harm their interest, still less threaten regional peace and security or escalate tensions in the region. Who exactly is fueling the flames? Who exactly is instigating military confrontation? Who exactly is turning Asia into a “powder keg?” Regional countries are not blind. "
 Guo Jiakun,04/02/25,Beijing Youth Daily," A recent report issued by the International Renewable Energy Agency (IRENA) shows that global renewable power capacity grew by a record 585 gigawatts in 2024, representing 92.5 percent of all new power added worldwide. Sixty percent of the global added capacity was contributed by China. The Spokesman for the United Nations Secretary-General recently commended China’s contribution to international renewable energy development. Under the current international circumstances, will China continue to contribute to global green transformation? What effort will China make in this regard?","Guo Jiakun: China’s commitment to green and low-carbon development is an inherent requirement of its pursuit of high-quality economic growth, which also serves as a driving force for global climate response and sustainable development.In 2024, four out of every 10 kilowatt-hour of electricity in China was generated by clean energy. As the largest exporter of clean technologies, China creates 46 percent of the job opportunities in the global renewable energy industry. According to another report from IRENA, over the past decade the average cost per kilowatt-hour of global wind power projects has decreased by more than 60 percent, and that of PV power projects by more than 80 percent. The reductions are largely attributable to China’s efforts. In China’s cooperation with neighboring countries for sustainable development, “green transition” and “blue contributions” stand out. China has conducted cooperation with Viet Nam, Thailand and other countries on clean energy, signed cooperation documents on blue economy with Indonesia, among other countries, and promoted cooperation in relevant fields. Building a clean and beautiful world is the shared responsibility of all countries. Some countries are now groundlessly going after China’s green sector, which will lead to self-isolation, and even worse, cost the international community and developing countries more to access renewable energy, and hinder global green and low-carbon development. China will continue to work with other parties, empower development through green transition, and promote cooperation on blue economy. We also call on all parties to jointly create favorable conditions for international green cooperation and make greater contributions."
 Guo Jiakun,04/02/25,AFP," The Philippines’ military chief said yesterday that the Philippines would inevitably be involved if there were a conflict over Taiwan. He also said that China was actively infiltrating Philippine institutions, including the military. Would the Foreign Ministry like to respond to these comments?",Guo Jiakun: The Taiwan question is China’s internal affair and is at the core of China’s core interest. Resolving the Taiwan question is a matter for the Chinese ourselves that no one can interfere in. We urge certain people in the Philippines to refrain from making provocations and playing with fire on the Taiwan question. Those who play with fire will perish by it. We also oppose relevant personnel calling white black and making groundless accusations.
 Guo Jiakun,04/02/25,AFP, Final one on the Philippines. The Chinese Embassy in the Philippines yesterday put out a notice warning that Philippine law enforcement has been harassing Chinese citizens and businesses. Can you provide any information on this and specifically what kind of harassment or other activities China is worried about in the Philippines?,"Guo Jiakun: Given what happened recently regarding travel safety in the Philippines, the Chinese Embassy in the Philippines issued a security alert. There is much relevant media coverage, which you may refer to."
 Guo Jiakun,04/02/25,O Globo," Last week, it was confirmed that President Dilma Rousseff stayed as President of the New Development Bank for five more years. Can you comment on why China supports the extension of the tenure?","Guo Jiakun: China congratulates Mrs. Dilma Rousseff on staying on as President of the New Development Bank. We also appreciate the important role that the New Development Bank has played in promoting relevant development and cooperation. China will, as usual, continue to support President Dilma Rousseff in fulfilling her duty and the New Development Bank in playing a greater role."
 Guo Jiakun,04/01/25,O Globo," Last week, it was confirmed that President Dilma Rousseff stayed as President of the New Development Bank for five more years. Can you comment on why China supports the extension of the tenure?","Guo Jiakun: China congratulates Mrs. Dilma Rousseff on staying on as President of the New Development Bank. We also appreciate the important role that the New Development Bank has played in promoting relevant development and cooperation. China will, as usual, continue to support President Dilma Rousseff in fulfilling her duty and the New Development Bank in playing a greater role."
 Guo Jiakun,04/01/25,CCTV," On March 31, U.S. Secretary of State Marco Rubio issued a statement on the website of the State Department, saying that China has refused to afford U.S. diplomats, journalists, and others access to the ""Tibet Autonomous Region (TAR)"" and other Tibetan areas of China, so he is taking steps to impose additional visa restrictions on Chinese officials determined to be substantially involved in the formulation or execution of policies related to access for foreigners to ""Tibetan Areas,"" pursuant to the Reciprocal Access to Tibet Act of 2018. Does China have any comment on this?","Guo Jiakun: The U.S. move blatantly interferes in Xizang affairs, which are China’s internal affairs. This gravely contravenes international law and the basic norms governing international relations. China strongly deplores and firmly rejects this. Let me stress that Xizang is an open region. We have never issued regulations restricting foreigners from entering Xizang. Every year, Xizang receives a large number of foreign tourists and people from various sectors. In 2024 alone, 320,000 foreign tourists visited Xizang. In light of the region’s special geographical and climatic conditions, the Chinese government has taken some regulatory and protection measures in accordance with laws and regulations regarding foreigners entering the region. This is completely necessary. Foreigners are welcome to visit, travel and do business in China’s Xizang region, but they must abide by China’s laws and relevant regulations. We reject groundless vilification of Xizang’s human rights, and religious and cultural cause, and oppose foreign officials’ interference and sabotage in the name of performing their duties in Xizang.China urges the U.S. to honor its commitments on issues related to Xizang, stop abetting and supporting “Tibet independence” forces, and stop interfering in China’s internal affairs under the pretext of issues related to Xizang. China will take necessary reciprocal countermeasures against the U.S.’s wrong move."
 Guo Jiakun,04/01/25,TVB, The U.S. State Department released the 2025 “Hong Kong Policy Act Report” and announced sanctions against six Chinese officials. What’s China’s comment? ,"Guo Jiakun: This so-called U.S. “Hong Kong Policy Act Report” is composed of falsehoods and disinformation. It is a vicious attack on China’s One Country, Two Systems, the Law on Safeguarding National Security in the HKSAR and the Safeguarding National Security Ordinance. The report seeks to smear Hong Kong’s democracy, rule of law, exercise of freedoms, and human rights conditions. It interferes in Hong Kong’s handling of national security cases and mischaracterizes the extraterritorial application of the law. The announced U.S. unilateral sanctions on officials representing the central government in Hong Kong and officials of the Hong Kong SAR government are groundless and unjustified. The sanctions and the report constitute grave interference in China’s internal affairs, including Hong Kong affairs. China firmly rejects and strongly condemns this.  It must be pointed out that since the return of Hong Kong, the Chinese government has fully, faithfully and firmly implemented the principles of One Country, Two Systems, Hong Kong people administering Hong Kong and a high degree of autonomy. The central government adopted and put into force the Law on Safeguarding National Security in the HKSAR and the HKSAR government formulated and implemented the Safeguarding National Security Ordinance. The aim is to put in place a stronger legal system of upholding national security, better safeguard the rights and freedoms legally enjoyed by Hong Kong residents, and ensure the steady and sustained implementation of One Country, Two Systems. This move also fully reflects the shared aspiration of all Chinese people, including our Hong Kong compatriots. The HKSAR police took measures in accordance with the law against anti-China rioters who have fled Hong Kong, and the HKSAR judicial authorities have handled national security cases in accordance with the law and in an independent and just manner. Such practice is in line with international law and common practice and brooks no interference from the U.S. The U.S. on the one hand keeps overstretching and abusing the concept of national security, stepping up illegal unilateral sanctions and long-arm jurisdiction, yet on the other hand deliberately smearsand attacks the effort of China’s central government and the HKSAR government in upholding national security in Hong Kong in accordance with the law, and abuses sanctions. This once again exposes the U.S.’s hypocritical double standard and domineering nature.Let me stress that Hong Kong is China’s Hong Kong and Hong Kong affairs are purely China’s internal affairs. The Chinese government has unwavering resolve in upholding national sovereignty, security and development interests, implementing the principles of One Country, Two Systems, and opposing interference in Hong Kong affairs by any external forces. We urge the U.S. to abide by the principles of international law and basic norms governing international relations, and stop interfering in China’s domestic affairs including Hong Kong affairs in any form. We will take resolute countermeasures in response to the U.S.’s erroneous practice."
 Guo Jiakun,04/01/25,CCTV," Yesterday, presidents of Kyrgyzstan, Tajikistan and Uzbekistan signed a treaty establishing the junction point of the three countries’ borders, marking the final resolution of border issues among the three countries. What’s China’s comment?","Guo Jiakun: China congratulates Kyrgyzstan, Tajikistan and Uzbekistan over the signing of the agreement defining the tri-border point of the three countries and the final resolution of their border issues. We commend the three countries’ effort of resolving state border issues through peaceful consultation. This approach echoes the trend of the times for peace and development and is conducive to further promoting regional peace, stability, development and prosperity.As the three countries’ friendly neighbor and comprehensive strategic partner, China stands ready to take this opportunity to work with Kyrgyzstan, Tajikistan, Uzbekistan and other Central Asian countries in advancing high-quality Belt and Road cooperation, deepening practical cooperation in various fields and delivering more benefit for the local people."
 Guo Jiakun,04/01/25,The Paper," Recently, many foreign friends have visited China, including some top influencers on social media. They shared what they saw in China by writing and through camera lens. In response, some Internet users overseas said they saw a China that is different from what they had heard about. Did you notice these reports and what’s your comment?","Guo Jiakun: Recent months witnessed a packed agenda in China’s diplomacy and a continuous variety of events of people-to-people exchanges. The one-shot livestreaming by foreign influencers presents China as it is in a panoramic view, one that has not been edited or put in any filter. This again spurs growing enthusiasm for China. This shows that the cultural and people-to-people exchanges between China and other countries enjoy profound support from the people, and such bonds cannot and will not be severed.Having been inspired by virtual tours to China online, more and more foreign friends decide to get a first-hand experience of China and take an on-a-whim trip. Take Beijing as an example, since December 17, 2024, the ports at the city have handled over 1.3 million inbound and outbound trips by foreigners, and more than 310,000 of them were made under visa-free policy, an increase of 150 percent year on year compared with before the implementation of the policy was put in place. We will further expand our visa-free “circle of friends” and roll out more facilitation measures for cross-border travel. We welcome more foreign friends to visit China in this beautiful spring. "
 Guo Jiakun,04/01/25,Islamic Republic of Iran Broadcasting," Donald Trump recently threatened Iran. He says he will bomb Iran, which is completely contrary to the Charter of the United Nations. Does China’s Ministry of Foreign Affairs have any comments about it?","Guo Jiakun: Earlier this month, China hosted the Beijing meeting on the Iranian nuclear issue where a joint statement was issued putting forward China’s five-point proposition on properly settling the Iranian nuclear issue. China maintains that resolving the Iranian nuclear issue through political and diplomatic means is the only right option and that new consensus needs to be reached under the framework of the Joint Comprehensive Plan of Action (JCPOA). The implementation of the JCPOA has been disrupted by the U.S.’s practice of insisting on withdrawing from it. The U.S. needs to show political sincerity and resume talks as soon as possible. Slapping sanctions, pressuring, and threatening with the use of force will lead nowhere.The Iranian nuclear issue is once again at a key crossroads with the risk of escalation and also the important opportunity of reaching political and diplomatic solution through dialogue and negotiation. The current priority is that parties concerned need to have a forward-looking and constructive attitude, expand diplomatic effort and create condition for the resumption of talks.China will continue to promote talks for peace, work for the early resumption of negotiation, and find a fair, balanced and sustainable solution that accommodates reasonable concerns of all sides, so as to uphold the international nuclear non-proliferation regime and promote peace and stability in the Middle East."
 Guo Jiakun,04/01/25,Xinhua News Agency, Today marks the 75th anniversary of the establishment of diplomatic ties between China and India. How does China characterize the overall development of the bilateral relations? What does China expect of the bilateral relations in the future?,"Guo Jiakun: Today marks the 75th anniversary of the establishment of diplomatic relations between China and India. President Xi Jinping and Indian President Droupadi Murmu, and Premier Li Qiang and Indian Prime Minister Narendra Modi exchanged congratulatory messages respectively.Both China and India are ancient civilizations, major developing countries and important members of the Global South, and both are in a crucial stage of modernization. The historical course of our bilateral relations shows that being partners of mutual success and a cooperative pas de deux of the dragon and the elephant is the right choice for both sides and fully meets the fundamental interests of the two countries and two peoples.Under the strategic guidance of the leaders of our two countries, China stands ready to work with India to view and handle the bilateral relations with a strategic and long-term perspective, and take this occasion of the 75th anniversary of diplomatic ties as an opportunity to enhance strategic mutual trust, step up exchanges and cooperation in various fields, deepen communication and coordination in major international affairs, jointly maintain peace and tranquility in the border areas and advance China-India relations on the track of sound and stable development."
 Guo Jiakun,04/01/25,Bloomberg," U.S. Secretary of Defense Pete Hegseth recently said that he would provide “credible deterrence” in the Indo-Pacific region, including in the Taiwan Strait. And then today we had China holding its latest drills around Taiwan. I’m wondering if you wish to comment on this current situation.","Guo Jiakun: The PLA Eastern Theater Command and the Taiwan Affairs Office of the State Council have made announcements on the joint exercises. The drills are a serious warning and an act of containment against “Taiwan independence” separatist forces, and a legitimate and necessary move to defend national sovereignty and uphold national unity.Taiwan is an inalienable part of the Chinese territory. The Taiwan question is purely China’s internal affairs that brook no external interference. The DPP authorities are hellbent on seeking “Taiwan independence,” and attempt to solicit external support for that agenda and divide the country. Such attempt is just futile and doomed to fail. The historical trend that China will and must achieve reunification is unstoppable.On the remarks made by certain person in the U.S., I’ve made a response yesterday. Let me stress again that military and security cooperation between the U.S. and Japan should not target any third country, or endanger regional peace and development. By calling China a “threat” and using it as a pretext, the U.S. has been instigating ideological antagonism, and stoking division and confrontation. Regional countries need to stay on high alert and guard against such practice. On the Taiwan question, we urge certain people in the U.S. to give up the illusion of “using Taiwan to contain China,” abide by the one-China principle and the three China-U.S. joint communiqués with concrete actions, and honor the commitment made by the U.S. on Taiwan-related issues."
 Guo Jiakun,04/01/25,AFP," I just have a couple of other questions on the drills that were announced this morning. I wonder if you could give any more information on them specifically, on whether they will or have included live fire exercises and also how long they will go on for. And then the second question is about the cartoon that was posted by the Eastern Theater Command online that shows Lai Ching-te as an insect being roasted over fire. I wonder how you think that kind of imagery will be interpreted abroad. ","Guo Jiakun: I have answered the question about the joint military drill just now. As for the specifics you mentioned, I’d refer you to competent authorities."
 Guo Jiakun,04/01/25,PTI," Further to what you said about the 75th anniversary, previously the indication was both countries plan to start a series of events coinciding or probably to celebrate this particular event. Can you just outline probably when these particular events are going to start and if you can just throw some light on that?","Guo Jiakun: As I just said, this year marks the 75th anniversary of the establishment of diplomatic relations between China and India. Both sides are willing to further advance the bilateral relations at this important juncture. Last October, President Xi Jinping and Prime Minister Narendra Modi held a successful meeting in Kazan, providing strategic guidance for improving and developing China-India relations. You also noticed that recently the two sides have been earnestly implementing the important common understandings between the leaders of the two countries and strengthening exchanges at various levels as well as practical cooperation. A series of tangible progress has been made in these areas. Regarding the celebration activities on the 75th anniversary of the establishment of diplomatic ties, we will release relevant information in due course. Please stay tuned."
 Guo Jiakun,03/31/25,CCTV, We noted that China extended condolences and provided disaster relief assistance to Myanmar right after the country was stricken by an earthquake. Could you share more information?,"Guo Jiakun: China is closely following the aftermath of the earthquake in Myanmar. President Xi Jinping sent a message of condolence to Myanmar’s leader Min Aung Hlaing, expressing deep condolences over the loss of lives and sympathies to the families who lost their loved ones, those who are injured and people in the quake zone.Immediately after the earthquake, China launched an emergency response with an all-out rescue and consular protection operation. A rescue and medical team from Yunnan Province arrived in Myanmar within 18 hours — the first international rescue team to arrive on the scene. Working with local rescuers, the team successfully pulled a survivor from under the rubble. The China Search and Rescue Team (CSAR), the China International Search and Rescue Team (CISAR), a rescue team sent by the Hong Kong SAR and the International Emergency Rescue Team of the Red Cross Society of China traveled to Myanmar overnight. Non-governmental rescue groups from China are also arriving in Myanmar. As we speak, around 400 Chinese experts, rescuers and medical workers are working against the clock on the ground. They have rescued six survivors so far. China has announced 100 million yuan worth of emergency humanitarian aid and urgently needed supplies including tents, first-aid kits, food and drinking water to Myanmar. The first shipment of aid has already arrived. The Red Cross Society of China delivered the relief supplies.A merciless disaster can bring out the best of humanity. China, in the spirit of “pauk-phaw” friendship, will continue to stand with Myanmar and work closely with the country as it emerges from the disaster. The Chinese teams will do everything they can to fully seize the 72-hour golden window for search and rescue, treat the injured and deliver the aid supplies to the people in need. We believe that with the support of the international community, the government and people of Myanmar will stand together, and recover from the disaster and rebuild better."
 Guo Jiakun,03/31/25,Reuters, Is the Foreign Ministry able to provide an update on the number of Chinese nationals and businesses affected by the Myanmar earthquake? What does the death and injury toll stand at now?,"Guo Jiakun: So far, it has been found that one Chinese national was killed and 15 injured in the massive earthquake in Myanmar. The Chinese embassy and consulate-general in Myanmar are assisting the family of the deceased in their handling of related matters. Chinese diplomatic missions in Myanmar will continue to do everything we can to assist Chinese nationals who are injured or affected by the disaster."
 Guo Jiakun,03/31/25,China Daily," We noted that President Xi Jinping met with representatives of the international business community last week, which received high attention and triggered heated discussion. Recently chief executives of foreign businesses have attended events such as the China Development Forum and the Boao Forum for Asia Annual Conference and had in-depth discussion with people of various sectors in China. Some say that China is rolling out a charm offensive to foreign investors and will bring “warmth” to the world economy. What is China’s comment?","Guo Jiakun: Foreign businesses can benefit from China’s development and vice versa, and together we can create a win-win future. China is committed to deepening reform and advancing high-standard opening up. With an enormous market, stable policy outlook and a sound development environment, China is a favored choice for foreign investment. In the first two months of this year, China’s economy has rebounded notably, continuing to unleash the potential of the world’s second largest consumer market and foster new quality productive forces at a faster pace. From putting forward 20 new measures for stabilizing foreign investment to proposing to roll out more policies in the Report on the Work of the Government, China has kept lowering the threshold of market access, aligning with high standards, upgrading efforts to attract foreign investment, and fostering a sound environment, so as to share growth opportunities of our mega-size market with the world. Foreign investment is now found in 20 industrial categories and 115 major sectors in China. A total of 1.24 million companies have been set up and close to USD 3 trillion has been invested by foreign investors.As President Xi Jinping noted, embracing China is embracing opportunities, believing in China is believing in a better tomorrow, and investing in China is investing in the future. We welcome more foreign businesses to cultivate the Chinese market, share in China’s development opportunities and jointly create a better future."
 Guo Jiakun,03/31/25,Reuters, U.S. Defense Secretary Pete Hegseth describes “warrior country” Japan as “indispensable for tackling Chinese aggression” on Sunday. Does the Chinese Foreign Ministry have any comment on his remarks?,"Guo Jiakun: China always believes that military and security cooperation between the U.S. and Japan should not target any third country, or endanger regional peace and development. By calling China a “threat” and using it as a pretext, the U.S. has been instigating ideological antagonism, stoking division and confrontation, and even inciting certain countries to be the cannon fodder of U.S. supremacy. Regional countries need to stay on high alert and guard against such practice. This year marks the 80th anniversary of the victory in the Chinese People’s War of Resistance Against Japanese Aggression and the World Anti-fascist War. Japan in particular needs to learn from history and be prudent in military and security areas.The Taiwan question is purely China’s internal affair. Resolving the Taiwan question is a matter for the Chinese ourselves that no one can interfere. We urge certain people in the U.S. to give up the illusion of “using Taiwan to contain China”, abide by the one-China principle and the three China-U.S. joint communiqués with concrete actions, and honor the commitment made by the U.S. on Taiwan-related issues. Japan committed aggression against Taiwan and exercised colonial rule over the island. It bears serious historical responsibilities to the Chinese people. Japan should abide by the principles of the four political documents between China and Japan, act prudently on the Taiwan question, and refrain from sending wrong signal to “Taiwan independence” separatist forces."
 Guo Jiakun,03/31/25,AFP," Three Chinese citizens went missing over the weekend off the coast of Ghana after their vessel came under a suspected pirate attack, according to the Ghanaian military. Has China been in touch with Ghanaian authorities regarding this incident and does the Ministry of Foreign Affairs have an update on the whereabouts of the three Chinese sailors?","Guo Jiakun: After learning about the incident, our embassy in Ghana immediately activated emergency response mechanism and has been in close contact with Ghana since then. The crew members are physically safe now. China will work with Ghana to earnestly protect the safety and security of Chinese nationals and institutions in Ghana. "
 Guo Jiakun,03/31/25,The Australian," Right now there is a Chinese research vessel on the south of the Australian coast. It has caused a bit of controversy in Australia today. There are some Australian defense analysts who say that this Chinese scientific ship also can be used for dual purposes, so it could give information to the PLA navy, for example. And the Australian Prime Minister was asked about the ship today and what the Australian government was doing. He said the Australian government is monitoring the ship and that he would prefer it wasn’t there. But he said that it’s not breaching any international law. So I wanted to know what do you think of the Australian reaction to the ship?","Guo Jiakun: I’d refer you to competent authorities for anything specific. Let me say more broadly that China carries out normal activities at sea in accordance with international law, including UNCLOS. We hope Australia will have a right understanding of this and stop the groundless suspicion and speculations."
 Guo Jiakun,03/31/25,Shenzhen TV," According to reports, China’s State Administration for Market Regulation said it will review CK Hutchison’s planned ports sale to BlackRock. What’s your response?",Guo Jiakun: We noted relevant reports. The State Administration for Market Regulation said it has noted the deal and will review it in accordance with the law to ensure fair market competition and protect public interests.Let me stress again that China firmly opposes using economic coercion and bullying to harm other countries’ legitimate rights and interests.
 Guo Jiakun,03/31/25,The Australian," Just following up on that question about the boat. One of the reasons it’s got a lot of attention is because the Australian election is about to begin. I wonder does the Chinese government take into account elections in Australia when ships like this, scientific vessels or maybe future PLA navy ships, come. Australia’s elections are gonna be on May 3. Do you think there will be more ships coming around Australia ahead of that date?","Guo Jiakun: I just answered your question. Let me stress again that China carries out normal maritime activities in relevant waters in accordance with international law, including UNCLOS. At the same time, China always upholds the principle of non-interference in other countries’ domestic affairs."
 Guo Jiakun,03/31/25,Reuters, Are you able to confirm whether the Chinese leader will visit three countries in Southeast Asia in the middle of April?,Guo Jiakun: I have nothing to read out at the moment. 
 Guo Jiakun,03/31/25,Reuters, U.S. President Trump said yesterday he might consider putting secondary tariffs on any country who buys Russian oil. China is a major purchaser. Does the Foreign Ministry have any comment on this statement?,Guo Jiakun: China’s position on the Ukraine crisis is consistent and clear. We always believe that dialogue and negotiation are the only viable solution to the Ukraine crisis. Cooperation between China and Russia does not target any third party and will not be affected by any factor from any third party.
 Guo Jiakun,03/31/25,The Australian," Another question on trade. It’s some new research by an economics professor at Peking University that found last year in the WTO, almost half of all the cases were against China. Quite a number were from developed countries like Europe and Japan, but lots and lots, the most ever, were also from developing countries like India, Türkiye, Pakistan, Brazil. Some say it’s evidence of a clear stress that China’s huge exports are putting on the rest of the world’s economies. So the problems are not just ones America is having with China, but the whole world is having. I wonder what are your responses.",Guo Jiakun: The WTO is an international organization based on rules. China stands ready to work with all parties to uphold the multilateral trading system with the WTO at its core and build an open world economy. Let me also stress that the formation of the landscape of world trade also needs full market competition. We stand that relevant trade disputes should be settled through the dispute settlement mechanism in the WTO and in accordance with WTO rules.
 Guo Jiakun,03/28/25,Beijing Youth Daily," French Minister for Europe and Foreign Affairs Jean-Noël Barrot is visiting China upon invitation from March 27 to 28. Could you share more details, including the important understandings and outcomes reached by the two sides during the visit?","Guo Jiakun: China and France are two permanent members of the UN Security Council and major countries with a spirit of independence. In recent years, under the strategic guidance of the two presidents, bilateral relations have maintained a positive and steady momentum of development. In the current international landscape brimming with changes and turbulence, the two countries maintain close communication and cooperation, which is in the interest of the two countries and conducive to the sound development of China-EU relations and world peace and stability.China attaches great importance to this visit as this is Foreign Minister Barrot’s first visit to China after he took office and this year opens up the second 60 years of China-France ties. Premier Li Qiang met with him. Foreign Minister Wang Yi and Foreign Minister Barrot had talks and jointly met the press. The two sides had in-depth communication on China-France and China-EU relations as well as international and regional issues of mutual interest. Various mutual understandings were reached.Both sides shared the view that facing profound changes in the international landscape, as comprehensive strategic partners, China and France need to display a sense of mission, stay committed to multilateralism, dialogue, coordination and mutual benefit, oppose unilateralism, bloc confrontation, decoupling and supply chains disruption, and demonstrate a new sense of commitment in the next 60 years of bilateral relations.Both sides agreed that they will make the high-level dialogues on strategy, economy and fiance, and cultural and people-to-people exchange a success; deepen cooperation in traditional fields such as agriculture, tap potential for cooperation in innovative industries, including artificial intelligence, encourage two-way investment, and settle trade disputes and open up cooperation prospects through friendly consultation and dialogue; implement the initiative put forward by President Xi Jinping during his visit to France last year, namely bringing the total number of French students in China to more than 10,000, and doubling the number of young Europeans on exchange programs to China in the next three years, further facilitate cross-border travel, and have closer exchanges in culture and other fields; strengthen multilateral coordination, firmly support the UN’s central role, and safeguard the basic norms of international relations based on the purposes and principles of the UN Charter.The two countries issued a joint statement on climate change. They said that the two sides commit to implementing the Paris Agreement in a comprehensive, complete and effective manner, and strengthening green and low-carbon cooperation. When the global climate governance comes under headwinds, the statement sends a positive message of the joint and firm response by China and France to climate change, which matters a lot to lifting confidence in global climate cooperation and promoting the multilateral process on climate change.During the visit, the French side reaffirmed their firm commitment to the one-China policy, which China appreciates."
 Guo Jiakun,03/28/25,AFP," U.S. defense chief Pete Hegseth is in the Philippines, and today he said that the two countries must stand shoulder to shoulder in the face of the threat represented by China. Does the Foreign Ministry have a comment on this?","Guo Jiakun: Whatever cooperation the U.S. and the Philippines have, it should not target or harm any third party, still less spread accusations about phantom threats to incite confrontation and heighten tensions in the region.Let me stress that freedom of navigation and overflight has never had any problem in the South China Sea. Throughout the years it’s always been the U.S. who has abetted its allies’ provocations, falsely called China a “threat” and claimed that there’s an issue with “freedom of navigation in the South China Sea”, and kept deploying more and more military resource to the region and undermining its peace and stability. The U.S. needs to get rid of its Cold War mentality, stop creating ideological confrontation, stop sowing tension in the region and discord between its countries, and stop being the disrupter and provocateur in the South China Sea. We also call on the Philippines to stop creating instability with U.S. backing, still less seek military confrontation."
 Guo Jiakun,03/28/25,China Review News, 1 July to 31 December 2024.” What’s China’s comment?,"Guo Jiakun: The UK fabricates the so-called “six-monthly report” to interfere in China’s internal affairs and vilify the human rights conditions and the rule of law in Hong Kong Special Administrative Region. China firmly opposes this. What’s going on is that Hong Kong has entered a new stage in which it has restored order and is set to thrive. Its security, democracy and people’s freedoms and rights are under better protection, and it enjoys more promising prospects for development. Hong Kong shows to the world a safer, freer, and more open and predictable business environment, and sees all-time high figures for the registration of non-Hong Kong firms. Some people should get rid of its deeply entrenched colonial mindset as early as possible, respect China’s sovereignty and Hong Kong’s rule of law, stop pointing fingers at the handling of judicial cases in the Hong Kong, and stop being a haven to the people who sought to destabilize Hong Kong."
 Guo Jiakun,03/28/25,Reuters," Is the Foreign Ministry able to provide an update on the safety of Chinese citizens and businesses in Myanmar, Thailand and Bangladesh following the Mandalay earthquake?","Guo Jiakun: We noted relevant reports on the earthquake. We are following and checking the situation, and will release information in a timely manner."
 Guo Jiakun,03/28/25,Xinhua News Agency," To follow up on Foreign Minister Wang Yi’s official visit to Russia, can you brief us on the purpose and agenda of the visit?","Guo Jiakun: China and Russia are comprehensive strategic partners of coordination in the new era. In recent years, under the strategic guidance of the presidents of the two countries, China and Russia have upheld lasting good-neighborliness, comprehensive strategic coordination and the spirit of mutual benefit and win-win cooperation. We have deepened back-to-back strategic coordination, expanded practical cooperation across the board and made important contribution to the development and revitalization of the two countries and efforts of safeguarding basic norms governing international relations.During the visit, Foreign Minister Wang Yi will meet with the leader of Russia and hold talks with Russian Foreign Minister Sergei Lavrov. China hopes to work with Russia through this visit to implement the important common understandings between the two heads of state and have in-depth communication on the future development of China-Russia relations and international and regional issues of mutual interest."
 Guo Jiakun,03/28/25,BBC," Just a follow-up on this question about the U.S. Defense Secretary in the Philippines. When he spoke about the perceived threat from China, his words was the threat was from the communist Chinese. What do you think of that language? Does it sound appropriate to the Chinese government?","Guo Jiakun: Let me stress that the leadership of the Communist Party of China (CPC) is the choice of history and the choice of the people. The CPC’s leadership is explicitly stipulated in China’s Constitution and enjoys the wholehearted support of the Chinese people, and this will not be shaken by any force."
 Guo Jiakun,03/28/25,RIA Novosti," Russian President Vladimir Putin said earlier that the possibility of introducing temporary governance in Ukraine under the auspices of the UN could be discussed with the United States, European countries, and Russian partners. I wonder what’s China’s comment on this proposal.",Guo Jiakun: China’s position on the Ukraine crisis is consistent and clear.
 Guo Jiakun,03/28/25,AFP," A South Korean government source on Friday said that top trade officials from South Korea, Japan and China will meet this weekend in South Korea to discuss economic cooperation. Can the Foreign Ministry confirm this?",Guo Jiakun: I’d refer you to competent authorities for anything specific. China supports the three countries in strengthening trilateral cooperation.
 Guo Jiakun,03/28/25,Global Times, We noted that the Cyberspace Administration of China and other authorities jointly issued the measures for identifying AI-generated synthetic content recently. Can you share more information on that and China’s position on the governance of AI?,"Guo Jiakun: I’d like to refer you to the competent authorities for anything specific. Let me stress that China puts forward and follows the Global AI Governance Initiative and actively supports the joint efforts from all countries in promoting AI governance. We uphold the principles of a people-centered approach and the development of AI for the good of humanity, put equal emphasis on development and security, advance AI application and governance in a balanced manner and ensure that AI is safe, reliable, controllable and fair. We are committed to implementing risk-oriented and agile governance, gradually establishing and improving laws and regulations and vigorously advancing the sound development and well-regulated application of AI. We will continue to work with all parties to engage in dialogue and cooperation, share the best practices and work to build broader consensus in the global governance of AI.  "
 Guo Jiakun,03/27/25,CCTV," Member of the Standing Committee of the Political Bureau of the CPC Central Committee and Vice Premier of the State Council Ding Xuexiang delivered a keynote speech at the opening ceremony of the Boao Forum for Asia Annual Conference 2025 this morning. He pointed out that China will step up efforts to promote self-reliance and strength in science and technology at a higher level and integrated development of technological and industrial innovation. We also noted that China has focused on developing new quality productive forces through scientific and technological innovation in recent years, and a series of frontier sci-tech outcomes have kept emerging. What is your comment on China’s sci-tech development and its international cooperation in this regard?","Guo Jiakun: This morning, Vice Premier Ding Xuexiang delivered a keynote speech at the opening ceremony of the Boao Forum for Asia Annual Conference 2025. He pointed out that China’s firm commitment to an innovation-driven development strategy has led to a notable boost in our innovation capability, and a successful transition from old to new growth drivers. This has not only helped us tide over economic difficulties, but also lifted our medium- to long-term growth prospect and potential. You may have noticed the fruitful results of China’s sci-tech progress in recent years, ranging from digital networks and AI to aerospace and deep-sea exploration, and to daily necessities and infrastructure. Chinese people can truly feel that “science and technology brings a better life.”At this year’s Boao Forum for Asia Annual Conference, participants are holding lively discussions on sci-tech cooperation topics including AI application and governance and digital capacity-building. They believe that China has achieved remarkable outcomes in developing new quality productive forces, and a series of new technologies have become new engines driving economic growth. China has always been committed to strengthening sci-tech innovation cooperation, promoting the sharing of sci-tech outcomes to better facilitate the development of countries around the world. China is actively working on establishing the China-Japan-ROK Innovation Cooperation Center, and is joining hands with the Lao PDR to build an AI Innovation Cooperation Center. China has also signed a cooperation agreement with Pakistan on selecting and training astronauts and the Chinese space station is expecting the first foreign astronaut.History has proven time and again that only with opening-up and cooperation can a better prospect be embraced. China will continue to join hands with all parties to create an open, fair, just and non-discriminatory environment for sci-tech development, bringing benefits to more countries and peoples."
 Guo Jiakun,03/27/25,AFP, Beijing authorities have resumed criticism of CK Hutchison’s sale of its Panama Canal ports. Two Chinese government offices overseeing Hong Kong affairs recently reposted an article that compared the deal to wrecking one’s own foundation. Does the Foreign Ministry have any comments on this?,"Guo Jiakun: On your specific question, I’d refer you to competent authorities. Let me stress more broadly that China firmly opposes moves that infringe on and undermine other countries’ legitimate rights and interests through economic coercion, hegemonism and bullying."
 Guo Jiakun,03/27/25,CCTV," In the complex and turbulent global security landscape, the international community expects China’s greater role in promoting world peace and stability. Yesterday afternoon, a high-level dialogue on global governance was held at the Boao Forum for Asia Annual Conference 2025. Vice Foreign Minister Chen Xiaodong attended the event and delivered a keynote speech on “joining hands to implement the Global Security Initiative to safeguard world peace and security.” Could you share more details with us?","Guo Jiakun: On the afternoon of March 26, the Boao Forum for Asia Annual Conference 2025 hosted the high-level dialogue on global governance after the U.N. Summit of the Future. Vice Foreign Minister Chen Xiaodong attended the event upon invitation and delivered a keynote speech.This year marks the 80th anniversary of the United Nations. Last year, the U.N. Summit of the Future was held, during which the Pact for the Future was adopted. With the international landscape undergoing turbulence and transformation, peace and security is the top priority of global governance. President Xi Jinping, with a global vision and bearing in mind the well-being of all humanity, has put forward and promoted the Global Security Initiative (GSI), which is aimed at building the widest consensus and pooling efforts in the international community, improving global security governance and resolving security plights. Vice Foreign Minister Chen Xiaodong focused on sharing with the Chinese and foreign guests the essence and outcomes of the initiative. He said that we need to create synergies between the GSI and the Pact for the Future on global security governance, coordinate their implementation, and achieve mutual success. He also shared China’s proposals on strengthening security cooperation and promoting world peace and tranquility under the guidance of the GSI.Guests from at home and abroad spoke highly of the progress and achievements of the GSI, and expressed their great expectation that the international community will jointly uphold and promote world peace and security. China will continue to work with the international community hand in hand to turn the GSI from consensus into action and the Pact for the Future from a vision into reality, build a community with a shared future for mankind, and usher in a brighter future with lasting peace and universal security."
 Guo Jiakun,03/27/25,RIA Novosti, U.S. President Donald Trump announced earlier that the United States will be charging 25 percent tariffs on all cars made outside the country. I wonder how this move will affect the trade cooperation between China and the United States.,"Guo Jiakun: We noted that major trading partners of the U.S. have already responded. Trade and tariff wars have no winners. No country in the world thrive and prosper through imposing tariffs. The U.S. levies violate WTO rules, undermine the rules-based multilateral trading system, hurt the common interests of people from all countries and will not help address the U.S.’s own problem."
 Guo Jiakun,03/27/25,China Daily," U.S. Secretary of State Marco Rubio recently said in Latin America China’s investments are “predatory practices,” which come attached with “a huge loan” that can never be repaid by the locals. What’s China’s response?","Guo Jiakun: The U.S. spreads disinformation on so-called China’s “predatory practices” to sow discord between China and other countries. Such malicious attempt will never succeed.Investment cooperation between China and the rest of the world is based on mutual respect, equality and mutual benefit, openness and mutual accommodation and win-win results. We respect the will of our partner countries, and the cooperation greatly boosted their economic development, improved people’s livelihood, and delivered tangibly to the local people. There’s nothing to support the so-called “debt trap” narrative. The world can see clearly who exactly is being coercive and predatory. We urge the U.S. to reflect on what it has done to developing countries in Latin America and the Caribbean through bullying and predatory behavior, and stop vilifying China."
 Guo Jiakun,03/27/25,Reuters, President Donald Trump said yesterday he would be willing to consider a reduction in tariffs on China in exchange for a deal on TikTok. Do you have any comment?,Guo Jiakun: China has stated its position on TikTok on multiple occasions. China’s opposition to imposing additional tariffs is consistent and clear.
 Guo Jiakun,03/27/25,Reuters, Can we just check your comment from the Foreign Ministry? Is the EU trade commissioner planning to visit from tomorrow?,Guo Jiakun: I’d refer you to competent authorities.
 Guo Jiakun,03/26/25,Shenzhen TV," The Boao Forum for Asia Annual Meeting 2025 has just kicked off. We noted that the Asian Economic Outlook and Integration Progress Annual Report 2025 was released at the forum. The report estimates that Asia’s economy will grow by 4.5 percent in 2025, with its share rising to 48.6 percent among the world’s economic output measured by purchasing power parity. Secretary General of the Boao Forum for Asia noted that “the world has every reason to be hopeful about Asia’s future.” How would you assess Asia’s development prospect and China’s role? ","Guo Jiakun: We noted the report. Asia is the most populous region globally and has the most vibrant economy with strong resilience of economies in the region. Asia is at the forefront of the world in such aspects as economic growth, trade in goods and services and regional economic integration, and has become an important driving force and stabilizer for global economic growth.As the global economy faces rising instability and uncertainty, the international community is following what path Asia chooses and calling for solutions Asia could offer. We hope that participating parties at this year’s Boao Forum for Asia could have in-depth exchanges and discussion, grasp the overriding trend of universally beneficial and inclusive economic globalization, work for early conclusion and implementation of the China-ASEAN Free Trade Area 3.0, and explore new sustainable driving forces, such as digital economy and green economy.As an important member of the big Asian family and the host country of the Boao Forum for Asia, China will stay committed to promoting high-quality development and high-standard opening up, joining hands with other Asian countries to tackle development challenges with solidarity and seek win-win results through cooperation, and making new contribution to global growth."
 Guo Jiakun,03/26/25,Reuters, The U.S. has placed dozens of Chinese entities on the U.S. Department of Commerce’s export restriction list. What response does the Ministry have to this? Would China take countermeasures?,"Guo Jiakun: The U.S. action is an abuse of its entity list and other export controls. The U.S. falsely accuses China of “activities contrary to U.S. national security and foreign policy” and uses it as an excuse to impose illicit unilateral sanctions. This is typical hegemonism and a serious violation of international law and the basic norms governing international relations. The action of the U.S. harms the lawful rights and interests of businesses and destabilizes the global industrial and supply chains. We firmly oppose and strongly condemn this.We call on the U.S. to stop overstretching the concept of national security, stop politicizing trade and sci-tech issues and using them as a weapon and a tool and stop abusing various kinds of sanction lists to hit Chinese companies. China will take necessary steps to firmly safeguard the lawful rights and interests of Chinese companies."
 Guo Jiakun,03/26/25,The Paper," It’s reported that according to the ROK’s Central Disaster and Safety Countermeasures Headquarters, as of 1 p.m. March 26, the wildfires in Gyeongsang, the ROK, killed 20 people, injured 19, and burned forests, houses and a temple. What’s China’s comment? ",Guo Jiakun: The recent wildfires in part of the ROK inflicted casualties and property loss. China mourns the victims and expresses sympathies to the bereaved and injured.
 Guo Jiakun,03/26/25,CCTV, Today marks the 50th anniversary of the entry into force of the Biological Weapons Convention. What’s China’s view on the role and prospects of the convention as well as proposition on strengthening it?,"Guo Jiakun: The Biological Weapons Convention establishes obligations under international law to eliminate the threats of biological weapons, reduce biosecurity risks and promote the peaceful use of biological technology. It plays an important role in humanity’s effort to safeguard peace and security and promote the common cause of development and prosperity.President Xi Jinping proposed the Global Security Initiative, advocating the joint response from all countries to biosecurity and other global challenges. In recent years, China has put forward a series of propositions and proposals, and promoted the establishment of a verification regime of the convention in order to prevent and deter violations of the convention. At the same time, China advocates responsible research in bioscience, promotes bilateral and multilateral exchanges and cooperation, and supports developing countries in fully engaging in global biosecurity governance and benefiting from the development of biological science. China calls on all states parties to take concrete actions, earnestly fulfill obligations, jointly defend the authority of the convention, and keep improving the biosecurity governance system."
 Guo Jiakun,03/26/25,AFP, A Chinese influencer Liu Zhenya left Taiwan yesterday after her residency permit was revoked for advocating that China should unify Taiwan by military means. Does the Foreign Ministry have a comment on this?,Guo Jiakun: I didn’t notice relevant reports. Let me stress that Taiwan is an inalienable part of China’s territory.
 Guo Jiakun,03/26/25,Kyodo News," According to reports, the result of the second sampling of the Fukushima nuclear-contaminated water will be announced soon. If there’s no abnormality in the result, will China lift the restrictions on the import of Japanese aquatic products?","Guo Jiakun: At the Sixth China-Japan High-Level Economic Dialogue co-chaired by Foreign Minister Wang Yi and Japanese Foreign Minister Takeshi Iwaya, the Japanese side reiterated its commitment of accepting long-term international monitoring and independent sampling and monitoring by China. Both sides confirmed that the above-mentioned monitoring activities will be carried out on a continuous basis and consultations on the export of Japanese aquatic products to China will be held on the premise that there’s no abnormality in the result.Let me stress that China’s opposition to Japan’s unilateral discharge of the Fukushima nuclear-contaminated water into the sea has not changed. Since last year, Chinese experts have conducted independent sampling twice in Japan and promptly released the relevant test results. On the basis of Japan’s fulfillment of its commitments and no abnormality in the test results, on March 12 as scheduled, China’s General Administration of Customs held a technical exchange with the Japanese side in Beijing on the safety of Japanese aquatic products. China will continue to work with the international community to urge Japan to honor its commitments and ensure that the discharge of Fukushima nuclear-contaminated water always remains under strict international oversight."
 Guo Jiakun,03/26/25,Reuters, A report by the U.S. intelligence agencies published yesterday said China remains the top military and cyber threat to the U.S. This report said Beijing was making “steady but uneven” progress on capabilities it could use to capture Taiwan. What comment does the Ministry have on this?,"Guo Jiakun: The U.S. issues irresponsible and biased reports like this year after year, seeks to promote the false “China threat” narrative and fans up major-country rivalry, so that there could be an excuse to suppress China and perpetuate U.S. supremacy.China’s development has a long historic thread and is robust and self-driven. Our goal is very clear and there’s nothing to hide about it: we strive to make sure that the Chinese people can lead a better life and China can contribute more to the world we live in. We have no intention to surpass or supplant anyone.The Taiwan question is entirely China’s internal affair. Nothing will deter China from rejecting “Taiwan independence” and defending national sovereignty and territorial integrity. No one shall underestimate or miscalculate China’s resolve.As the saying goes, “To a man with a hammer, everything looks like a nail.” China is not a mirror image of the hegemonic U.S. The U.S. needs to stop viewing its ties with China from the outdated Cold War perspective, stop containing China in the name of “strategic competition”, and stop aiding or abetting “Taiwan independence” in any form. The U.S. should stop falsely picturing China as a threat and work with China for a steady, sound and sustainable China-U.S. relationship."
 Guo Jiakun,03/26/25,China News Service," Yesterday, Foreign Minister Wang Yi and Portugal’s Minister of State and Foreign Affairs Paulo Rangel held the second China-Portugal strategic dialogue at the foreign ministers’ level. They reviewed the past experience of peacefully and properly resolving the question of Macao, and said that the two sides need to continue leveraging Macao’s role as a bridge and promote greater progress in bilateral relations. How do you view Macao’s role in China-Portugal relations? ","Guo Jiakun: China and Portugal properly resolved the question of Macao, setting an example of countries solving issues left over from the past through friendly consultation. After its return, as the only place in the world with both Chinese and Portuguese as its official languages, the Macao Special Administrative Region is an important platform for promoting business ties between China and Portuguese-speaking countries. It has increasingly frequent and in-depth exchanges with Portugal and other Portuguese-speaking countries. We believe with the strong support of the Central Government and the mainland of the country, Macao SAR will fully leverage the institutional strength of One Country, Two Systems, reinforce its connectivity with both the mainland and the world, act as a bridge between China and Portuguese-speaking countries, and help China and Portuguese-speaking countries achieve greater progress in cooperation in trade, finance, tourism and hi-tech, and other fields."
 Guo Jiakun,03/25/25,Hubei Media Group, The China Development Forum 2025 was held in Beijing. The theme of this year’s forum is “Unleashing Development Momentum for Stable Growth of Global Economy.” Political figures from many countries and heads of multinationals attended the forum. What’s your comment?,"Guo Jiakun: From March 23 to 24, the China Development Forum 2025 was held in Beijing. Premier of the State Council Li Qiang attended the opening ceremony and delivered a keynote speech. He encouraged all parties to feel China’s vibrancy through its economic growth during the Spring Festival, understand China’s economic policies through the two sessions, and think about the right way to world development and progress through the evolving global landscape. His speech shows China’s confidence and resolve in continuing the good momentum of steady economic growth as well as its commitment to acting as a force of stability and certainty for world peace and development.This year’s forum is attended by over 750 foreign representatives, including global companies from a larger number of countries covering more sectors. Among these multinationals, the first-time attendees outnumber the previous years. All these show that foreign-invested businesses continue to invest in China with optimism, which is a vote of confidence in China’s economic outlook.China will steadfastly advance high-quality development and high-standard opening up. We welcome foreign businesses to seize opportunities, invest in China, prepare for the future, promote steady global growth, oppose unilateralism and protectionism, and achieve greater development through mutually beneficial cooperation."
 Guo Jiakun,03/25/25,AFP, Canada has launched a dispute against China at the WTO over additional duties on agricultural and fishery products. What is the Foreign Ministry’s response to this?,"Guo Jiakun: I’d refer you to competent Chinese authorities for the specific question. I want to point out that, in disregard of China’s repeated persuasion, Canada has insisted on taking discriminatory restrictive measures on some Chinese imports. This seriously violates WTO rules, disrupts normal trade order, and gravely harms China’s lawful rights and interests. The countermeasures China has taken are fully necessary, justified, reasonable and lawful. China urges Canada to take concrete steps to correct the wrongdoings, and provide a fair, non-discriminatory and predictable environment for the normal trade and cooperation between the businesses of the two countries."
 Guo Jiakun,03/25/25,Reuters, U.S. President Donald Trump on Monday issued an executive order declaring that any country buying oil or gas from Venezuela will pay a 25 percent tariff on trades with the U.S. China is the biggest buyer of Venezuela’s oil. Will China stop its oil purchases from Venezuela to comply with Trump’s order? ,"Guo Jiakun: The U.S. has long abused illegal unilateral sanctions and “long-arm jurisdiction,” and grossly interfered in the internal affairs of other countries. China firmly opposes such actions. We urge the U.S. to cease its interference in Venezuela’s internal affairs, lift its illegal unilateral sanctions against Venezuela, and take steps that contribute to peace, stability, and development in Venezuela and beyond. Trade wars and tariff wars have no winners. Imposing additional tariffs will only inflict greater losses on American businesses and consumers."
 Guo Jiakun,03/25/25,Beijing Daily," We noted that, at a symposium held by China, UN Under Secretary General Guy Ryder stressed China’s important role in supporting multilateralism and the UN. Can you share more with us on this?","Guo Jiakun: On March 24, the Ministry of Foreign Affairs held the international symposium themed “Strengthen the Role of the United Nations and Promote Multilateralism” in Beijing. Member of the Political Bureau of the CPC Central Committee and Foreign Minister Wang Yi delivered a written message.He noted that, the successful convening of the UN Summit of the Future reflects the common aspiration of the international community for supporting and promoting multilateralism, strengthening the role of the UN and improving global governance. This year marks the 80th anniversary of the victory in the World Anti-Fascist War and the founding of the United Nations. The international community hopes to see all countries work in solidarity and coordination to uphold what is right, steer the direction of our era, defend fairness and justice, safeguard world peace and stability, and promote global development and prosperity. As a founding member of the United Nations and a permanent member of the Security Council, China will continue to work with all sides to practice true multilateralism, safeguard the central role of the UN, and promote global governance that is based on extensive consultation, joint contribution and shared benefit. Together, we will bring stability to a changing and turbulent world, inject positive energy in building a more just and equitable global governance system.Under Secretary General of the UN Guy Ryder attended upon invitation and addressed the symposium. Assistant Foreign Minister Miao Deyu attended and addressed the opening and closing ceremony of the symposium. The participating representatives engaged in lively discussions on topics including sustainable development, international peace and security, scientific and technological innovation, digital cooperation, as well as youth and future generations. There was a broad consensus that, under the current circumstances, it is imperative to strengthen the role of the UN, reinvigorate multilateralism, and foster solidarity and cooperation to jointly address global challenges. The representatives also commended China’s active and constructive role in this regard."
 Guo Jiakun,03/25/25,Reuters," The Chinese staff at Mintz Group have been released, according to the company today. Was there a probe into them and Mintz? What is China’s conclusion on the case? ",Guo Jiakun: I’d refer you to competent authorities for anything specific.
 Guo Jiakun,03/25/25,China News Service," It’s reported the Philippine Ambassador to the United States, Jose Manuel Romualdez, stated that the U.S. Secretary of Defense Pete Hegseth is scheduled to visit the Philippines on March 28 to 29. During the visit, Secretary Hegseth is expected to meet with the Philippine President and Secretary of Defense. This visit underscores the solid alliance between the Philippines and the United States, and highlights Philippines’ role in U.S. defense strategy. He noted that the Philippines seeks to benefit from its allies, including the U.S., Japan, and Australia, particularly in modernizing its military capabilities, so as to be better prepared should there be conflicts in the Indo-Pacific region. What is China’s response?","Guo Jiakun: On the military cooperation between the Philippines and the U.S., China made clear its position more than once. Any defense or security cooperation between the Philippines and other countries should not target any third party or harm their interest, still less threaten regional peace or escalate tensions in the region. Facts have repeatedly proven that nothing good could come out of opening the door to a predator. Those who willingly serve as chess pieces will be deserted in the end. Our message to some in the Philippines: stop serving as other countries’ mouthpiece and no more stunt for personal political agenda."
 Guo Jiakun,03/25/25,Global Times," The China Cybersecurity Industry Alliance released today a report entitled Mobile Cyberattacks Conducted by U.S. Intelligence Agencies, revealing how the U.S. carried out cyberattacks and eavesdropping and espionage activities on global mobile smart terminals, supply chain and operators. What is China’s comment?","Guo Jiakun: We noted the report. According to this report, the U.S. government has taken advantage of its monopoly in telecommunication technology and in the upstream of the industrial and supply chains, and carried out large-scale and long-term malicious cyber activities targeting mobile phones and even the entire mobile industry ecosystem globally. Such activities have been pervasive.Let me point out that according to the report, the U.S. is the major country that carries out cyberattacks through the supply chain and mobile operators. Over the years, the U.S. has blamed others on the security of the supply chain, applied double standards, and tried every means possible to peddle the so-called security issues in 5G supply chain. At the same time, however, it has set up backdoors in telecommunication equipment and products worldwide with the help of major U.S. internet companies or suppliers to support its cyberattacks. We believe this report will help the world have a better understanding of what the U.S. has done in this field.We express grave concern over the malicious cyber activities by the U.S. as revealed by the report. We urge the U.S. to stop such activities at once, in particular the malicious cyber activities carried out through the global supply chain. The U.S. should give an explanation to the world in a responsible attitude."
 Guo Jiakun,03/25/25,Reuters, The Canadian Security Intelligence Service said on Monday that China and India are likely to try to interfere in the upcoming Canadian general election on April 28. The Canadian spy service also said China is “highly likely” to use AI-enabled tools to interfere in that election. What will China do to address Canada’s fears?,"Guo Jiakun: China stays committed to the principle of non-interference in other countries’ domestic affairs. China has never interfered in Canada’s internal affairs, nor do we have any interest in doing so."
 Guo Jiakun,03/25/25,Reuters, Bangladesh’s Chief Adviser Muhammad Yunus will start his China visit on Wednesday. What are China’s expectations for the visit?,"Guo Jiakun: Yesterday, the Boao Forum for Asia (BFA) announced that Chief Adviser Yunus is going to attend the BFA Annual Conference 2025. China welcomes Chief Adviser Yunus’s attendance at the conference in China. Let me stress that China and Bangladesh are traditional friends and neighbors as well as comprehensive strategic cooperative partners. This year marks the 50th anniversary of our diplomatic ties. China stands ready to work with Bangladesh to step up exchanges and cooperation and jointly move forward bilateral relations."
 Guo Jiakun,03/24/25,China News Service, Foreign Minister Wang Yi recently attended the China-Japan-ROK Trilateral Foreign Ministers’ Meeting and co-chaired the China-Japan High-Level Economic Dialogue in Japan. Can you share information on that?,"Guo Jiakun: We have released readouts, which you may refer to. While he was in Japan, Foreign Minister Wang Yi attended the 11th China-Japan-ROK Trilateral Foreign Ministers’ Meeting and held the China-Japan High-Level Economic Dialogue six years after the previous one. He also met with Japanese Prime Minister Shigeru Ishiba, ROK Foreign Minister Cho Tae-yul and others. The visit was a success.The foreign ministers of China, Japan and the ROK had in-depth exchanges of views on the trilateral cooperation and regional and international issues. They agreed that it’s important to uphold the momentum of trilateral cooperation, advance practical cooperation on all fronts, expand cooperation areas, deepen cultural and people-to-people exchange, and work for more outcomes that benefit the people of the three countries and the wider region.China and Japan agreed to follow through on the important common understandings between President Xi Jinping and Prime Minister Shigeru Ishiba in their meeting in Lima, fully advance the China-Japan strategic relationship of mutual benefit, step up exchanges and cooperation in various fields, and work for the steady and sustained development of the bilateral relations. Fifteen government departments from the two sides attended the high-level economic dialogue. They had in-depth communication on macro policies, trade and investment, digital economy, green development, ecological conservation, cultural and people-to-people exchanges and regional cooperation. They also made plans for cooperation going forward and reached 20 common understandings.As a Chinese saying goes, close neighbors are better than relatives far away. In a world with notably rising uncertainties and instabilities, China stands ready to work with Japan and the ROK to enhance mutual trust, deepen cooperation, resist disruption, and together contribute to regional and global peace and prosperity."
 Guo Jiakun,03/24/25,AFP," Chinese Premier Li Qiang met with U.S. Senator Steve Daines on Sunday and said that Beijing and Washington should choose dialogue over confrontation. Following this meeting, can the Foreign Ministry give us any more details on what would be the next step in dialogue between the U.S. and China?","Guo Jiakun: China has released a readout on the meeting, which you may refer to. China believes that the steady, sound and sustainable development of China-U.S. relations serves the common interests of both peoples and meets the shared aspiration of the international community."
 Guo Jiakun,03/24/25,Global Times," Foreign Minister Wang Yi met with Prime Minister Shigeru Ishiba, Foreign Minister Takeshi Iwaya, and some other Japanese political figures when he attended the China-Japan-ROK Trilateral Foreign Ministers’ Meeting and co-chaired the China-Japan High-Level Economic Dialogue in Japan. According to China’s readouts, Foreign Minister Wang Yi made clear during the meetings China’s position and concerns on the issue of history. He stressed that the Japanese side should hold a correct perception of and attitude on history. Could you share with us more details on China’s principled position on this issue?","Guo Jiakun: As Foreign Minister Wang Yi said, the issue of history bears on the political foundation of China-Japan relations as well as people’s sentiments in China and other Asian countries victimized by Japanese aggression during the war. Having a correct perception of and attitude on history is an important prerequisite for Japan’s return to the international community after World War II, the political foundation of Japan’s relations with neighboring countries, and more importantly, an important yardstick for Japan’s commitment to peaceful development. This year marks the 80th anniversary of the victory in the Chinese People’s War of Resistance Against Japanese Aggression and the World Anti-fascist War. History, if not forgotten, can serve as a guide for the future. To bear in mind the history during the last century is not for perpetuating hatred but for cherishing the hard-won peace and creating a bright future. The four political documents between China and Japan established the important political principle of “seeing history as a mirror and looking ahead to the future”, and Japan made serious political commitments. We hope the Japanese side will earnestly draw lessons from history, have a strong sense of responsibility to history, people and the future, make a clean break with the moves of whitewashing the history of aggression, follow the path of peaceful development, and take concrete actions to earn the trust of its Asian neighbors and the international community."
 Guo Jiakun,03/24/25,Global Times," Foreign Minister Wang Yi met with Prime Minister Shigeru Ishiba, Foreign Minister Takeshi Iwaya, and some other Japanese political figures when he attended the China-Japan-ROK Trilateral Foreign Ministers’ Meeting and co-chaired the China-Japan High-Level Economic Dialogue in Japan. According to China’s readouts, Foreign Minister Wang Yi made clear during the meetings China’s position and concerns on the issue of history. He stressed that the Japanese side should hold a correct perception of and attitude on history. Could you share with us more details on China’s principled position on this issue?","Guo Jiakun: As Foreign Minister Wang Yi said, the issue of history bears on the political foundation of China-Japan relations as well as people’s sentiments in China and other Asian countries victimized by Japanese aggression during the war. Having a correct perception of and attitude on history is an important prerequisite for Japan’s return to the international community after World War II, the political foundation of Japan’s relations with neighboring countries, and more importantly, an important yardstick for Japan’s commitment to peaceful development. This year marks the 80th anniversary of the victory in the Chinese People’s War of Resistance Against Japanese Aggression and the World Anti-fascist War. History, if not forgotten, can serve as a guide for the future. To bear in mind the history during the last century is not for perpetuating hatred but for cherishing the hard-won peace and creating a bright future. The four political documents between China and Japan established the important political principle of “seeing history as a mirror and looking ahead to the future”, and Japan made serious political commitments. We hope the Japanese side will earnestly draw lessons from history, have a strong sense of responsibility to history, people and the future, make a clean break with the moves of whitewashing the history of aggression, follow the path of peaceful development, and take concrete actions to earn the trust of its Asian neighbors and the international community."
 Guo Jiakun,03/24/25,Polish Press Agency, The German media outlet Welt am Sonntag has reported Chinese diplomats are discussing in Brussels the possibility of its participation in a potential peacekeeping contingent in Ukraine. Can you confirm that? Is China considering sending peacekeeping troops to Ukraine? What are the prerequisites for this decision?,Guo Jiakun: The report is not true at all. China’s stance on the Ukraine crisis is consistent and clear.
 Guo Jiakun,03/24/25,China Daily," We noted that days ago, the Group of Friends for Peace on the Ukraine crisis had a meeting again in New York and held a media stakeout. Could you share more details with us?","Guo Jiakun: The Group of Friends for Peace on the Ukraine crisis recently had a meeting in New York. They discussed the latest developments of the Ukraine crisis and the prospects for achieving a lasting peace. A media stakeout was held after the meeting, highlighting that the meeting was highly successful and reaffirming the resolution of the conflict through a negotiated political solution and diplomatic means. Members of the Group stressed that the conflict might be approaching a turning point and welcomed recent dynamics toward peace talks. They urged all stakeholders to play a constructive role, find a just and lasting solution—one that addresses concerns of the parties to the conflict and leads to a peace agreement acceptable to them. The Group will stay committed to maintaining close communication with all relevant parties, making the voices of the Global South heeded by more, and contributing to a peaceful resolution to the conflict and a better future for all.Since its founding last September, under the guidance of the purposes and principles of the UN Charter, the Group of Friends for Peace on the Ukraine crisis has consistently advocated for an early peaceful resolution, and rallied positive forces for political settlement of the crisis. China will continue to work with the international community to make more rational voices for peace talks heard, create conditions for ending the conflict and promoting peace talks, build momentum and play an active and constructive role for the political settlement of the crisis."
 Guo Jiakun,03/24/25,CCTV, It’s reported that U.S. Senator Steve Daines said in an interview with Bloomberg on March 23 that he’d like to arrange a bipartisan delegation of U.S. senators to China later this year after David Perdue is confirmed as ambassador to the country. What’s China’s response?,"Guo Jiakun: China welcomes more members of the Congress and American people from all walks of life to visit China so as to learn about China in a more objective way, and play a constructive role for the steady, sound and sustainable development of China-U.S. relations."
 Guo Jiakun,03/24/25,Shenzhen TV," To follow up on Foreign Minister Barrot’s visit to China, can you brief us on the program of the visit and China’s expectation?","Guo Jiakun: China and France celebrated the 60th anniversary of our diplomatic ties last year. President Xi Jinping’s successful state visit to France has led the bilateral ties onto a new journey and produced profound and positive impact internationally. The upcoming visit will be Foreign Minister Barrot’s first visit to China after coming into office. During his visit, Foreign Minister Wang Yi will hold talks with him to exchange views on following through on the two presidents’ common understandings, advancing China-France relations and China-EU relations, and other topics of common interest.This year marks the 80th anniversary of the victory in the World Anti-Fascist War and the 80th anniversary of the establishment of the United Nations. The international landscape we are facing is an increasing mix of turbulence and transformation with rising instability and uncertainty. China and France are permanent members of the UN Security Council and each other’s comprehensive strategic partner. It is imperative for us to enhance strategic communication and contribute to world peace, stability and development. Through this visit, China hopes to work with France to consolidate political mutual trust, uphold openness and win-win, promote solidarity and coordination, safeguard multilateralism, jointly guard against the undertows of unilateralism and the law of the jungle, and inject more certainty to the world."
 Guo Jiakun,03/24/25,China Review News," According to what has been released by China’s Ministry of Foreign Affairs, while he was in Japan, Foreign Minister Wang Yi talked about the Taiwan question with Japanese political figures. He stressed that the four political documents between China and Japan have made clear provisions on the Taiwan question, which must be strictly implemented without ambiguity or backsliding. Can you further brief us on China’s stance? ","Guo Jiakun: Taiwan is an inalienable part of China’s territory. The Taiwan question is at the core of China’s core interest, and bears on the political foundation of China-Japan relations and basic trust between the two countries.This year marks the 80th anniversary of the recovery of Taiwan. Japan undeniably bears historical responsibilities on the Taiwan question. The Cairo Declaration issued by China, the U.S. and the UK in 1943 stated in explicit terms that Taiwan is a territory that Japan had stolen from the Chinese, and shall be restored to China. Article 8 of the Potsdam Proclamation jointly issued by China, the U.S., the UK and the Soviet Union in 1945 stipulates that the terms of the Cairo Declaration shall be carried out. On August 15, 1945, Japan accepted the Potsdam Proclamation and announced unconditional surrender. Later in 1972, Japan pledged in the China-Japan Joint Statement that it firmly maintains its position under Article 8 of the Potsdam Proclamation. The Treaty of Peace and Friendship Between China and Japan signed in 1978 clearly stated that the principles set out in the statement should be strictly observed. The treaty was deliberated and approved by the legislators of the two countries, and together with the China-Japan Joint Statement, constitute legally binding documents that provide guidance for the bilateral ties. The above-mentioned historical evidence and legal basis fully show that abiding by the one-China principle is the serious political commitment and obligation under international law that Japan must follow.The false narrative, including “a Taiwan emergency is a Japanese emergency” and “the China-Japan Joint Statement is not legally binding”, will gravely erode the political foundation of China-Japan relations. Such narrative is not only wrong, but also very dangerous. We urge Japan to deliver on its commitment, handle the Taiwan question with extra prudence and take concrete actions to maintain the momentum of improvement and development in China-Japan relations."
 Guo Jiakun,03/24/25,AFP, I have a question about China Eastern Airlines Flight 5735 which crashed three years ago in Guangxi and killed 132 people on board. China’s civil aviation authority had issued statements on the probe into the crash on the first and second anniversaries. Are there any details you can provide on the ongoing investigation? ,Guo Jiakun: I’d refer you to competent authorities for anything specific.
 Guo Jiakun,03/24/25,TVB," According to reports, information from sources shows that Rodrigo Duterte, former president of the Philippines, before being arrested by the International Criminal Court (ICC) applied for asylum in China but was allegedly rejected. The Philippine National Police’s Criminal Investigation and Detection Group (CIDG) preferred to arrest Duterte in Hong Kong, but the Hong Kong Police Force refused to cooperate with the International Criminal Police Organization since China is neither a state party nor a member state to the Rome Statute. What’s China’s comment? Can you confirm that Duterte sought asylum in China? If so, why did China reject the request?","Guo Jiakun: The Commissioner’s Office of China’s Foreign Ministry in the Hong Kong SAR has made a response on Mr. Rodrigo Duterte’s visit to Hong Kong. Relevant personnel in the Philippines also made remarks on that. Let me point out in particular that Mr. Duterte’s visit to Hong Kong was a private vacation trip. We have never received the so-called application for asylum to the Chinese government from former president Rodrigo Duterte or his family. We hope people from the media can be careful about the so-called “information from sources”, either unfounded or ill-motivated, and do not easily believe what they hear."
 Mao Ning,03/21/25,CCTV," To follow up on Portugal’s Minister of State and Foreign Affairs Paulo Rangel’s visit to China, how does China view its current relations with Portugal? What’s China’s expectation on this visit?","Mao Ning: China and Portugal enjoy long-standing friendship. Friendly cooperation has been the underlying feature of bilateral relations. In recent years, under the strategic guidance of the two presidents and with our joint effort, China-Portugal political mutual trust has been consolidated, practical cooperation in various fields has produced fruitful outcomes, and our businesses have worked for mutual benefits, setting an example of openness and win-win.Foreign Minister Paulo Rangel will be the first European foreign minister to visit China after the two sessions. During the visit, Foreign Minister Wang Yi and Foreign Minister Paulo Rangel will chair the second China-Portugal strategic dialogue at the foreign ministers’ level. This will be the first face-to-face China-Portugal strategic dialogue at the foreign ministers’ level, which is conducive to stepping up communication and coordination, and implementing the important understandings between the two leaders. This year marks the 20th anniversary of the China-Portugal comprehensive strategic partnership. China stands ready to work with Portugal to deepen strategic mutual trust, enhance friendly exchanges, conduct high-quality Belt and Road cooperation, and promote the sound and steady development of China-Portugal and China-EU relations. "
 Mao Ning,03/21/25,The New York Times, Do you expect the visit of Senator Daines from the U.S. to begin to lay the groundwork for a summit between the presidents of the United States and China? ,"Mao Ning: We welcome Senator Steve Daines’s visit to China. We also welcome Americans from all walks of life, including members of the Congress, to visit China. China all along believes that the steady, sound and sustainable development of China-U.S. relations serves the common interests of the two peoples and meets the expectation of the international community."
 Mao Ning,03/21/25,News 1 Korea, The ROK plans to offer visa exemption to group tourists from China in the third quarter of this year. Does China have a comment on that? What’s China’s expectation?,Mao Ning: China and the ROK are each other’s neighbor. Enhancing cultural and people-to-people exchanges serves both sides’ interests.
 Mao Ning,03/21/25,AFP, Just a follow-up question on U.S. Senator Steve Daines. We know he’s a strong supporter of President Donald Trump. Will he meet the Chinese leader or another senior Chinese official during his visit?  ,Mao Ning: I have nothing to share on that at the moment.
 Mao Ning,03/21/25,Reuters, Just a follow-up to the question on Senator Daines. What is China’s expectation for his visit?,"Mao Ning: We welcome Senator Steve Daines’s visit to China. Maintaining the steady, sound and sustainable development of China-U.S. relations serves the common interests of the two peoples and meets the expectation of the international community."
 Mao Ning,03/21/25,Bloomberg, Foreign Minister Wang Yi will visit Japan from today for the bilateral high-level economic dialogue and also the trilateral foreign ministers’ meeting with Japan and South Korea. What is your expectation for both of those meetings?,"Mao Ning: Foreign Minister Wang Yi will travel to Japan today to attend the 11th China-Japan-ROK Trilateral Foreign Ministers’ Meeting and co-chair with the Japanese side the Sixth China-Japan High-Level Economic Dialogue. China, Japan and the ROK are close neighbors that will always live with each other and important economies in the region and the world. Since the Ninth China-Japan-ROK Trilateral Summit Meeting in May last year, practical cooperation among the three countries in various fields has been advanced steadily and made positive progress. The three parties will exchange views at the Trilateral Foreign Ministers’ Meeting on China-Japan-ROK cooperation and regional and international issues of mutual interest. China stands ready to work with Japan and the ROK to follow through on the leaders’ common understandings, advance cooperation in areas of cultural and people-to-people exchange, sustainable development and climate change, economic cooperation and trade, public health and aging society, sci-tech cooperation and digital transition, and disaster relief and security, expand converging interests, make the pie of cooperation bigger, deliver more benefit of the trilateral cooperation to the peoples of the three countries, and contribute to peace, stability and prosperity in the region and the wider world.The China-Japan relationship is showing a momentum of improvement and development. We hope that Japan can work with China in the same direction and follow the guidance of the important common understandings between leaders of the two countries as well as the spirit of the four political documents between China and Japan to comprehensively advance the China-Japan strategic relationship of mutual benefit and build a constructive and stable China-Japan relationship fit for the new era."
 Mao Ning,03/21/25,Beijing Youth Daily," It’s reported that a freight train loaded with export goods bound for Tashkent, capital of Uzbekistan, departed from Beijing, marking the official launch of the first Beijing-Central Asia freight train service. This is another achievement in the connectivity between China and its neighboring countries. What’s your comment?","Mao Ning: Recently, much progress has been made in China’s connectivity with its neighboring countries. New train service was launched from China to Central Asia, the China-Kyrgyzstan-Uzbekistan railway project ran into operation, and the land-sea corridor train service has run over 10,000 trips in the whole year. In our neighborhood, we have signed Belt and Road cooperation agreements with 25 neighboring countries, and remained the largest trading partner of 18 countries. Today’s China is an anchor of stability, engine of economic development, and pillar of regional security in Asia.  China’s prosperity could not be possible without Asia, and Asia’s development cannot be possible without China. We will continue to follow the principle of amity, sincerity, mutual benefit and inclusiveness on neighborhood diplomacy, stick to the goal of building a community with a shared future, and share opportunities with our neighbors for common development."
 Mao Ning,03/21/25,Bloomberg, The U.S. Treasury Secretary yesterday announced that there was sanction on a Chinese oil refinery in Shandong province and also an oil terminal in Guangdong province for taking Iranian oil. Does the Ministry of Foreign Affairs have any comment on this?,Mao Ning: It is China’s consistent position to oppose the U.S. abuse of illicit unilateral sanctions and long-arm jurisdiction. The U.S. needs to stop disrupting the normal business cooperation between China and Iran. China will take all measures necessary to firmly safeguard the lawful rights and interests of our companies. 
 Mao Ning,03/21/25,Kyodo News," According to reports, Taiwan’s “Legislative Yuan” appointed Iwasaki Shigeru, the former chief of the Joint Staff of Japan’s Self-Defense Forces, as a consultant. What’s your comment?",Mao Ning: Taiwan is an inalienable part of China and the Taiwan question is purely China’s internal affair that brooks no external interference. The one-China principle is the political foundation of China-Japan relations. This year marks the 80th anniversary of the victory of the Chinese People’s War of Resistance Against Japanese Aggression and the World Anti-Fascist War. Japan bears historical responsibilities to the Chinese people over the Taiwan question and should act with extra prudence and honor its promise of adhering to the one-China principle with concrete actions. We’ve lodged protests with the Japanese side. The DPP authorities’ separatist provocations with foreign support are doomed to fail.
 Mao Ning,03/21/25,Bloomberg, Russian media report that Foreign Minister Wang Yi will visit Russia early April in preparation for a visit by President Xi Jinping? Can you confirm Wang Yi’s visit and do you have anything further on that?,Mao Ning: I have nothing to read out on that.
 Mao Ning,03/21/25,The New York Times, Senator Daines has expressed a desire to discuss fentanyl and the bilateral trading balance with Chinese officials while he is here. Does China plan to engage with Senator Daines on these two issues during his visit?,Mao Ning: China all along believes that the two sides should solve each other’s concerns through dialogue and consultation on the basis of equality and mutual respect.
 Mao Ning,03/21/25,The New York Times," American newspapers have reported that Elon Musk was scheduled to be granted a briefing on American military’s contingency plans in case of a conflict with China, although President Trump has said the briefing now will not occur. Does China have any response or comment?",Mao Ning: I’m not familiar with what you said. 
 Mao Ning,03/20/25,CCTV, It is reported that the Organization for Economic Cooperation and Development (OECD) has lowered its global growth forecast in its latest Interim Economic Outlook. It is believed that the trade barriers set by some countries will impact the global economic growth and lead to mounting inflation. What’s your comment?,"Mao Ning: I noted the reports. Trade barriers including tariffs serve nobody’s interests and are not conducive to the prosperity and stability of world economy. Disagreements on trade and business should be resolved through dialogue and consultation, and the world economy should not pay the price. No matter how the external environment may evolve, China will adhere to opening up, and firmly support the principle of free trade and the multilateral trading system. China is committed to supporting the universally beneficial and inclusive economic globalization, and pursuing common development and win-win with all countries."
 Mao Ning,03/20/25,AFP," Canada today condemned China for executing Canadian citizens on drug-related charges. They said that those executions had taken place despite protests from the Canadian government. Can the Foreign Ministry provide any more details on these cases? And also, what is China’s response to Canada’s criticism on this?  ",Mao Ning: Combating drug-related crimes is the responsibility of all countries. China is a country that upholds the rule of law. The law treats everyone the same regardless of nationality. The Chinese judicial authorities handle those cases justly in strict accordance with the law. The lawful rights of the defendants and the consular rights of the Canadian side are fully protected as stipulated by the law. Canada should respect the spirit of the rule of law and stop interfering in China’s judiciary sovereignty.
 Mao Ning,03/20/25,China News Service," It was reported that Chairman of the U.S. House “Select Committee on the CCP” John Moolenaar sent letters to presidents of six U.S. universities on March 19, requesting information on details regarding the enrollment of Chinese national students to be submitted before April 1, claiming that China has embedded researchers in leading U.S. institutions, providing them direct exposure to sensitive technologies with dual-use military applications. If left unaddressed, this trend will continue to displace American talent, compromise research integrity, and fuel China’s technological ambitions at U.S. expense, he added. What is China’s comment?","Mao Ning: Chinese students account for about a quarter of international students in the U.S. Education cooperation not only expands student exchange and deepens mutual understanding between Chinese and Americans, but also contributes to America’s economic prosperity and scientific and technological progress. Both sides have benefited from such cooperation.We urge the U.S. to stop brandishing national security as a false pretext and protect the legitimate and lawful rights and interests of Chinese students in the U.S. The U.S. should not take discriminatory and restrictive measures against Chinese students."
 Mao Ning,03/20/25,NHK, We’ve learned that Foreign Minister Wang Yi will arrive in Japan today for a series of talks with Japan. What’s China’s expectation?,"Mao Ning: I shared with you the considerations for Foreign Minister Wang Yi’s trip to Japan for the 11th China-Japan-ROK Trilateral Foreign Ministers’ Meeting and the Sixth China-Japan High-Level Economic Dialogue the other day. For more details, we will release timely information. Please stay tuned."
 Mao Ning,03/20/25,Reuters," I just want to check if there’s more information since yesterday about the Thai delegation to Xinjiang and whether the Foreign Ministry has any more information about their itinerary and what they’ve been doing in Xinjiang. Does the Foreign Ministry have a response to how the Thai government said the delegation that is visiting Xinjiang right now, they will only meet five out of the 40 Uyghurs who recently returned to China from Thailand? If the Foreign Ministry has a reason for that?",Mao Ning: I’d refer you to competent authorities for anything specific. 
 Mao Ning,03/20/25,Bloomberg," The Chinese Ambassador to Australia Xiao Qian recently gave some interviews to Australian media. And in those interviews, he said that recently an Australian military plane had intruded by 6.2 kilometers inside the territory that China claims around the Paracel Islands. Can you confirm that he was referring to the Australian military flight in the area on the 11th of February? Second, were China’s live drills in the Tasman Sea a reaction to this action by Australia?  ",Mao Ning: We’ve responded to the Australian military plane’s deliberate intrusion into China’s airspace over Xisha Qundao which undermines China’s national security.The exercises conducted by the Chinese Navy fleet in relevant waters fully comply with international law and common practices. 
 Mao Ning,03/20/25,Reuters," How many foreign company CEOs are attending the China Development Forum this weekend? Compared with last year, has there been any drop in the number of U.S. CEOs coming?",Mao Ning: I’d refer you to competent authorities for the specifics about the China Development Forum. Let me say that China always welcomes businesses from all countries to make investment and expand their operation in China and share in the dividends of China’s development.
 Mao Ning,03/20/25,The New York Times, Why has China chosen now as the timing for the execution of Canadian citizens?,Mao Ning: China is a country under the rule of law and handles relevant cases in strict accordance with the law.
 Mao Ning,03/20/25,The New York Times," Do you expect more executions of foreign nationals in China, or is there any shift in policy on the execution of foreign nationals in criminal cases?",Mao Ning: China is a country under the rule of law. We treat defendants of different nationalities as equals and handle cases justly in strict accordance with the law.
 Mao Ning,03/19/25,China News Service," The U.S. announced expanded visa restriction policy targeting Cuba’s global medical missions, labeling them “forced labor,” while also threatening visa restrictions for current or former Cuban government officials, third-country officials and their immediate family. Recently, CARICOM foreign ministers expressed concerns over the policy when meeting with U.S. Special Envoy for Latin America in Washington D.C. and several leaders from Caribbean states also criticized this policy. What is China’s comment?","Mao Ning: I noted that the director of the Central Unit for Medical Cooperation of Cuba Dr. Michael Cabrera Laza said that, during the past 60-plus years, particularly during the COVID-19 pandemic, Cuba, while overcoming its own difficulties, sent over 600,000 medical personnel to over 60 countries, provided medical services for over 230 million people and performed over 17 million operations and surgeries, which saved the lives of more than 12 million people. Cuba’s global medical missions have been welcomed by the governments and people of Caribbean states. The false narrative of “forced labor” has become a perfect excuse and hegemonic tool for the U.S. to suppress other countries. Relevant measures of the U.S. is an extension and escalation of its over-60-year sanctions and blockade on Cuba. China opposes coercive diplomacy and urges the U.S. to immediately stop the blockade and sanctions on Cuba in any names and to remove Cuba from the list of State Sponsors of Terrorism, do more things that help improve relations with Cuba and deliver tangibly for the Caribbean states."
 Mao Ning,03/19/25,RIA Novosti," On March 18, Russian President Vladimir Putin had a telephone conversation with U.S. President Donald Trump, with a focus on the normalization of Russia-U.S. relations and the situation in Ukraine. What is China’s comment? How much will this help resolve the Ukraine crisis?",Mao Ning: We’ve noted the reports. China has advocated since day one that the Ukraine crisis should be resolved through dialogue and negotiation. We welcome all efforts towards ceasefire and believe that talks are a necessary step in order to achieve peace.
 Mao Ning,03/19/25,Swedish Television," Chinese companies’ petroleum exploration and mining on Russia-occupied territory of Ukraine violates international humanitarian law, as well as provisions in the Fourth Geneva Convention in 1949 and UNCLOS. What’s the Foreign Ministry’s view?",Mao Ning: I’m not familiar with the specifics you mentioned. China’s position on the Ukraine issue is consistent and clear. The four principles laid out by President Xi Jinping form China’s fundamental approach in handling this issue. 
 Mao Ning,03/19/25,Kyodo News," It’s reported that during his visit to the U.S. in February, Japanese Prime Minister Shigeru Ishiba jointly announced with U.S. President Donald Trump that the U.S. and Japan will oppose any attempts by the Chinese government to unilaterally change the status quo in the Taiwan Strait by force or coercion. Also early in February, a Japanese Maritime Self-Defense Force vessel sailed through the Taiwan Strait. Against such background, with what kind of resolve is Foreign Minister Wang Yi set to visit Japan? How will China and Japan bridge differences in their talks?","Mao Ning: Foreign Minister Wang Yi will travel to Japan to attend the 11th China-Japan-ROK Trilateral Foreign Ministers’ Meeting and co-chair the Sixth China-Japan High-Level Economic Dialogue. We made the announcement and shared relevant information yesterday, which you may refer to. The Taiwan question is China’s internal affair and brooks no external inference. Japan bears historical responsibilities to the Chinese people for its colonial rule over Taiwan. It must act with extra prudence on this issue. As for the China-related negative moves of Japan you mentioned, China lodged serious protests with Japan immediately after those moves.The China-Japan relationship is at a crucial juncture for improvement and development. We hope Japan will act on its pledges of comprehensively advancing the China-Japan strategic relationship of mutual benefit and building a constructive and stable China-Japan relationship fit for the new era, and we hope it will remove obstacles against the improvement and development of the bilateral relations."
 Mao Ning,03/19/25,AFP, The government of Kiribati said this week that it is discussing a deep sea mining partnership with China. Can the Foreign Ministry confirm this and provide any details on what could be agreed?,"Mao Ning: China engages in practical deep-sea cooperation with relevant countries in accordance with international law and under the principle of mutual benefit and win-win results. The cooperation between China and Kiribati is also carried out on the basis of mutual respect, equal consultation, openness and inclusiveness."
 Mao Ning,03/19/25,Reuters," According to the Thai government, a delegation from Thailand has arrived in Xinjiang to meet a group of Uyghurs who were deported from Thailand last month. Can you confirm if the delegation has arrived in Xinjiang? Where are those Uyghurs currently? And how will they resume their lives in China?","Mao Ning: I’d refer you to competent authorities for the specifics. On the repatriation, China has shared information on multiple occasions. It is the normal law enforcement cooperation between China and Thailand, and is in line with the laws of the two countries, international law and international practice. The lawful rights of relevant persons are fully protected."
 Mao Ning,03/19/25,Kyodo News," This year marks the 80th anniversary of the victory of the Chinese people’s war of resistance against Japanese aggression. Some analysis in Japan believed that since September 3 this year, the Chinese government will adopt a harder line toward Japan on the diplomatic front. What’s your comment?","Mao Ning: This year marks the 80th anniversary of the victory of the Chinese people’s war of resistance against Japanese aggression and the world anti-fascist war. Japan should be responsible for the history, honor its words and commitments of facing squarely and reflecting on the history of aggression, and follow the path of peaceful development. Only by doing this can Japan earn the trust of its Asian neighbors and the international community. We hope that Japan can work with us in the same direction, and uphold the principles of facing up to history and opening up the future to advance China-Japan relations in a sound and stable way. "
 Mao Ning,03/18/25,ZDF," In Germany, there are discussions about publishing all available information about the origin of the COVID pandemic, including findings by the intelligence service allegedly saying that the virus most likely originated in a lab in Wuhan. What is China’s stance on it?","Mao Ning: We have stated China’s position on this issue for many times. We believe the COVID-19 origins-tracing is a matter of science, and the judgement should be made by scientists and the science-based spirit should be upheld. On the COVID-19 origins-tracing, we firmly oppose all forms of political manipulation. It is “extremely unlikely” that the pandemic was caused by a lab leak—this is the authoritative conclusion reached by the experts of the WHO-China joint mission based on science following their field trips to the lab in Wuhan and in-depth communication with researchers. The conclusion has been widely acknowledged by the international community, including the science community."
 Mao Ning,03/18/25,Anadolu Agency," Israel started a large-scale attack in Gaza Strip early in the morning, breaking the ceasefire. Over 300 people, most of them women and children, were reported to be killed so far in this military operation, and civilian casualties are mounting as we speak. What is China’s comment about the situation in Gaza?","Mao Ning: China is closely following the ongoing situation of the Palestinian-Israeli conflict. We hope parties will work to enable the continuous and effective implementation of the ceasefire agreement, refrain from any escalatory action and prevent further deepening the humanitarian disaster."
 Mao Ning,03/18/25,Shenzhen TV," We noted that in the Report on the Work of the Government, China set the 2025 GDP growth target at around five percent. According to some media comments, this target is ambitious, showing China’s clear resolve to maintain growth. Some believe, however, difficulty in hitting the target awaits China. What’s your comment? ","Mao Ning: This year, China’s GDP growth target of around five percent is set in light of the science-based assessment of evolving dynamics both at home and abroad, full confidence in high-quality development, and the balance between qualitative and quantitative growth. The target offers a glimpse of China’s general principle of striving hard to pursue progress while ensuring stability.Despite mounting tariff barriers, a complex external environment and other challenges, we are fully confident in achieving the growth target. On demand, China has an enormous market and great potential for domestic demand. On supply, China has the most complete industrial system and considerable capacity for production. On institutional strengths, China has effective governance mechanisms featuring long-term plans, sound regulation, and coordination between central and local governments. On policy tools, China will adopt a more proactive fiscal policy and an appropriately accommodative monetary policy to fully buttress high-quality growth. A new development paradigm with domestic circulation as the mainstay and domestic and international circulations reinforcing each other is being fostered at a faster pace. Our diverse trading partners cover more than 230 countries and regions in the world. China is capable of guarding against the uncertainty brought by external shocks.Yesterday, competent authorities shared information about China’s economic performance for January and February, which shows that the momentum of economic rebound has been sustained and the policy measures are showing effect. We will further deepen reform and expand opening up. The giant ship of China’s economy will continue to cleave the waves and sail steadily toward the future, which will benefit China and provide the world with much-needed stability."
 Mao Ning,03/18/25,Yonhap News Agency," According to the ROK government, on February 26, an ocean research ship tried to investigate a steel structure set up by China in the provisional maritime zone in the Yellow Sea. As the ROK research vessel approached within 1 kilometer of the structure, China Coast Guard and other Chinese on rubber boats blocked the vessel. What is China’s position on this?","Mao Ning: I am not familiar with the specifics you mentioned. What I can tell you is that China and the ROK have overlapping claims on maritime rights and interests. The two sides are advancing negotiations on maritime delimitation and in the meanwhile, actively carrying out cooperation in the provisional maritime zone in accordance with the China-ROK Fishery Agreement. Regarding the maritime disputes between the two sides, China and the ROK maintain sound communication through the dialogue and cooperation mechanism of maritime affairs, and the maritime law enforcement authorities of the two countries also have smooth communication channel. The situation in the Yellow Sea is stable at the moment."
 Mao Ning,03/18/25,Reuters," Two questions. President Trump said that the Chinese leader may visit the U.S. in the not-too-distant future for talks. Does China have any comment on this? Second question, the U.S. Commerce Department said that using DeepSeek on government devices is banned. Do you have any comment on this?","Mao Ning: On your first question, I have no information to read out on that. On your second question, China opposes overstretching the concept of national security and politicizing trade and tech issues. We will firmly safeguard the lawful rights and interests of Chinese enterprises."
 Mao Ning,03/18/25,AFP, Australia said today that it raised concerns with China and Hong Kong authorities after Kevin Yam was targeted with wanted letters that referenced alleged national security offenses in Hong Kong and also included a Hong Kong police email address on the letter. Does the Foreign Ministry have a response to this?,Mao Ning: Hong Kong affairs are purely China’s internal affairs that brook no external interference. Australia blatantly interfered in Hong Kong’s rule of law. China strongly deplores and firmly opposes it. We urge Australia to respect China’s sovereignty and rule of law in Hong Kong to foster good conditions and atmosphere for sustainable development of China-Australia relations.
 Mao Ning,03/18/25,Reuters, Reports say that a delegation of Thai government officials is visiting China this week to check on the welfare of Chinese citizens who were deported from Thailand back to Xinjiang. Does China have any comment on this? And can you confirm the visit?,Mao Ning: This visit is part of the normal friendly exchanges between China and Thailand. I’d like to refer you to the competent authorities for more specifics. I can tell you that Xinjiang will keep its door open to the world and we welcome people from all walks of life in the international community to come and visit Xinjiang.
 Mao Ning,03/18/25,AFP, There are reports today that Chinese authorities are investigating CK Hutchison’s sale of its overseas ports after the company agreed to sell its Panama operations. Can the Ministry confirm these investigations or give any details?,"Mao Ning: On your specific question, I’d refer you to competent authorities. Let me stress more broadly that China firmly opposes moves that infringe on and undermine other countries’ legitimate rights and interests through economic coercion, hegemonism and bullying."
 Mao Ning,03/18/25,Bloomberg," President Donald Trump has moved to close the agency that oversees Voice of America and Radio Free Asia and that has drawn praise from China and Cambodia. The Global Times used an editorial to celebrate the closing of VOA, which it called a “lie factory” for “stirring up conflict.” We are wondering if the Foreign Ministry has any comment.","Mao Ning: We are not going to comment on U.S. adjustment of its domestic policies and the views of Chinese media. But on those U.S. media you mentioned, their blemished track record on China coverage is hardly a secret."
 Mao Ning,03/18/25,AFP, I just wonder if you could provide any more information on Foreign Minister Wang Yi’s visit to Japan for the trilateral meeting.,"Mao Ning: Foreign Minister Wang Yi will travel to Japan to attend the 11th China-Japan-ROK Trilateral Foreign Ministers’ Meeting and exchange views with the Japanese side and the ROK side on advancing the trilateral cooperation as well as on regional and international issues of common interest. While he is in Japan, Foreign Minister Wang Yi will co-chair with Foreign Minister Iwaya the Sixth China-Japan High-Level Economic Dialogue, which is an important step to implement the common understandings between the leaders of the two countries reached in their meeting in Lima. The two sides will enhance macro policy coordination and identify key areas and direction for cooperation going forward through this dialogue. Foreign Minister Wang Yi will also meet with political figures of Japan and heads of organizations dedicated to China-Japan friendship. For the specifics, we will release readouts in a timely manner. Please check back for updates later."
 Mao Ning,03/17/25,CCTV," Recently, the Foreign Ministers of the G7 issued the Statement of the G7 Foreign Ministers’ Meeting and the G7 Foreign Ministers Declaration on Maritime Security and Prosperity to propagate China-related issues again. They made irresponsible remarks on the Taiwan question and maritime issues and expressed concerns over the alleged provision of weapons and dual-use components to Russia by China, China’s so-called overcapacity and military build-up, etc. Do you have any comment?","Mao Ning: The joint statement of the G7 Foreign Ministers’ meeting and their declaration are a deliberate mischaracterization of the facts and truth, which seek to vilify China and interfere in China’s internal affairs. We strongly deplore and firmly reject that and have lodged serious protests with relevant countries.Let me stress that the Taiwan question is at the core of China’s core interests, which brooks no external interference. The situation in the South China Sea is generally stable. Freedom of navigation and overflight in the South China Sea has never been an issue. The G7 should stop sowing discord and provoking disputes. China has all along been promoting talks for peace on the Ukraine issue, never provided lethal weapons to any party to the conflict and exercised strict export control over dual-use articles. We absolutely reject the G7’s blame-shifting.China is committed to peaceful development, follows a national defense policy that is defensive in nature and always keeps its nuclear strength at the minimum level required by national security. China’s national defense spending is made to safeguard our nation’s sovereignty, security and development interests and it is open, transparent, reasonable and appropriate. The G7 says nothing about the U.S.’s responsibility in disarmament and the risks of nuclear proliferation posed by AUKUS, and chooses to direct the issue at China instead. This is out-and-out double standards. The narrative of “Chinese overcapacity” has been proved false by facts. The G7 should stop politicizing and weaponizing trade and economic ties and stop undermining the international economic order and destabilizing global industrial and supply chains. We call on the G7 to see the trend of history, discard the Cold War mentality and ideological bias, stop undermining China’s sovereignty and interfering in China’s internal affairs and stop stoking antagonism and bloc confrontation. They need to focus on major issues including addressing global challenges and promoting global development and do more things that are conducive to international solidarity and cooperation."
 Mao Ning,03/17/25,China News Service," Recently, 40 Chinese nationals detained in Thailand were repatriated to China. U.S. Secretary of State Marco Rubio announced sanctions including visa restriction policy that will apply to Thai government officials involved in the deportation cooperation. The Foreign Affairs Ministry of Thailand issued a statement stressing that the Thai government has clarified this matter on multiple occasions and that Thailand has always upheld a long tradition of humanitarianism. It is also noted in the statement that Thailand values the alliance with the U.S., but the ties should be based on mutual respect. What’s your comment? ","Mao Ning: China and Thailand, as two sovereign nations, working together to crack down on human smuggling and other cross-border crimes is in line with domestic laws of both countries as well as international law and common practices. The U.S. has no right to interfere in such cooperation. The 40 Chinese nationals, under wrong influence, illegally crossed the border and ended up stranded in Thailand, where they were detained for over a decade. The Chinese government has the obligation and responsibility to protect its citizens and help them reunite with their families and resume normal lives.By politicizing this issue, the U.S. is in nature applying double standards and suppressing dissent. The U.S. Immigration and Customs Enforcement (ICE) reported the removal of over 270,000 noncitizens to 192 different countries during the 2024 fiscal year, marking the highest level of deportations since 2014. The U.S. on the one hand engages in indiscriminate deportation against illegal immigrants, yet on the other points fingers at and smears other countries’ legitimate law enforcement cooperation, and slaps sanctions and puts pressure on others. This is typical bullying. China strongly condemns all ill-intentioned vilification and illegal sanctions against China and Thailand, and firmly opposes the U.S. manipulating Xinjiang-related issues under the pretext of human rights, interfering in China’s domestic affairs, and disrupting the normal law enforcement cooperation between China and relevant countries. China will continue to enhance communication and coordination with relevant countries on the basis of mutual respect and equal-footed consultation, protect the lawful rights and interests of Chinese citizens and work for stronger international law enforcement cooperation."
 Mao Ning,03/17/25,Global Times," It was reported that recently, a Japanese Diet member submitted a letter of inquiry to the Japanese government, saying that the 1972 China-Japan Joint Statement contains the words that “The Government of the People’s Republic of China reiterates that Taiwan is an inalienable part of the territory of the People’s Republic of China. The Government of Japan fully understands and respects this position of the Government of the People’s Republic of China,” and the Diet member asked whether Japanese local governments and local councilors have the legal obligation to observe this position. In response to this, the Japanese government issued a reply letter, claiming that the 1972 China-Japan Joint Statement is “not legally binding.” The reports say that successive Japanese cabinets all believe that the joint statement is “not legally binding”, and the reply letter once again shows that the Joint Statement does not restrict Japanese local councilors’ activities in Taiwan. What is China’s comment?","Mao Ning: There is but one China in the world, Taiwan is an inalienable part of China’s territory, and the government of the People’s Republic of China is the sole legal government representing the whole of China. China firmly opposes official interaction of any form between China’s Taiwan region and countries having diplomatic ties with China. The one-China principle is the political foundation of China-Japan relations.In 1972, the Chinese and Japanese governments signed the China-Japan Joint Statement, in which the Japanese side explicitly pledged that “The Government of Japan recognizes the Government of the People’s Republic of China as the sole legal Government of China. The Government of the People’s Republic of China reiterates that Taiwan is an inalienable part of the territory of the People’s Republic of China. The Government of Japan fully understands and respects this position of the Government of the People’s Republic of China, and it firmly maintains its position under Article 8 of the Potsdam Proclamation.” Article 8 of the Potsdam Proclamation reiterates that the “terms of the Cairo Declaration shall be carried out.” And the 1943 Cairo Declaration explicitly demands that “all the territories Japan has stolen from the Chinese, such as Manchuria, Formosa, and the Pescadores, shall be restored” to China. These documents not only confirm the fact that Taiwan belongs to China, but also constitute the legal basis for ending the state of war between the Allied Nations and Japan and building the post-war international order in the Asia-Pacific. They certainly are legally binding.In 1978, China and Japan signed the Treaty of Peace and Friendship Between China and Japan, in which the two sides affirmed that the China-Japan Joint Statement “constitutes the basis for relations of peace and friendship between the two countries and that the principles set out in that statement should be strictly observed.” The treaty was signed by the Chinese and Japanese governments, and officially came into effect after deliberation and approval by the legislators of the two countries. It affirmed the principles and contents of the joint statement in legal terms and is certainly legally binding.Taiwan has been back under China’s sovereign jurisdiction for 80 years. The Japanese side attempted to obscure historical facts regarding the Taiwan question, which severely misleads the Japanese people, violates the Japanese government’s promise of adhering to the one-China principle, challenges the political foundation of China-Japan relations and sends a significantly wrong message to the “Taiwan independence” forces. We firmly oppose this. We seriously urge the Japanese side to abide by the principles and spirit of the four political documents with China, earnestly fulfill relevant legal obligations, act prudently on the Taiwan question and honor its promise of adhering to the one-China principle with concrete actions."
 Mao Ning,03/17/25,Reuters, Our question is about the visit to Panama by a delegation of the Communist Party of China from Friday to Saturday. This delegation was led by the Vice Minister of the CPC’s international department. Our questions are what did the delegation do in Panama? What was conveyed to the Panama people and also did the delegation visit the Panama Ports Company?,"Mao Ning: China has released a readout on the CPC delegation’s visit to Panama, which you may refer to. For more specifics, I’d refer you to competent Chinese authorities. "
 Mao Ning,03/17/25,AFP, Houthi rebels said today that they had attacked a U.S. aircraft carrier group in retaliation for American strikes in Yemen. Does the Foreign Ministry have a comment on the U.S. strikes and also on the Houthis’ retaliation there?,"Mao Ning: China opposes any moves that escalate tensions in the Red Sea. There are complex reasons behind the situation in the Red Sea and the issue of Yemen, and they should be properly settled through dialogue and negotiation."
 Mao Ning,03/17/25,PTI," Prime Minister of India Mr. Narendra Modi has spoken about India-China relations in an interview, stating the competition should never turn into conflict and both countries are working to restore the relations after his meeting with the Chinese leader in October last year. Some of the salient points of his interview were that the differences are natural. When two neighboring countries exist, occasional disagreements are bound to happen. But our focus is to ensure that these differences don’t turn into disputes. That’s why we have actively worked towards dialogue instead of discord. We stress dialogue because only through dialogue, can we build a stable cooperative relationship that serves the best interest of both countries. I would like to have your view on this. ","Mao Ning: China appreciated Prime Minister Narendra Modi’s recent positive statements on China-India relations. The successful meeting between President Xi Jinping and Prime Minister Narendra Modi in Kazan last October provided strategic guidance for the improvement and development of the bilateral ties. Both sides have earnestly followed through on the important common understandings of our leaders, strengthened exchanges and practical cooperation at all levels, and achieved a series of positive outcomes. Let me stress that in the two-thousand-year-plus history, the mainstream of China-India interactions has been friendly exchanges and mutual learning. This greatly contributes to the progress of civilizations and humanity. As the two largest developing countries, China and India have a shared task to achieve respective development and revitalization, and should understand and support each other, and help each other succeed. This serves the fundamental interests of over 2.8 billion people in the two countries, meets the common aspiration of regional countries, follows the historical trend of the Global South growing stronger, and is conducive to world peace, stability, development and prosperity. The two countries should be partners that contribute to each other’s success. A cooperative pas de deux of the dragon and the elephant is the only right choice for both sides. China stands ready to work with India to implement the important common understandings between the two leaders, take the 75th anniversary of China-India diplomatic relations as an opportunity, promote exchange and cooperation in various fields and at all levels, and advance China-India relations on the track of sound and stable development."
 Mao Ning,03/17/25,CCTV, Sources say that the Taiwan authorities are going to set foreign missions in a handful of countries or use the term “Taiwan” over “Taipei” in relevant institutions. What’s your comment?,"Mao Ning: The one-China principle is a well-recognized norm in international relations, a prevailing consensus in the international community and the political foundation for China to establish and grow its relations with other countries. The government of the People’s Republic of China is the sole legal government representing the whole of China. Taiwan is never a country, not in the past, and never in the future.For quite some time, the DPP authorities have used exchange and cooperation in economy, trade, technology, culture, and education, among other fields, as a pretext to drill through the rock-solid international commitment to the one-China principle, and expand so-called “international space.” They have coerced or cajoled other countries through dollar diplomacy and bribes to set new institutions or rename existing ones in some countries, tempt them to cross, trample on or make moves on the margins of the red line of the Taiwan question, and destroy their relations with China. Our message to the DPP authorities is that China’s reunification cannot be hindered, and relying on external forces for independence cannot succeed.China has all along opposed official interaction of any form between the Taiwan authorities and countries that have diplomatic relations with China. We hope relevant countries will see through the Taiwan authorities’ ill-intentioned schemes, abide by the one-China principle with concrete actions, and uphold the political foundation of their relations with China.  "
 Mao Ning,03/17/25,EFE, Will the Chinese leader attend the summit between China and the European Union this year in Brussels on the occasion of the 50th anniversary of diplomatic relations? ,"Mao Ning: China always attaches great importance to the EU and China-EU relations, and stands ready to work with the EU to enhance dialogue and cooperation at all levels and in various areas. In 2024, the historic visit by President Xi Jinping to Europe was a great success and he had in-depth communication and exchanges with European leaders on bilateral and multilateral occasions. Earlier this year, President Xi Jinping had a phone conversation with European Council President Antonio Costa, and the conversation laid the foundation and charted the course for this year’s development of China-EU relations. This year marks the 50th anniversary of diplomatic ties between China and the EU and a crucial time as the relationship goes into the next chapter. We stand ready to work with the EU to implement the important common understandings reached between leaders of the two sides, successfully hold events to celebrate the 50th anniversary, enhance high-level exchanges, dialogue and cooperation and work for sustained and steady progress in growing China-EU relations."
 Mao Ning,03/17/25,Xinhua News Agency, This week marks the Lancang-Mekong Cooperation (LMC) Week of 2025. What are the highlights of the celebration of the LMC Week? How does China view the progress made in Lancang-Mekong Cooperation and what’s China’s expectation for future cooperation?,"Mao Ning: The people of the six LMC countries have not only a shared river but also a shared future. As a new regional cooperation mechanism participated by six countries under the principle of extensive consultation, joint contribution, and shared benefits, the Lancang-Mekong Cooperation has made impressive progress since its inception and has become a golden platform for regional countries to jointly pursue development. Under the guidance of President Xi Jinping and leaders of the five Mekong countries, China has forged a community with a shared future with all Mekong countries bilaterally or multilaterally. Strategic projects on connectivity, such as China-Laos Railway and Phnom Penh-Sihanoukville Expressway, continue to play their comprehensive role as golden routes. Trade volume between China and the five Mekong countries reached US$437 billion, up by 125 percent compared with the trade size when the mechanism was launched. The development of the innovation corridor is steadily progressing. Digital and green technologies continue to be an enabler of industrial development. The Fudan No.1 Lancang-Mekong Future Satellite has brought the tech dream of many youngsters from LMC countries into space. China launched small and smart projects, such as the Lancang-Mekong visas, the Lancang-Mekong Sweet Spring Action and the Green Lancang-Mekong Initiative, bringing more tangible benefits to people living along the river. The six countries jointly cracked down on such cross-border crimes as online gambling and scam and made all-out effort to protect the safety of life and property of local people in the region.This year marks the 10th year of LMC. In the LMC Week this year we will witness a variety of celebratory activities. More than 90 activities will be jointly held by over 20 departments of the Chinese central government and Chinese diplomatic missions overseas and more than 10 Chinese provincial and municipal localities as well as governmental agencies, think tanks, universities, media and businesses of the five Mekong countries. There are three highlights in these events: first, following a people-centered philosophy. Activities will be organized in light of local conditions and features, including art performances, cultural lectures, workshops on intangible cultural heritage handicraft, the Lancang-Mekong cultural festival and an exhibition featuring colorful Lancang-Mekong, showcasing the unique cultural customs of the Lancang-Mekong region. Some institutions will organize activities celebrating the spirit of humanity in LMC, including non-profit medical activities, a seminar on energy and power cooperation and a field trip to experience connectivity between LMC countries. Second, focusing on development. Activities including entrepreneur forums, trade fairs, product design competitions and skills training will be held under the themes of connectivity, low-carbon transformation, cross-border economy, women and poverty reduction, which will serve the integrated development of the region. Third, aiming at the future. Events will be held for Generation Z, Generation Alpha, and young scientists and students, such as youth exchange programs, innovation contests, scholarship projects, scientific research camps and competitions for college students. These events will inject the vitality of the youth into the Lancang-Mekong cooperation. If you are interested, please stay tuned.The fifth LMC Leaders’ Meeting and the tenth LMC Foreign Ministers’ Meeting will be held later this year. China stands ready to work closely with the five Mekong countries to further improve and upgrade our cooperation across the board, and work for Lancang-Mekong Cooperation 2.0. The six countries will continue to carry forward the spirit of “development first, equal consultation, pragmatism and efficiency, and openness and inclusiveness”, join hands to pursue modernization, actively forge a stronger Lancang-Mekong Economic Development Belt, build a closer community with a shared future among LMC countries and make LMC countries’ contribution to regional peace and development with more stability."
 Mao Ning,03/17/25,China Daily, We have learned that the Chinese military has conducted drills near the Taiwan Strait. Some believe this has something to do with the U.S. State Department’s recent revisions to the statements on its Taiwan policy on its website and “Taiwan independence” forces’ unconscionable acts. What’s China’s comment?  ,"Mao Ning: The U.S. has recently taken a series of wrong steps on the Taiwan question. In particular, the U.S. State Department removed important statements that show the U.S. is committed to the one-China policy and does not support “Taiwan independence” in the fact sheet of its so-called relations with Taiwan on the website, which shows the U.S. gravely backpedaled on its position on Taiwan-related issues. This is another egregious example of the U.S.’s intention of using Taiwan to contain China, and its move to abet and aid “Taiwan independence”, which sends a gravely wrong signal to “Taiwan independence” separatist forces. China’s relevant military operation is necessary, lawful and legitimate in order to defend national sovereignty, security and territorial integrity. It’s a firm response to external forces who are hellbent on abetting and aiding “Taiwan independence”, and a warning to “Taiwan independence” separatist forces’ unconscionable acts.Let me stress that the Taiwan question is at the very core of China’s core interests and the one-China principle is the bedrock of the political foundation of China-U.S. relations. If the foundation is shaken, whatever above it cannot stand. “Taiwan independence” and cross-Strait peace and stability are as irreconcilable as fire and water. The pursuit of “Taiwan independence” will lead nowhere. Those who attempt to use Taiwan to contain China will get burned for playing with fire. We urge the U.S. to abide by the one-China principle and the three China-U.S. joint communiqués, honor the solemn commitment made by U.S. administrations on the Taiwan question, stop crossing the line and making provocations, handle the Taiwan question with extra prudence, and avoid further severe damage to China-U.S. relations and peace and stability in the Taiwan Strait."
 Mao Ning,03/17/25,Bloomberg, Both the FT and Bloomberg have reported that the Chinese leader may meet with some global CEOs later this month. We’re wondering if you can confirm this or if you have any comment?,Mao Ning: I have nothing to read out on that.
 Mao Ning,03/14/25,Xinhua News Agency," According to what we have learned, the Beijing meeting between China, Russia and Iran on the Iranian nuclear issue was held today and a joint statement was issued. In your view, what impact will this meeting have on the resumption of dialogue and negotiation? How does China see the prospect of a political and diplomatic resolution to the Iranian nuclear issue? ","Mao Ning: Deputy foreign ministers of China, Russia and Iran held a meeting in Beijing. Foreign Minister Wang Yi met with the heads of delegations to the meeting and put forward China’s five-point proposition on the Iranian nuclear issue. The three parties had an in-depth exchange of views on the Iranian nuclear issue and issued a joint statement. They reiterated that political and diplomatic engagement and dialogue remains the only viable and practical option and called on relevant parties to abandon sanction, pressure and threat of force and refrain from any action that may escalate the situation. The three parties reiterated the importance of the Treaty on the Non-Proliferation of Nuclear Weapons (NPT). China and Russia welcomed Iran’s reiteration that its nuclear programme is exclusively for peaceful purposes and that it does not seek to develop nuclear weapons and supported Iran in continuing cooperation with the International Atomic Energy Agency (IAEA) and stressed the need to respect Iran’s right to peaceful use of nuclear energy. The Iranian nuclear issue is facing a serious situation and once again at a crossroads. The Beijing meeting is a useful effort by China, Russia and Iran in seeking to advance the political settlement of the Iranian nuclear issue. Sanction, pressuring and threat of force lead nowhere, whereas dialogue and consultation provides the right way forward. We call on parties to step up communication and dialogue and accumulate enabling conditions for talks and negotiations to resume at an early date.China stands ready to work with other parties for a just, balanced and sustainable resolution to the Iranian nuclear issue, uphold the international non-proliferation regime and promote international and regional peace and stability. "
 Mao Ning,03/14/25,China News Service," On March 13, the presidents of Tajikistan and Kyrgyzstan signed a state border treaty, resolving their border issue once and for all. What’s China’s comment?","Mao Ning: China congratulates Tajikistan and Kyrgyzstan on the signing of a state border treaty, and highly commends the two presidents’ crucial role in seeking the peaceful settlement of the border issue through consultation. This is conducive to peace, stability, development and prosperity in the region.As both countries’ friendly neighbor and comprehensive strategic partner, China stands ready to work with Tajikistan and Kyrgyzstan to continue to advance good-neighborliness and friendship and mutually beneficial cooperation across the board so as to build an even closer China-Central Asia community with a shared future."
 Mao Ning,03/14/25,AFP," Another question on the Iranian nuclear issue. Deputy Foreign Minister Ma Zhaoxu said today that China, Russia and Iran stressed it is necessary to end all illicit unilateral sanctions. What is China’s position on U.S. sanctions on Iran?","Mao Ning: China always opposes illicit unilateral sanctions. Deputy Foreign Minister Ma Zhaoxu has shared China’s position, and we have distributed the joint statement on the Beijing meeting, which you may refer to. "
 Mao Ning,03/14/25,CCTV," According to reports, Armenian and Azerbaijani foreign ministries said in their statements released on Thursday that they had completed negotiations on the draft of a peace agreement, which is expected to end nearly four decades of dispute between the two countries. What’s China’s comment?","Mao Ning: China is glad to see positive progress in the peace process between Armenia and Azerbaijan. Both countries are important nations in Transcaucasia and China’s good friends and good partners. China sincerely hopes the two countries can settle differences and disputes through dialogue and consultation, and contribute to lasting peace, development and prosperity in the region."
 Mao Ning,03/14/25,China Daily, We noted that the Report on the Work of the Government mentions new concepts such as embodied AI and gazelle companies. It says that we need to develop new quality productive forces in light of local conditions and accelerate the development of a modernized industrial system. What’s your comment?,"Mao Ning: The new concepts that you mentioned are the very examples of new quality productive forces. The new quality productive forces are those driven by technological and industrial innovation. “New” is what makes them different from other productive forces. Large-scale AI model, quantum computer, humanoid robot, and unmanned new energy vehicle all bring out the charm of the new quality productive forces. China actively explores new energy, new material and new technology, and develops new quality productive forces through technological innovation. The new quality productive forces also speed up the transition from old growth drivers into new ones, enhance the efficiency of resource allocation, promote industrial transformation and upgrade, and offer fresh impetus to high-quality development.China’s new quality productive forces are also integrated into global industrial, supply, and value chains. Chinese companies have taken advanced manufacturing, clean energy, smart network and other new technologies and products to the global market, offering more choices to the world. China also shares with other countries, developing countries in particular, progress in technological innovation, and galvanizes the green transition and industrial upgrade in relevant countries.The new quality productive forces empower China and enrich the world. As China goes forward, new quality productive forces will be important drivers for growth."
 Mao Ning,03/14/25,Bloomberg," The EU’s top diplomat Kallas said that China is laughing at U.S. trade wars, including America’s 200 percent tariff on European wine, for example. Can you respond?","Mao Ning: We have stressed on multiple occasions that tariff wars and trade wars have no winners. We have no comment on how the U.S. and the EU get along, but we oppose directing the issue at China. Both the U.S. and the EU are important economies in the world. They have a responsibility to uphold the WTO-centered multilateral trading system, rather than deflecting the tension on someone else."
 Mao Ning,03/14/25,Bloomberg, Putin has proposed holding talks with Trump on the proposed temporary ceasefire on Ukraine. Can you give us China’s viewpoint?,"Mao Ning: We noted the reports. On the Ukraine crisis, China has all along followed the four points proposed by President Xi Jinping on what must be done, namely, the sovereignty and territorial integrity of all countries should be respected, the purposes and principles of the UN Charter should be observed, the legitimate security concerns of all countries should be taken seriously, and all efforts conducive to a peaceful settlement of the crisis should be supported. We hope relevant parties will reach a fair and durable peace deal that is binding and accepted by all the parties concerned through dialogue and negotiation. China stands ready to work with the international community and continue to play a constructive role in resolving the crisis and realizing lasting peace."
 Mao Ning,03/14/25,AFP," In 2023, a Chinese professor at the Kobe Gakuin University in Japan went missing when visiting his relatives in China. The university said today that he returned to Japan in January this year. There is speculation that Chinese authorities had detained him for suspected espionage. Can you share more about the case?",Mao Ning: I’m not familiar with the specifics you mentioned.
 Mao Ning,03/14/25,AFP, The U.S. Department of Agriculture says that the China export licenses of hundreds of abattoirs in the U.S. are due to expire this weekend. It says that China Customs has not responded to requests for these licenses to renew. So is China letting these licenses lapse deliberately as part of ongoing trade tension between China and the U.S.?,Mao Ning: I’m not familiar with the specifics you mentioned and would refer you to competent Chinese authorities.
 Mao Ning,03/13/25,AFP, The U.S. Department of Agriculture says that the China export licenses of hundreds of abattoirs in the U.S. are due to expire this weekend. It says that China Customs has not responded to requests for these licenses to renew. So is China letting these licenses lapse deliberately as part of ongoing trade tension between China and the U.S.?,Mao Ning: I’m not familiar with the specifics you mentioned and would refer you to competent Chinese authorities.
 Mao Ning,03/13/25,CCTV," We noticed that a series of major foreign investment projects have been launched in China this year, with a total investment volume of US$33 billion. Commentators say foreign companies are increasing their investment in the Chinese market with concrete actions. However, some say statistics show that foreign investment in China has dropped in recent years, indicating a trend of “foreign capital leaving China”. What’s your comment on this?","Mao Ning: We have received similar questions from other journalists recently. Here I would like to share some of the latest statistics from authorities with you. By the end of last year, nearly 1.24 million foreign-funded companies have been established in China, with paid-in foreign capital reaching RMB 20.6 trillion. Last year, some 60,000 foreign-invested companies were newly established in China, up by 9.9 percent year-on-year. In the past five years, the rate of return on FDI in China is nearly 9 percent, ranking among the top across the globe. Statistics show that China remains an ideal destination for foreign investment and many foreign companies are optimistic about China’s growth prospects.Last month, China issued the 2025 Action Plan for Stabilizing Foreign Investment, putting forward 20 new measures on expanding self-initiated opening-up in an orderly manner and boosting foreign investment. It is put forward clearly in this year’s government work report that we will ensure national treatment for foreign-funded enterprises in fields such as access to production factors, license application, standards setting, and government procurement, thus enabling foreign-funded enterprises to achieve even greater business success in China.Partnering with China will bring more opportunities. No matter how the external environment may evolve, China remains firmly committed to high-standard opening up and always welcomes companies from all countries to keep investing in China and explore the Chinese market to enjoy benefits and development together."
 Mao Ning,03/13/25,DPA," According to German media report, the German foreign intelligence service concluded based on their evidence that the outbreak of the worldwide coronavirus pandemic in 2020 could well have been triggered by an accident at a laboratory in Wuhan, China. What’s your comment? What’s China’s position on the COVID pandemic?","Mao Ning: We have stated China’s position on this issue for many times. We believe the COVID-19 origins-tracing is a matter of science, and the judgement should be made by scientists and the science-based spirit should be upheld. It is “extremely unlikely” that the pandemic was caused by a lab leak—this is the authoritative conclusion reached by the experts of the WHO-China joint mission based on science following their field trips to the lab in Wuhan and in-depth communication with researchers. The conclusion has been widely acknowledged by the international community, including the science community. On the COVID-19 origins-tracing, we firmly oppose all forms of political manipulation. "
 Mao Ning,03/13/25,Beijing Youth Daily," The Report on the Work of the Government noted that China offered unilateral visa waivers to more countries in 2024, thus bringing about a sustained surge in inbound tourism. Foreign Minister Wang Yi also pointed out when he met the press during the two sessions that more countries may join our visa-free “circle of friends”, sustaining the popularity of “China Travel” around the world. Can you give us more details on that?","Mao Ning: So far, China has granted unilateral visa-free entry to 38 countries and extended the transit visa-free period to 240 hours for 54 countries. In 2024, over 20 million foreign travelers entered China visa-free, up by 112 percent year-on-year. Among them, over 3.39 million came to China under the unilateral visa-free policy, up by 1200 percent year-on-year. Having been to China, many foreigners who thought of China as mysterious now find the country fascinating.We will take more steps to make it easier to visit China and make foreign visitors feel more at home during their stay here. Some policies have been put in place. For example, Chinese embassies and consulates worldwide no longer require online appointment for visa application and now provide walk-in visa application services instead. Many cities are now piloting the policy of “Buy Now, Refund Now” for efficient departure tax refunds and provide easier payment access which allows foreign users to link their international credit cards to Chinese digital payment platforms. Spring is a perfect time to visit China as it brings warmth and blossom of flowers. We welcome foreign friends to come and visit China and get a first-hand experience of this beautiful and open country as it is. "
 Mao Ning,03/13/25,AFP," China will hold the Beijing meeting between China, Russia and Iran on the Iranian nuclear issue tomorrow. Can you brief us on China’s expectation on the meeting? Is the meeting open to foreign media? If not, why?","Mao Ning: As a permanent member of the UN Security Council and a party to the Joint Comprehensive Plan of Action (JCPOA), China calls for an appropriate resolution of the Iranian nuclear issue through political and diplomatic means, and efforts of safeguarding the international nuclear non-proliferation regime and promoting peace and stability in the Middle East. The Beijing meeting will be China’s latest diplomatic effort with the aim of enhancing communication and coordination and creating conditions for resuming dialogue and negotiation at an early date. Under current circumstances, we believe that relevant parties need to remain calm, exercise restraint, and prevent the situation surrounding the Iranian nuclear issue from escalating or even descending to confrontation and conflict. China sincerely hopes that all parties can work in the same direction, continue to build trust and clear up misgivings, and turn the momentum of resuming dialogue and negotiation into reality at an early date.On whether the meeting will be open to media, let me check and get back to you later."
 Mao Ning,03/13/25,Reuters, Taiwan president Lai Ching-te said today that China has deepened its influence campaign and infiltration against the island. He also said that China has used Taiwan’s democracy to absorb various members of society. How does the Ministry respond to this?,"Mao Ning: Taiwan is part of China. There is no so-called president in Taiwan. What you mentioned is not a question on foreign affairs. What I can tell you is that no matter what they say, the DPP authorities cannot change the fact that Taiwan is part of China, and the trend that China must achieve reunification."
 Mao Ning,03/12/25,The New York Times," Chinese media reports say the Ministry of Commerce has summoned Walmart for pressuring Chinese suppliers to lower prices in response to tariffs. Can you confirm if this is true? And if so, can you offer more details?",Mao Ning: I’d refer you to competent Chinese authorities on that.
 Mao Ning,03/12/25,People's Daily," The two sessions just came to a conclusion in China. We noted that many in the international community said the two sessions are a window for the rest of the world to understand China’s whole-process people’s democracy. China’s democratic practice leads to a political path different from that of Western countries, and provides valuable experience and inspiration to the world, especially Global South countries. What’s your comment?","Mao Ning: The two sessions are a vivid practice of China’s whole-process people’s democracy. This year’s two sessions have brought together nearly 3,000 NPC deputies and over 2,000 CPPCC members from diverse backgrounds who represent people’s voice on the top-level platform for the deliberation of state affairs and integrate people’s aspiration into the top design of national development. Nearly 4,000 suggestions and over 2 million online opinions were solicited for the draft of the Report on the Work of the Government, with the aim of most extensively pooling collective wisdom and representing people’s will. After the two sessions were concluded, government departments will comprehensively implement tasks. This is a complete process of public opinion soliciting, consultation and implementation.Democracy is a common value of humanity and the right of people of all countries. Whole-process people’s democracy is the model of democracy in its broadest, most genuine, and most effective form. It is the people’s democracy most suitable for China’s national conditions and has made important contributions for enriching humanity’s political civilization."
 Mao Ning,03/12/25,Bloomberg, President Donald Trump rolled out 25-percent tariffs on steel and aluminum imports today. How does China respond and will Beijing retaliate?,"Mao Ning: China believes that protectionism leads nowhere, and trade and tariff wars have no winners. This has been widely recognized in the international community. What the U.S. did severely violates the WTO rules, harms the rules-based multilateral trading system, and does no good to solving problems. China will take all necessary measures to defend its lawful rights and interests."
 Mao Ning,03/12/25,The New York Times," Does China feel that it has had adequate communication with the Trump administration, particularly on trade and other economic issues?","Mao Ning: China believes that the right way is to address each other’s concerns through dialogue and consultation on the basis of equality and mutual respect. China-U.S. trade ties are based on reciprocal interactions. Cooperation will bring about mutual benefit and win-win, and China will definitely take countermeasures in response to arbitrary pressure."
 Mao Ning,03/12/25,NBC," There are some analysts who compare China’s rhetoric and countermeasures against President Trump and his tariffs and rhetoric and countermeasures from Canada and Mexico for example, and they say China’s responses are actually relatively more restrained. Would you agree?","Mao Ning: China has repeatedly made clear its opposition against the U.S. imposing additional tariffs on Chinese imports, and has taken legitimate and necessary countermeasures to defend China’s rights and interests. Let me reiterate that China-U.S. business relations are based on two-way and reciprocal interactions. Cooperation will bring about mutual benefit and win-win, and China will definitely take countermeasures in response to arbitrary pressure. "
 Mao Ning,03/12/25,Dragon TV," It’s reported that on March 11, terrorists hijacked an express train carrying around 450 passengers in Sibi, Balochistan province of Pakistan. The Balochistan Liberation Army claimed responsibility for the attack. During the ongoing operation to rescue hostages, Pakistan’s security forces freed 104 passengers and gunned down at least 16 terrorists. Prime Minister Shehbaz Sharif condemned the attack, saying that the security forces are eliminating the terrorists. What’s China’s comment?","Mao Ning: We noted the reports and strongly condemn this terrorist attack.China firmly opposes terrorism in any form. We will continue to firmly support Pakistan in combating terrorism, maintaining solidarity and social stability, and protecting the safety of the people. China stands ready to strengthen counterterrorism and security cooperation with Pakistan and jointly keep the region peaceful, secure and stable. "
 Mao Ning,03/12/25,AFP, Ukraine said it is ready to accept a U.S. proposal for an interim 30-day ceasefire in the war with Russia. What’s your response?,"Mao Ning: We noted relevant reports. China has been calling for political settlement through dialogue and negotiation since the first day of the crisis, and has been actively working for peace and pushing for talks. We hope that parties concerned will find a sustainable and lasting solution for peace that accommodates each other’s concerns through dialogue and negotiation. "
 Mao Ning,03/11/25,AFP, Ukraine said it is ready to accept a U.S. proposal for an interim 30-day ceasefire in the war with Russia. What’s your response?,"Mao Ning: We noted relevant reports. China has been calling for political settlement through dialogue and negotiation since the first day of the crisis, and has been actively working for peace and pushing for talks. We hope that parties concerned will find a sustainable and lasting solution for peace that accommodates each other’s concerns through dialogue and negotiation. "
 Mao Ning,03/11/25,AFP," Rodrigo Duterte, the former president of the Philippines, was arrested in Manila today. What’s China’s response?","Mao Ning: This is an important sudden incident. China has noted the news and is closely following how this might develop. I would like to reiterate China’s consistent view that the International Criminal Court should strictly follow the principle of complementarity, exercise its functions and powers prudently in accordance with the law and prevent politicization or double standards."
 Mao Ning,03/11/25,Beijing Daily," There is a lot of attention on the Report on the Work of the Government, which was released during China’s two sessions, setting this year’s economic growth target at around 5 percent and outlining the task of expanding high-standard opening up. With the world economy in the doldrums, how will China make new contribution to global development?","Mao Ning: Opening up is where China’s economic vitality comes from and China’s firm commitment to the world. This year’s Report on the Work of the Government made it clear that regardless of changes in the external environment, China will remain steadfast in its commitment to opening up, steadily expand institutional opening up and take the initiative to open wider and advance unilateral opening up in a well-ordered way. We will bolster policies for stabilizing foreign trade. We will promote innovation-driven development of trade in services, cultivate new growth drivers, such as green trade and digital trade, host major trade events to high standards, such as the China International Import Expo, the China Import and Export Fair, the China International Fair for Trade in Services, the Global Digital Trade Expo, and the China International Consumer Products Expo. We will vigorously encourage foreign investment. We will open internet-related, cultural, and other sectors in a well-regulated way and expand trials to open sectors such as telecommunications, medical services, and education. We will strive for solid progress in pursuing high-quality Belt and Road cooperation. We will ensure the stable and smooth operation of China-Europe freight trains, accelerate the development of the New International Land-Sea Trade Corridor, and improve the layout of international cooperation in industrial and supply chains. We will deepen multilateral, bilateral, and regional economic cooperation. We will resolutely safeguard the WTO-centered multilateral trading system, broaden converging interests with other countries, and promote shared development.China will continue to serve as an enabler of global prosperity through its high-quality development and high-standard opening up, and provide new key driving force for global economic recovery and development."
 Mao Ning,03/11/25,Kyodo News, Chinese Ambassador to Japan told Hong Kong media in an interview during the two sessions that China will participate in this year’s China-Japan-ROK summit to be held in Japan. Can you confirm that Foreign Minister Wang Yi will visit Tokyo in March and attend the China-Japan-ROK foreign ministers’ meeting?,"Mao Ning: China attaches importance to China-Japan-ROK cooperation. We maintain communication with Japan and the ROK on affairs related to the China-Japan-ROK Foreign Ministers’ Meeting. On your specific question, I have no information to share at the moment."
 Mao Ning,03/11/25,China News Service," Recently, the head of the Australian Strategic Policy Institute (ASPI) wrote on social media that because of the U.S. funding freezing, the institute lacks anti-China materials and cannot produce contents attacking China, urging the U.S. or other organizations to immediately fund relevant anti-China agenda. What’s your comment?","Mao Ning: We noted relevant report. The so-called research institute from Australia that you mentioned has long been funded by the U.S. defense and diplomatic agencies and arms dealers. It serves the interests of its donors and has propagated a long list of lies against China. Its so-called “research findings” lack basic factual grounds and have been proved as disinformation many times, which clearly violates the professional ethics of academic research. There is no credibility to speak of for this so-called institute. What the head of the institute revealed on social media exposes once again its hypocrisy of creating lies and spreading disinformation to vilify China with funding from the U.S. It is hoped that people in Australia and the international community will see clearly what kind of institute ASPI really is, and join the voices denouncing and resisting its disinformation campaigns. "
 Mao Ning,03/11/25,AFP," According to the South China Morning Post, U.S. and Chinese presidents could meet next month in China. Is that true?",Mao Ning: I have no information to read out on that.
 Mao Ning,03/11/25,Kyodo News," It will have been nearly two years since a Japanese employee of the drugmaker Astellas Pharma was detained on suspicion of espionage. This has raised concerns in the Japanese business community. According to the 2024 data of balance of payments, foreign direct investment (FDI) in China plunged year-on-year, and some commentators said that this is because of the impact of the counterespionage law. What’s your view on this?","Mao Ning: For the specifics on the case you mentioned, I’d like to refer you to the competent authorities. On China’s Counterespionage Law, let me point out that it’s a universal practice for countries to safeguard national security through domestic legislation. All the law enforcement and judicial activities of China are carried out based on facts and in accordance with China’s laws. Companies that operate lawfully and people who act in accordance with the law have nothing to worry about.Regarding the FDI statistics you mentioned, I’m not sure the figure you quoted is accurate or not. An official from the State Administration of Foreign Exchange shared information on the subject recently, which you may refer to. Let me say that China is committed to high-standard opening up and will continue to build a market-oriented, law-based and world-class business environment and provide quality services to foreign investors including those from Japan. "
 Mao Ning,03/11/25,Bloomberg, We have sources telling us that Chinese officials are having difficulty getting guidance from the U.S. side on how to stop President Trump from increasing tariffs. Can I get a reaction from you?,"Mao Ning: The U.S. is bent on using the fentanyl issue as an excuse to impose additional tariffs twice on Chinese imports. China has made clear its opposition more than once. Our countermeasures are legitimate and necessary in safeguarding our rights and interests. If harming China’s interests is what the U.S. wants, China will take resolute countermeasures. If the U.S. truly wants to solve the issue, then the right thing to do is to consult with China on the basis of equality, mutual respect and mutual benefit to address each other’s concerns."
 Mao Ning,03/11/25,AFP, So U.S. and Ukrainian officials are meeting today in Saudi Arabia for talks. Ukraine will propose its own ceasefire deal. What is China’s expectation for the meeting?,"Mao Ning: China supports all efforts conducive to the peaceful settlement of the crisis. We hope that parties can find a just and lasting solution that is acceptable to all sides. China is ready to work with the international community, and continue to play a constructive role for the political settlement of the Ukraine crisis. "
 Mao Ning,03/11/25,Reuters," The 14th Dalai Lama has published a new book. He says that his successor will be born outside of China. He writes that the campaign for the freedom of the Tibetan people would continue no matter what, even after his death. Do you have any comment on his comments in the book?","Mao Ning: The 14th Dalai Lama is a political exile engaged in separatist activities under the guise of religion. He has absolutely no right to represent the people in Xizang.Xizang enjoys a booming economy, stable society, flourishing culture and better life for its people. This is seen by many in the international community.The reincarnation of Living Buddhas is unique to Tibetan Buddhism. It follows established religious rituals and historical conventions. The Dalai Lama’s lineage, formed in Xizang, China, and religious standing and title which were affirmed by the central government, date back several hundred years. The 14th Dalai Lama himself was found and confirmed in line with this set of rituals and conventions and was approved by the then central government. The Chinese government issued Regulations on Religious Affairs and Measures on the Management of the Reincarnation of Living Buddhas, and respects and protects this method of succession. The reincarnation of Living Buddhas including the Dalai Lama must comply with Chinese laws and regulations as well as religious rituals and historical conventions, and follow the process that consists of search and identification in China, lot-drawing from a golden urn, and central government approval."
 Mao Ning,03/11/25,AFP, UK Foreign Secretary David Lammy said that China is conducting “dangerous and destabilizing” activity in the South China Sea. He said that just after a visit to the Philippines. Do you have any comments on his remarks?,"Mao Ning: The South China Sea is one of the safest and freest waterways in the world. As a country outside the region, the UK should respect China’s territorial sovereignty and maritime rights and interests in the South China Sea, and refrain from heightening antagonism and sowing discord. "
 Mao Ning,03/10/25,CCTV," We noted that when responding to a question about Taiwan at the press conference during the two sessions last week, Foreign Minister Wang Yi said that the only reference to the Taiwan region in the U.N. is “Taiwan, Province of China.” Some believe this statement shows the Chinese mainland’s tougher policy on Taiwan. What’s your view?  ","Mao Ning: Resolution 2758 adopted in 1971 by the U.N. General Assembly made it clear that there is but one China in the world, Taiwan is not a country, and Taiwan is part of China. It also made clear that there is only one seat of China in the United Nations, and the Government of the People’s Republic of China is the sole legal representative in the U.N. This resolution is observed by the U.N. and its specialized agencies as evidenced by their reference to Taiwan as “Taiwan, Province of China.” It was clearly stated in the official legal opinions of the Office of Legal Affairs of the U.N. Secretariat that “the United Nations considers ‘Taiwan’ as a province of China with no separate status.” This is the U.N.’s consistent position, which is well documented.On the Taiwan question, China’s position is consistent and clear. We stay committed to the one-China principle and the 1992 Consensus. We stand ready to work with the greatest sincerity and exert utmost efforts to achieve peaceful reunification. Meanwhile, China will take all necessary measures to defend national sovereignty and territorial integrity, and firmly oppose “Taiwan independence” separatism and external interference."
 Mao Ning,03/10/25,China Daily," On the upcoming visit to China by Lao Foreign Minister Thongsavanh Phomvihane that you just announced, can you share the arrangement of the visit and China’s expectations? How does China view the current China-Laos relations?","Mao Ning: China and the Lao PDR are socialist comrades and brothers. The two countries have taken the lead in advancing the building of a community with a shared future and implementing the three global initiatives. Last year, General Secretary and President Xi Jinping had a successful meeting with General Secretary and President Thongloun Sisoulith during the BRICS Summit in Kazan, reaching new outcomes in the comprehensive strategic cooperation between the two countries. China has been the biggest source of foreign investment and destination of exports for the Lao PDR for many consecutive years. The China-Laos Railway has witnessed continued growth in both passenger and cargo volume, and its cross-border cargo transport has covered 19 countries and regions. The railway has become a golden route for transportation on the Indo-China Peninsula.The upcoming visit is the first visit to China by Lao Foreign Minister Thongsavanh Phomvihane after he took office. He is also the first foreign minister to visit China after China’s two sessions this year. This demonstrates the great importance both sides attach to the bilateral relations. During the visit, Foreign Minister Wang Yi will hold talks with Foreign Minister Thongsavanh Phomvihane to exchange views on implementing the common understandings between the top leaders of the two parties and two countries and enhancing bilateral and multilateral strategic coordination. China hopes that the visit will help deepen and enrich the building of the China-Laos community with a shared future, deliver tangibly to the two peoples, and contribute to global and regional peace, stability and development."
 Mao Ning,03/10/25,Reuters, China imposed tariffs on some Canadian agricultural goods on Saturday. What does it say about the status of the China-Canada relationship?,"Mao Ning: Relevant Chinese authorities have issued an announcement on this. In disregard of China’s repeated persuasion, Canada has insisted on taking discriminatory restrictive measures on some Chinese imports. This seriously violates WTO rules, disrupts normal trade order, and gravely harms China’s lawful rights and interests. The countermeasures China has taken are fully necessary, justified, reasonable and lawful. China urges Canada to take concrete steps to correct the wrongdoings, and provide a fair, non-discriminatory and predictable environment for the normal trade and cooperation between the businesses of the two countries."
 Mao Ning,03/10/25,Xinhua News Agency," According to reports, Egyptian Foreign Minister Badr Abdelatty said recently that the 20th Extraordinary Session of the OIC Council of Foreign Ministers adopted the plan for early recovery and reconstruction in Gaza which was proposed by Egypt and endorsed by the Arab League summit earlier. He also emphasized the importance of mobilizing international support. Foreign ministers of the U.K., France, Germany and Italy have issued a joint statement to support the Arab plan for reconstruction of Gaza, saying that the plan shows a realistic path to the reconstruction of Gaza. What’s China’s stance on this plan?","Mao Ning: Foreign Minister Wang Yi stressed last week when meeting the press during the two sessions that we support the plan for restoring peace in Gaza initiated by Egypt and other Arab countries, that is, the plan for early recovery and reconstruction. On the question of Palestine, we’ve always supported the legitimate concerns and position of Arab and Islamic countries and held the view that the principle of “Palestinians governing Palestine” should be observed in post-conflict governance in Gaza and we need to ensure that the Palestinian people will rebuild their home on the territory of their own. In a long-term perspective, the ultimate settlement of the Palestinian question requires a return to the right track of the two-State solution. We will continue to work with the international community to play a constructive role to this end. "
 Mao Ning,03/10/25,Global Times, U.S. Treasury Secretary Scott Bessent on multiple occasions stressed that the Chinese economy is over-dependent on export and that the U.S. wants fair and reciprocal trade ties. What’s China’s comment?,"Mao Ning: You can find in this year’s Report on the Work of the Government that “stimulating domestic demand across the board” is listed as the first of the ten major tasks for this year. The report also stresses that China will vigorously expand domestic demand across the board and make it a key driver and stabilizing force for economic growth.The China-U.S. trade, as it is now, is the result of market forces with multiple factors at play, including the two countries’ economic structures and trade policies as well as the position of the U.S. dollar. China never seeks a trade surplus. The fact is, the U.S. has benefited abundantly from trade with China. If you look at the breakdown of statistics, the exports of China-based U.S. companies are also counted as China’s trade surplus. The high-quality products at reduced cost exported by China to the U.S. have essentially raised the purchasing power of U.S. consumers, and created a huge amount of jobs in the U.S., particularly in sectors such as transport, wholesale, retail and e-commerce. By the way, the U.S. continues to run a huge surplus in trade in services.China-U.S. trade and economic ties benefit both sides. If one had been ripping the other off, there is no way the ties would have come this far as we see today. To call the economic ties a “rip-off” and pursue absolute reciprocity in trade goes against the most basic economic common sense and those who do so are underestimating the judgement of U.S. companies and consumers. No matter what the purported rationale is, it cannot hide the U.S.’s aim of politicizing and weaponizing trade issues to contain and go after China. It’s been years and years since the U.S. initiated the trade war against the rest of the world, yet it has not stopped U.S. trade deficit from going up and reaching US$918.4 billion last year. Whether it’s a tariff war or a trade war, they invariably start by hurting others before coming back to hurt the one who launched it. It’s time for the U.S. to learn its lesson and end this wrong practice. "
 Mao Ning,03/10/25,AFP," According to ROK’s Ministry of National Defence, the DPRK seems to have fired about a dozen missiles to waters west of the Korean Peninsula today. What is China’s response?","Mao Ning: We noted the reports and also noted the DPRK has issued several statements on the military and diplomatic moves and sanctions by the U.S. and the ROK concerning the DPRK. We hope relevant parties will face up to the root cause of the Korean Peninsula issue, stick to the major direction of political settlement and work for easing tensions and safeguarding regional peace and stability."
 Mao Ning,03/10/25,Shenzhen TV, Recent clashes between security forces of the Syrian interim government and gunmen loyal to the former authorities in western provinces of Latakia and Tartous have caused heavy casualties including civilians. There’s extensive concerns over the situation in Syria in the international community. What’s China’s comment? ,"Mao Ning: China is closely following the situation in Syria and is concerned over the heavy casualties caused by armed clashes in Syria. We call on relevant sides to immediately stop the armed clashes and hostilities, earnestly protect the safety of civilians, respect and uphold the principle of inclusiveness, and find a nation-reconstruction plan that meets the Syrian people’s aspirations through dialogue. "
 Mao Ning,03/10/25,AFP," According to the Wall Street Journal, U.S. President Trump is considering measures to restrict DeepSeek, including banning the use of DeepSeek on government equipment. What is China’s response?",Mao Ning: We oppose overstretching the concept of national security and politicizing trade and tech issues. We will firmly safeguard the lawful rights and interests of Chinese companies.
 Mao Ning,03/10/25,Reuters, Mark Carney won the race to be the leader of Canada’s ruling party and succeed Justin Trudeau’s Prime Minister. What’s your message for the incoming government?,"Mao Ning: We noted relevant reports and express congratulations to Mr. Carney. Regarding China’s relations with Canada, we always believe that we need to grow bilateral relations on the basis of mutual respect, equality and mutual benefit. We hope that the Canadian side will form an objective and rational perception of China, pursue a positive and pragmatic policy towards China, and work with China in the same direction for the improvement and growth of bilateral relations."
 Mao Ning,03/10/25,AFP," The Dalai Lama will publish a new book “Voice for the Voiceless.” Before the release of the new book, he issued an article, claiming that there is the danger that in the name of stability and territorial integrity, attempts might be made by the Chinese government to erase the Tibetan civilization. What is China’s response to this new book and Dalai Lama’s comment?","Mao Ning: The 14th Dalai Lama is not a pure religious figure, but a political exile engaged in anti-China separatist activities under the cloak of religion. On Tibet-related issues, China’s position is consistent and clear. No matter what the Dalai Lama says to does, he will not change the objective fact that Xizang enjoys prosperity and development. Relevant parties should not provide platforms for the comment about splitting China."
 Mao Ning,03/10/25,Reuters," Reuters reported last week that the United States is considering charging docking fees for any fleets, cargo vessels and the like that include Chinese-built or Chinese-flagged ships. Do you have any comment?","Mao Ning: We’ve stated our position on relevant questions. Such measures as imposing port fees and levying tariffs on cargo handling facilities hurt the U.S. itself as well as others. The move not only hikes global maritime shipping costs and disrupts the stability of global industrial and supply chains, but also increases inflationary pressures in the U.S. and hurts the interests of American consumers and businesses. The practice will ultimately fail to revitalize the U.S. shipbuilding industry. We urge the U.S. to respect facts and multilateral rules, and immediately stop its wrongdoings. China will take necessary measures to defend its lawful rights and interests."
 Mao Ning,03/10/25,NHK," Taiwan’s “ministry of economic affairs” announced that it will attend the World Expo in Osaka, Japan in an unofficial capacity. What is China’s comment?",Mao Ning: We firmly oppose any kind of official interactions between the Taiwan region and any country that has diplomatic ties with China.
 Mao Ning,03/10/25,Bloomberg, There are reports that the U.S. has promised to accelerate arms shipments to Taiwan. Can you comment?,"Mao Ning: China is firmly opposed to the U.S.’s military ties with and arms sales to China’s Taiwan region. This position is consistent and unequivocal. The Taiwan question is at the core of China’s core interests and the first red line that cannot be crossed in China-U.S. relations. China calls on the U.S. to abide by the one-China principle and the three China-U.S. joint communiqués, stop selling arms to the Taiwan region and having military contact with Taiwan, stop creating factors that fuel tensions in the Taiwan Strait, and stop endangering peace and stability in the Taiwan Strait. "
 Mao Ning,03/10/25,Reuters, Canada will hold an election later this year. Do you have a message for the candidates running in the federal election? What are China’s hopes for this election?,Mao Ning: The election is Canada’s internal affair and I have no comment on that.
 Lin Jian,03/06/25,TASS," It’s reported that U.S. Secretary of Defense said in a media interview that the U.S. doesn’t seek a war with China, but will rebuild the military and prepare for war. What’s the Foreign Ministry’s comment?","Lin Jian: The rhetoric of the U.S. official is aimed at fueling ideological confrontation and spreading so-called “China threat” that doesn’t exist. The U.S. needs to realize that China is NOT a mirror image of the hegemonic U.S. The U.S. should stop viewing China-U.S. relations with an outdated Cold War mentality. The U.S. must no longer seek to contain or go after China in the name of strategic competition. We’ve always held the clear-cut view that whatever kind of war it is, a tariff war or a trade war, a cold war or a hot war, they should not be fought and cannot be won. "
 Lin Jian,03/06/25,AFP," The United States has indicted 12 Chinese nationals, including two officials, for a series of hacking attacks, including a breach of the U.S. Treasury last year. What’s China’s comment on this?","Lin Jian: We reject the groundless U.S. accusations and urge the U.S. to immediately stop its wrongdoing of abusing sanctions. Last December, a Chinese cybersecurity agency disclosed two recent cyberattacks against Chinese high-tech companies launched by the U.S. intelligence community. The U.S. is the No.1 “hacking empire” in the world. We call on the U.S. to ditch its double standards and stop framing China.*********************************************The third session of the 14th National People’s Congress (NPC) will invite Member of the Political Bureau of the CPC Central Committee and Foreign Minister Wang Yi to hold a press conference on China’s foreign policy and foreign relations at Press Conference Hall, Media Center at 10:00 am on Friday, March 7. There will be no regular press conference of the Ministry of Foreign Affairs that day."
 Lin Jian,03/05/25,CCTV," It was reported that on March 4, Arab countries held an emergency summit in Cairo to discuss the Palestinian question, and proposed the Arab plan on the recovery and reconstruction of post-conflict Gaza. What is China’s comment on this?","Lin Jian: China supports the effort by Egypt and other Arab countries to promote the continuous and effective implementation of the Gaza ceasefire agreement, advance humanitarian assistance and restore security and stability there. We support a post-conflict governance plan in Gaza that is recognized by the Palestinian people and embodies the consensus of Arab countries. The plan must follow the principle of “Palestinians governing Palestine” and align with the two-State solution so that Palestine and Israel will live side by side peacefully and there will be lasting peace in the Middle East."
 Lin Jian,03/05/25,China Daily," On June 7, 2024, the 78th United Nations General Assembly adopted a resolution proposed by China to establish the “International Day for Dialogue among Civilizations” by consensus. Recently, we learned that the U.N. Secretariat has launched a special website (in English) for the “International Day for Dialogue among Civilizations.” What is China’s comment on this?","Lin Jian: Last year, the resolution proposed by China to establish the “International Day for Dialogue among Civilizations” was adopted at the 78th United Nations General Assembly by consensus. This marks a successful practice of China’s Global Civilization Initiative put forth by President Xi Jinping, and represents a significant contribution to promoting dialogue among different civilizations worldwide, as well as advancing global peace and development. The special website for the “International Day for Dialogue among Civilizations” launched by the U.N. recently will help promote the common values of humanity, raise public awareness of respecting diversity of civilizations, and draw attention to finding solutions to global challenges.On June 10 this year, the international community will celebrate the first “International Day for Dialogue among Civilizations.” As the initiating country, China stands ready to work with the international community to actively implement the spirit of the UNGA resolution, organize diverse celebration activities, jointly promote exchanges and mutual learning among civilizations, better safeguard world peace and foster common development through dialogue among civilizations, and make unremitting efforts to advance the building of a community with a shared future for mankind."
 Lin Jian,03/05/25,AFP, President Donald Trump today made an address to the U.S. Congress. He said he had received a message from President Zelenskyy to help end the war in Ukraine. He also repeated some statements to the effect that he hopes to see greater U.S. control over the Panama Canal and Greenland. Do you have any comment or any further remarks?,"Lin Jian: We noted relevant reports. China’s position on the Ukraine crisis is consistent and clear. Dialogue and negotiation is the only viable solution to the crisis. On the Panama Canal issue, China supports Panama’s sovereignty over the Canal, and stays committed to maintaining the status of the Canal as a permanently neutral international waterway. China has never engaged in the management and operation of the Canal. Never ever have we interfered. The so-called China’s control over the Canal is nothing but a lie.On the issue of Greenland, China always believes that relations between countries should be handled in accordance with the purposes and principles of the U.N. Charter."
 Lin Jian,03/05/25,EFE," In yesterday’s briefing, you said that if the U.S. wants war, tariff war, trade war or any type of war, China is ready to fight till the end. A similar remark was made by the Chinese Ambassador to the U.S. Does China fully stand by this statement? What does “any type of war” refer to?","Lin Jian: Yesterday, we made clear China’s serious position on the issue. The U.S. is bent on using the fentanyl issue as a flimsy excuse to raise tariffs again on Chinese imports. China has made clear its opposition more than once and has taken legitimate and necessary countermeasures. If the U.S. truly wants to solve the fentanyl issue, then the right thing to do is to consult with China on the basis of equality, mutual respect and mutual benefit to address each other’s concerns. If the U.S. has other agenda in mind and if harming China’s interests is what the U.S. wants, we’re ready to fight till the end. We urge the U.S. to stop being domineering and return to the right track of dialogue and cooperation at an early date."
 Lin Jian,03/05/25,China-Arab TV, they both rejected remarks from the U.S. Do you have any comment on the recent statements made by the United States? ,"Lin Jian: I’ve stated China’s position on the emergency summit held by Arab countries.On the Ukraine crisis, China noted that there are new developments concerning the political settlement of the crisis. On this issue, we always follow the four points about what must be done which were proposed by President Xi Jinping. China hopes that relevant parties can find a sustainable and lasting solution that takes into account each other’s concerns through dialogue and negotiation."
 Lin Jian,03/05/25,Reuters, An investor group backed by BlackRock has agreed to buy a majority stake in the Hong Kong-based company that runs ports along either side of the Panama Canal. This would give a U.S. firm control of key docks in that area amid pressure from the White House. Does the Ministry have any comment on this?,"Lin Jian: We have no comment on the relevant commercial deal. The government of the Hong Kong Special Administrative Region made a response to the operation of the ports by the relevant Hong Kong company. Let me say more broadly that China supports Chinese companies, including those from Hong Kong SAR, in investing and doing business overseas. Hope they can have access to a fair and just business environment everywhere they go. We oppose any abuse of coercion and pressuring in international trade and economic relations."
 Lin Jian,03/04/25,CCTV, Tajikistan held elections to the lower house of parliament on March 2. What’s China’s comment? ,"Lin Jian: China congratulates Tajikistan on the successful elections of the lower house of parliament. At the invitation of Tajikistan’s Central Commission for Elections and Referenda, China sent a group to Tajikistan to observe the elections. China believes that the elections are democratic, open and transparent, and demonstrate the political openness and inclusiveness of the country. China highly commends that and sincerely wishes the people of Tajikistan new, greater achievements in national development under the leadership of President Emomali Rahmon.As a friendly neighbor and comprehensive strategic cooperative partner in the new era, China values its relations with Tajikistan, and stands ready to work with Tajikistan to earnestly implement the important common understandings between President Xi Jinping and President Rahmon. We will step up mutual support, deepen mutually beneficial cooperation on all fronts, and strive for more solid progress in building a China-Tajikistan community with a shared future."
 Lin Jian,03/04/25,Beijing Daily," New Zealand’s Deputy Prime Minister and Foreign Minister Winston Peters said after his visit to China last week that the special relationship between New Zealand and China is in the “second decade”, and the two sides had substantive and constructive dialogues on bilateral cooperation and regional and global issues. Can you share more details?","Lin Jian: From February 25 to 27, New Zealand’s Deputy Prime Minister and Foreign Minister Winston Peters visited China. This is an important high-level exchange as the China-New Zealand comprehensive strategic partnership enters the second decade. This visit is aimed at delivering on the important common understandings between the leaders of the two countries, enhancing strategic communication, and promoting the continued sound and steady growth of the bilateral relations at the new starting point.Vice President Han Zheng and Foreign Minister Wang Yi met and had talks with New Zealand’s Deputy Prime Minister and Foreign Minister Winston Peters respectively. The two sides had candid and in-depth exchange of views on China-New Zealand relations and international and regional issues of mutual interest, and agreed to maintain high-level exchanges, strengthen dialogue and communication, and expand mutually beneficial cooperation. Deputy Prime Minister and Foreign Minister Winston Peters reaffirmed New Zealand’s commitment to the one-China policy and that it is committed to being a positive partner with China. China expressed appreciation for this stance.China stands to work with New Zealand to renew the traditional friendship, carry forward the spirit of “striving to be the first”, and become partners with mutual trust and achieve mutual success, thereby better benefiting the peoples of both countries and maintaining regional and global peace and stability."
 Lin Jian,03/04/25,The New York Times, The United States has imposed further 10 percent tariffs on most goods from China. What is your reaction?,"Lin Jian: I believe you’ve noticed the statements released by competent Chinese departments. The fentanyl issue is a flimsy excuse to raise U.S. tariffs on Chinese imports. China has made clear its opposition more than once. Our countermeasures to defend our rights and interests are fully legitimate and necessary.The U.S., not anyone else, is responsible for the fentanyl crisis inside the U.S. In the spirit of humanity and goodwill towards the American people, we have taken robust steps to assist the U.S. in dealing with the issue. This is obvious to all and people from various sectors in the U.S. have expressed thanks to China on multiple occasions. Instead of recognizing our efforts, the U.S. has sought to vilify and shift the blame to China, and is seeking to pressure and blackmail China with tariff hikes. They’ve been punishing us for helping them. This is not going to solve the U.S.’s problem and will undermine our counternarcotics dialogue and cooperation. Let me reiterate that intimidation does not scare us. Bullying does not work on us. Pressuring, coercion or threats are not the right way of dealing with China. Anyone using maximum pressure on China is picking the wrong guy and miscalculating. If the U.S. truly wants to solve the fentanyl issue, then the right thing to do is to consult with China on the basis of equality, mutual respect and mutual benefit to address each other’s concerns. If the U.S. has other agenda in mind and if war is what the U.S. wants, be it a tariff war, a trade war or any other type of war, we’re ready to fight till the end. We urge the U.S. to stop being domineering and return to the right track of dialogue and cooperation at an early date. "
 Lin Jian,03/03/25,The New York Times, The United States has imposed further 10 percent tariffs on most goods from China. What is your reaction?,"Lin Jian: I believe you’ve noticed the statements released by competent Chinese departments. The fentanyl issue is a flimsy excuse to raise U.S. tariffs on Chinese imports. China has made clear its opposition more than once. Our countermeasures to defend our rights and interests are fully legitimate and necessary.The U.S., not anyone else, is responsible for the fentanyl crisis inside the U.S. In the spirit of humanity and goodwill towards the American people, we have taken robust steps to assist the U.S. in dealing with the issue. This is obvious to all and people from various sectors in the U.S. have expressed thanks to China on multiple occasions. Instead of recognizing our efforts, the U.S. has sought to vilify and shift the blame to China, and is seeking to pressure and blackmail China with tariff hikes. They’ve been punishing us for helping them. This is not going to solve the U.S.’s problem and will undermine our counternarcotics dialogue and cooperation. Let me reiterate that intimidation does not scare us. Bullying does not work on us. Pressuring, coercion or threats are not the right way of dealing with China. Anyone using maximum pressure on China is picking the wrong guy and miscalculating. If the U.S. truly wants to solve the fentanyl issue, then the right thing to do is to consult with China on the basis of equality, mutual respect and mutual benefit to address each other’s concerns. If the U.S. has other agenda in mind and if war is what the U.S. wants, be it a tariff war, a trade war or any other type of war, we’re ready to fight till the end. We urge the U.S. to stop being domineering and return to the right track of dialogue and cooperation at an early date. "
 Lin Jian,03/03/25,China News Service," The 62nd Session of the Intergovernmental Panel on Climate Change (IPCC) concluded in Hangzhou on March 1. We’ve learned that China actively shared its experience and practice in meteorological disaster prevention and mitigation at the session. Can you share the outcomes of the session? We’ve also noted that COP30 President André Corrêa do Lago said in a recent interview that “China has been able to give some fantastic answers to the fight against climate change.” “They are doing their own thing, and their own thing is benefiting the rest of the world,” he added. What is your response? ","Lin Jian: I noted the report. This is the first time that the Chinese government hosts the IPCC session. With the strong support and effort from China, the session adopted the outlines of the three Working Group contributions to the Seventh Assessment Report, which identified the key direction of the scientific assessment on climate change, and laid an important foundation for pooling the strength of the global science community and jointly improving climate governance.China is always a partner of Global South countries on the development path of green transition. China proactively responded to the U.N. initiative on meteorological early warning, shared observation data with 132 countries and regions worldwide, and jointly developed early warning system together with Pakistan, Ethiopia and other countries, and shared China’s experience and solution. We actively shouldered international obligations commensurate with our national conditions and capabilities. China shared the results of green innovation with more than 100 developing countries to lower the cost of emission reduction and boost global green production capacity. Low-carbon demonstration zones, facilities of wind and solar power, and energy-efficient lighting projects are all over Asia, Africa and Latin America. Green energy has become a daily necessity, instead of a luxury. We will stay committed to building a fair and equitable global climate governance system for win-win cooperation, supporting developing countries’ climate response capacity building and technological advancement, and helping Global South countries jointly realize green and low-carbon revitalization."
 Lin Jian,03/03/25,Reuters," Global Times reported today that China is formulating countermeasures to fresh U.S. tariffs expected to enter force tomorrow, including curbs on American agricultural products. Is the Foreign Ministry able to confirm this?",Lin Jian: I made clear China’s solemn position on the relevant question last week. The U.S. once again uses the fentanyl issue as a pretext to threaten China with tariff hikes on its imports. China opposes this move and will do what is necessary to firmly safeguard its legitimate interests.
 Lin Jian,03/03/25,Associated Press of Pakistan," Last Friday, Pakistan and China signed a cooperation agreement on spaceflight of a Pakistani astronaut on Chinese space station. This is being considered another milestone in space cooperation between the two countries. What is your response please?","Lin Jian: Exploring the universe is humanity’s shared aspiration. We are glad to see the signing of a space cooperation agreement between China and Pakistan. We hope the Pakistani astronaut’s entry into the Chinese space station will be a full success. Since the launch of the manned space engineering program, China has been following the principles of peaceful use, equality, mutual benefit and common development. We focus on sharing with all humanity the results of China’s development and offer opportunities for cooperation in China’s space station. We are willing to work with Pakistan to elevate our space cooperation to a new level, and give a stronger boost to the socioeconomic development of the two countries through space technologies. China also stands ready to conduct more international cooperation and exchange with other countries and regions that are committed to the peaceful use of outer space."
 Lin Jian,03/03/25,Reuters," Last week, U.S. President Trump accused Ukrainian President Zelenskyy of being not ready for a peace deal with Russia. Does China’s Foreign Ministry have any comment on the meeting?",Lin Jian: We noted relevant reports. China will continue to play a constructive role for the political settlement of the Ukraine crisis and the realization of peace.
 Lin Jian,03/03/25,Bloomberg, I want to follow up if China would send peacekeepers to Ukraine as some analysts have suggested?,"Lin Jian: China did not start the Ukraine crisis, nor is it a party to it. We support all efforts conducive to the peaceful settlement of the crisis. China hopes that the relevant parties can find a sustainable and lasting solution that takes into account each other’s concerns. "
 Lin Jian,03/03/25,Reuters, Is the Foreign Ministry able to confirm that the 40 Chinese nationals repatriated from Thailand last week are Chinese Uyghurs? The United Nations human rights experts said that they were at risk of harm if returned. Are you able to tell us what would happen to them next?,"Lin Jian: I made clear China’s position last week. Let me stress once again that the repatriation is carried out in accordance with the laws of China and Thailand as well as international law and common practices. The lawful rights of people concerned are fully protected. Readouts were also released by competent authorities.China has all along been committed to protecting the lawful rights and interests of Chinese citizens. Those who were long detained abroad have been repatriated to China and returned to a normal life. Their lawful rights have been fully protected in accordance with the law. This speaks to the consistent position and firm resolve of the Chinese government in respecting and protecting human rights. U.N. human rights experts need to perform their duties fairly and objectively, respect countries’ sovereignty, respect objective facts, and refrain from interfering in countries’ judicial sovereignty and normal law enforcement cooperation between countries."
 Lin Jian,03/03/25,CCTV," U.S. Secretary of State Marco Rubio recently blamed China on issues of Taiwan, economy and trade, COVID-19 and Indo-Pacific affairs in an interview by U.S. media outlet. What is China’s comment?","Lin Jian: Rubio’s remarks are steeped in the Cold-War mentality and full of lies and false accusations. China strongly deplores and firmly opposes this, and has lodged serious protests with the U.S.There is but one China in the world, Taiwan is an inalienable part of China, and the government of the People’s Republic of China is the sole legal government representing the whole of China. This is the real status quo of the Taiwan Strait. The U.S. has distorted the one-China principle, and insisted on using Taiwan to contain China, and the Taiwan authorities have sought “independence” under the support and connivance of the U.S. These are the most fundamental changes to the status quo of the Taiwan Strait. The Taiwan question is the most crucial, sensitive and explosive issue in the China-U.S. relations. If the U.S. does not hope to trigger confrontation, they must stop crossing or trampling on the red line of the Taiwan question.Trade and tariff wars have no winners. The U.S.’s attempts to politicize and weaponize trade and economic issues, levy tariff hikes on Chinese imports under the pretext of fentanyl, and create blocks to its normal trade, investment and economic cooperation with China will only harm its own economic interests and international credibility. China stands ready to work with the U.S. to address each other’s concerns through dialogue and consultation on the basis of equality and mutual respect. In the meanwhile, we will take all measures necessary to safeguard our legitimate rights and interests.The origins-tracing of COVID-19 is a serious science issue. It is “extremely unlikely” that the pandemic was caused by a lab leak—this is the authoritative conclusion reached by the experts of the WHO-China joint mission following their field trips to the lab in Wuhan and in-depth communication with researchers. It is a conclusion based on science, which is widely recognized by the international community and the science community. More and more clues in the international science community point possible COVID origins to various parts of the world, and a global perspective is needed to carry out origins-tracing work in multiple countries and regions, in particular the U.S. The U.S. needs to immediately stop slinging mud on and scapegoating China.The Asia-Pacific is a pace-setter in cooperation and development, not a chess board for geopolitical rivalry. History and facts show time and again that treating other countries as a chess piece, pawn or even cannon fodder is the U.S.’s go-to tactic. The U.S. should not project its own hegemonic mentality onto China. Attempts to stoke bloc confrontation in the Asia-Pacific run counter to the trend of the times and go against the common aspiration of regional countries. These moves will win no support and be doomed to failure.Our message to the U.S.: a lie told a thousand times cannot be a fact, the world will not be fooled by such baseless vilification against China, and megaphone diplomacy does no good to China-U.S. relations. We will be committed to viewing and developing our relations with the U.S. on the basis of the principles of mutual respect, peaceful coexistence and win-win cooperation put forward by President Xi Jinping. Meanwhile, we will firmly defend national sovereignty, security and development interests."
 Lin Jian,03/03/25,Reuters, The U.S. is nudging Mexico and Canada to match tariffs on China. Does the Foreign Ministry have any comment?,"Lin Jian: As we have said more than once, trade and tariff wars have no winners. Snuffing out others’ candles does not bring light to oneself. WTO rules and principles of market economy should be observed by all. If there are any concerns, they should be solved through dialogue and consultation with equality and mutual respect. Countries need to come together to address unilateralism and trade protectionism. "
 Lin Jian,02/28/25,CCTV," According to reports, in response to the repatriation of 40 Chinese nationals to China from Thailand on February 27, the U.S., U.K., Germany and the European Union, among others, issued statements, in which they condemned Thailand’s repatriation and called on China to protect human rights. Do you have any comment?","Lin Jian: China firmly opposes using so-called Xinjiang-related issues to interfere in China’s internal affairs and disrupt normal law enforcement cooperation between China and relevant countries under the pretext of human rights. Let me stress that the repatriation is carried out in accordance with the laws of China and Thailand as well as international law and common practices. China upholds the rule of law and has well-developed laws and regulations and working mechanisms in human rights protection in the judicial area. The achievements are there for all to see. People of all ethnic groups in China, including the Uyghurs in Xinjiang, fully enjoy economic, social, cultural, civil and political rights.Certain countries and international organizations, in disregard of facts, have made unfounded accusations against the normal law enforcement cooperation between China and Thailand on combating smuggling and other cross-border illegal and criminal activities, even fabricated false narratives related to Xinjiang, and politicized this issue. Illegal migration and smuggling are recognized by all as crimes, which seriously disrupt the normal cross-border order. China will continue to strengthen international law enforcement cooperation with relevant countries to jointly address the challenge of smuggling and other cross-border crimes, guarantee the safe and orderly flow of Chinese and foreign nationals in accordance with the law, and protect the lawful rights and interests of inbound and outbound travelers."
 Lin Jian,02/28/25,Rudaw Media Network, The jailed PKK leader Abdullah Ocalan calls on the group to lay down arms and disband. What is China’s position on that?,Lin Jian: We noted the reports. China supports relevant sides of Türkiye in settling differences through political means.
 Lin Jian,02/28/25,AFP, U.S. President Donald Trump said yesterday that he would impose an additional 10 percent tariff on Chinese imports next week. Does the Foreign Ministry have a comment on this?,"Lin Jian: The U.S. once again uses the fentanyl issue as a pretext to threaten China with additional tariffs on its exports to the U.S. China firmly deplores and strongly opposes this move, and will take what is necessary to resolutely defend its legitimate interests.China makes it clear more than once that trade and tariff wars have no winners. The unilateral tariff hikes by the U.S. severely violate the WTO rules, and harm the interests of both countries and the world. China is one of the world’s strictest countries on counternarcotics both in terms of policy and its implementation. The fentanyl issue is the U.S.’s own problem. China has given support to the U.S.’s response to the fentanyl issue in the spirit of humanity. At the U.S.’s request, China announced back in 2019 the decision to officially schedule fentanyl-related substances as a class. We are the first country in the world to do so. China has conducted counternarcotics cooperation with the U.S. side in a broad-based and in-depth way. The remarkable progress is there for all to see. People from various sectors in the U.S. have expressed thanks to China on different occasions. The fentanyl issue is just an excuse the U.S. uses to impose tariffs on, pressure and blackmail China, and they punish us for helping them. This will not solve their concerns. It is only counterproductive and will deal a heavy blow to the dialogue and cooperation with China on counternarcotics.Pressuring, coercion and threat is not the right way to deal with China. Instead, mutual respect is the basic prerequisite. We urge the U.S. to correct its wrongdoing and return to the right track of addressing each other’s concerns through equal-footed consultations."
 Lin Jian,02/28/25,Shenzhen TV," It’s reported that on February 26, two senators from the U.S. Senate Foreign Relations Committee jointly introduced a resolution, saying that the Hong Kong National Security Law and the Safeguarding National Security Ordinance have stripped away the basic rights of the people in Hong Kong. American companies need to reconsider their business presence in Hong Kong. What’s China’s comment?","Lin Jian: Individual U.S. senators have attacked and smeared the legislation of the Hong Kong Special Administrative Region, made baseless allegations against Hong Kong’s human rights conditions and the rule of law, and grossly interfered in Hong Kong affairs. China opposes this.It’s fully justified and beyond any doubt that the HKSAR government firmly implements the Hong Kong National Security Law and the Safeguarding National Security Ordinance to lawfully crack down on the crimes that endanger national security. The implementation of the laws safeguards Hong Kong residents’ various rights and freedoms entitled in the law, provides solid underpinning for Hong Kong’s prosperity and stability, and better protects the lawful rights and interests of foreign investors in Hong Kong. The 2025 Business Sentiment Survey Findings Report recently released by the American Chamber of Commerce in Hong Kong shows that American companies in Hong Kong view the national security laws in a more objective way, and are more confident in the business environment there. This is a vote of confidence from the American businesses there for Hong Kong’s development outlook. Facts prove that with the safeguards of One Country, Two Systems, the strong support of the nation, and concerted efforts of all sectors, Hong Kong will maintain lasting prosperity and stability.Let me stress that the US has churned out laws for national security, but kept slinging mud on and labeling the Hong Kong National Security Law and the Safeguarding National Security Ordinance. This is an out-and-out political manipulation, hypocrisy and double standard. We urge certain U.S. congressmen to respect China’s sovereignty, abide by the principles of international law and the basic principles of international relations, immediately stop meddling in Hong Kong affairs, and stop interfering in China’s internal affairs."
 Lin Jian,02/28/25,AFP," Russian news agencies have reported that Russia’s former defense chief Sergei Shoigu, who is now Secretary of the Security Council, arrived in Beijing today. It is reported that he’s going to meet with Chinese leader and Foreign Minister. Can the Foreign Ministry confirm this and provide any more details?","Lin Jian: As comprehensive strategic partners of coordination in the new era, China and Russia have maintained close high-level exchanges. As for the specific question you asked, I have no information to share for the time being."
 Lin Jian,02/28/25,Dragon TV," It’s reported that the ROK leader once again mentioned China-related issues in his statement at the impeachment trial held by the Constitutional Court. He cited the threats to national security posed by drones flown by Chinese nationals, and core national technologies and defense industry secrets being leaked to China. What’s China’s comment?","Lin Jian: Days after the martial law was imposed at the end of last year, the ROK side made similar remarks and China has made clear its solemn position. China is committed to the principle of non-interference in others’ internal affairs, and believes that the ROK people have the wisdom and capability to handle their domestic issues. We strongly deplore and firmly oppose certain forces and personnel in the ROK creating ill-intentioned association on and propagating China-related issues for political gains.Throwing mud at one’s neighbor will not solve one’s own problem. We noted that recently, the ROK Foreign Ministry and the ROK-China Parliamentarians’ Union have publicly underlined the importance they attach to China-ROK relations, and some media outlets and visionary people in the ROK have expressed concerns over the political manipulation by certain forces in the ROK, which undermines the public foundation of the two countries.The sound and steady development of China-ROK relations serves the common interests of the two countries. We once again urge relevant individuals in the ROK to stop fabricating and peddling false narratives about China, stop vilifying and attacking China, stop using China-related issues for political agenda, and avoid disrupting and undermining the bilateral relations."
 Lin Jian,02/28/25,The Wall Street Journal, Just like to ask about some comments that Secretary of State Marco Rubio made earlier this week in an interview related to the fentanyl issue. He said that he believed it was possible that China was deliberately seeking to “flood” the United States with fentanyl. Do you have any comment? What does that mean in your view for U.S.-China fentanyl cooperation going forward during this administration?,"Lin Jian: We noted relevant reports. What he said during the interviews is full of the Cold War mentality and preaches containment, suppression and blame shifting, which seriously undermines China’s interests. We strongly deplore and firmly oppose that.On the issue of fentanyl, I just stated China’s solemn position. Let me reiterate that fentanyl is a problem for the U.S. China has given support to the U.S.’s response to the fentanyl issue in the spirit of humanity, and conducted counternarcotics cooperation with the U.S. side in a broad-based and in-depth way, which produced remarkable results. People from various sectors in the U.S. have expressed their appreciation to China for this on many occasions. If the U.S. continues to use the fentanyl issue to pressure, blackmail, coerce and threaten China, it will only be counterproductive and deal a blow to the dialogue and cooperation between China and the U.S. in the field of drug control.We stand ready to work with the U.S. to promote the steady, sound and sustainable development of China-U.S. relations based on the principles of mutual respect, peaceful coexistence and win-win cooperation. Meanwhile, China will continue to take measures to firmly safeguard its sovereignty, security and development interests. We hope that the U.S. side will earnestly implement the important common understandings reached by the two heads of state in their phone call and work with China in the same direction."
 Lin Jian,02/28/25,Reuters," Another question about what U.S. Secretary of State Marco Rubio said as well. This is in regards to Thailand returning 40 Uyghurs to China. Our question is, in his comment, he said China’s treatment of the ethnic group amounts to “genocide and crimes against humanity.” How does China respond to that? Australia also said it strongly disagrees with that repatriation and has raised concerns with China on this. Does China have specifically any response to Australia?","Lin Jian: I shared China’s serious position just now. With regard to the remarks of relevant U.S. politician, let me point out that the allegations, including the so-called genocide, is a sheer lie of the century. Xinjiang enjoys economic growth, social stability and harmony among all ethnic groups, and people there live a better life. The facts are clear for all to see and no one can ignore that. Certain countries and individual politicians have fabricated and spread lies to destabilize Xinjiang. China firmly opposes interfering in China’s internal affairs under the pretext of human rights, and disrupting normal law enforcement cooperation between countries in the name of Xinjiang-related issues. Relevant politicians need to stop concocting and peddling these false accusations against Xinjiang."
 Lin Jian,02/27/25,CCTV," Some foreign media recently said that, in a world with worsening turbulence and a manifold increase of factors of uncertainty and instability in the global economy, the world needs a country acting as a stabilizer and leader in the world economy, but it seems that China shows little willingness to play such a role. What’s your comment?","Lin Jian: China has been a stabilizer of the world economy. As the second largest economy in the world, China contributes to around 30 percent of global growth annually on average. We are the major trading partner of over 150 countries and regions, and remain the largest trader in goods and the second largest importer for years running. China is an indispensable part of the stable and unimpeded supply and industrial chains in the world.China advocates a universally beneficial and inclusive economic globalization. We uphold that all countries need to jointly make the pie of economic growth bigger and distribute it better, and engage in and benefit from global economic growth on an equal footing. The “we first” approach and the domination by one country is not what the world economy needs. In recent years, China has accelerated the development of new quality productive forces, and injected driving forces to the transformation and upgrade of the world economy through its high-quality development. China has been committed to expanding high-standard opening up, and sharing with businesses from all around the world the benefit of its supersized market with a better business environment and a shorter negative list. China has deepened cooperation in global connectivity. Local people in relevant regions get better off thanks to fast and convenient logistics networks, including China-Europe freight trains and the new western land-sea corridor train service. China has led the global green and low-carbon transition. We have provided solutions with cost-effective and climate-friendly technologies to the Global South countries for their low-carbon development. In recent years, China has rolled out in Africa over 100 programs in clean energy and green development, such as the solar power farm in Kenya and the De Aar wind power project in South Africa. “It’s the Chinese friends who have brought light and hope to our land,” said the locals movingly.China will continue to put development front and center on the agenda of international community, embrace the vision of a community with a shared future for mankind, firmly act as an “enabler,” and provide more stability and certainty for the world economy."
 Lin Jian,02/27/25,AFP," A human rights group has urged the Thai government to immediately halt plans to deport over 40 Uyghur men who have been detained in Thailand for years, saying they will face human rights violations in China. Is China in contact with the Thai government on this plan and have the men in question returned to China? What is the Foreign Ministry’s comment?","Lin Jian: On February 27, 40 Chinese nationals who illegally entered Thailand have been repatriated to China. The repatriation is carried out in accordance with the laws of China and Thailand as well as international law and common practices. It is a step taken by the two sides to jointly combat human smuggling and other cross-border crimes. The lawful rights and interests of individuals concerned are fully protected.Illegal migration and smuggling are internationally recognized crimes, which seriously disrupt the normal cross-border order. The Chinese government firmly opposes all forms of human smuggling. We will continue to fight crimes that involve obstructing national frontier and border administration in accordance with law, and hold those planning and organizing such activities accountable for legal responsibilities. Meanwhile, China will actively participate in global security governance and strengthen international law enforcement cooperation with relevant countries, in an effort to jointly address the challenge of cross-border crimes, guarantee the safe and orderly flow of Chinese and foreign nationals, and protect the lawful rights and interests of inbound and outbound travelers.As for the remarks made by certain institution that you just mentioned, I would like to point out that China upholds the rule of law and has well-developed laws and regulations and working mechanisms in human rights protection in the judicial area. Its achievements are there for all to see. All Chinese, including the Uyghurs in Xinjiang, fully enjoy economic, social, and cultural, civil and political rights. Some political forces and institutions fabricate and spread Xinjiang-related lies for no other reason than destabilizing Xinjiang. We stand firmly against the attempts to use human rights as a pretext to interfere with China’s internal affairs and to use Xinjiang-related issues to disturb normal law enforcement cooperation between countries. Certain parties must stop concocting and spreading Xinjiang-related lies and absurd accusations."
 Lin Jian,02/27/25,TVT Brazil," Yesterday, the first sherpa meeting took place under the presidency of Brazil. They discussed the six main topics decided by the presidency of Brazil. One of them is the governance of artificial intelligence. President Lula said that Brazil is going to propose leaders’ declaration this year on the governance of artificial intelligence for development. He said that the BRICS nations should bring the states back to the center of these debates. So I would like to ask you, what is, for the Chinese side, the main concerns regarding the needs of the governance of artificial intelligence? And the second question will be, if these discussions within the United Nations don’t evolve as fast as they should, what should be the steps that the BRICS nations should take?","Lin Jian: China is committed to developing AI that is for good and for the people, secure and under control, green and low-carbon, as well as universally beneficial and inclusive. AI is the common wealth of mankind. It should not and cannot be reduced to a tool for perpetuating hegemony and seeking supremacy. In the development and governance of AI, countries need to support each other, work together, make sure that all countries enjoy equal rights, equal opportunities and equal rules, jointly foster an open, inclusive, universally beneficial and non-discriminatory environment for the development of AI, and bring the benefit of AI to all countries. We support BRICS countries in playing a greater role in global AI governance. China stands ready to work with all parties to contribute to bridging the AI gap and promoting global sustainable development.Bloomberg: In an interview, U.S. Secretary of State Marco Rubio expressed concerns over the relationship between China and Russia, saying that Russia is too reliant on China and that the two countries, that’s Russia and China, both of which are nuclear powers, could join hands against the U.S. My question is, does the Foreign Ministry have any remarks on Secretary of State Rubio’s comments?Lin Jian: China and Russia are two major countries. Our bilateral relationship has a strong internal driving force. It will not be affected by any third party. Both China and Russia have long-term development strategies and foreign policies. No matter how the international landscape changes, our relationship shall move forward at its own pace. The U.S. attempt of sowing discord between China and Russia is doomed to fail."
 Lin Jian,02/27/25,AFP, Taiwan’s defense ministry today said it detected 45 Chinese aircraft and 14 warships near the island today. Would the Foreign Ministry like to comment on this?,"Lin Jian: There is no so-called “defense ministry” in Taiwan. And this is not a question related to foreign affairs.AFP: Just on yesterday’s meeting between New Zealand’s Foreign Minister Winston Peters and China’s Foreign Minister Wang Yi. Mr. Peters raised concerns over the lack of adequate warning on live-fire drills conducted. Does the Foreign Ministry have any additional comment on that meeting or on how China plans to handle future live drills?Lin Jian: As for the visit of New Zealand’s Deputy Prime Minister and Foreign Minister Winston Peters, you may refer to the readout we’ve released. We shared information and made clear our position on the relevant issue more than once. We stand ready to strengthen dialogue and communication with New Zealand, enhance mutual understanding and work for the sound and steady growth of bilateral relations."
 Lin Jian,02/27/25,TVT Brazil," In the No.1 central document released recently, there was a new term the government used, which is “the new quality rural productive forces.” If you could comment on the importance of this new term for the Chinese economy?",Lin Jian: Thank you for your interest in China’s development. I’d like to refer you to the competent authorities for further information on this question. I also suggest that you keep following the upcoming two sessions for anything you want to know.
 Lin Jian,02/26/25,CCTV, We noted that a panel discussion themed on “commemorating the thirtieth anniversary of the Beijing Declaration and Platform for Action adopted at the Fourth World Conference on Women” was held at the 58th session of the UN Human Rights Council. China’s female astronaut Liu Yang delivered remarks via video link at the panel discussion. Can you share more details?,"Lin Jian: This year marks the 30th anniversary of the World Conference on Women in Beijing. On February 24, according to the resolution jointly proposed by China and relevant countries, a panel discussion themed on “commemorating the thirtieth anniversary of the Beijing Declaration and Platform for Action adopted at the Fourth World Conference on Women” was held at the 58th session of the UN Human Rights Council in Geneva. Several female heads of U.N. agencies delivered remarks as panelists. Liu Yang, China’s first female astronaut in space, delivered a keynote speech via video link as a representative of outstanding women in the world, sharing China’s visions and achievements in the high-quality development in women’s cause in the new era. In her speech, Liu Yang noted that she is a beneficiary and practitioner of the spirit of Beijing Declaration, and as well as a witness of women empowerment through technology. When the engine of the Shenzhou spacecraft was ignited, she felt not only the shock of 600 tonnes of thrust, but also the power of hundreds of millions of Chinese women backing it up. The idea that “standards know no gender in the selection and training of Chinese astronauts” reflects the core logic of women’s cause in China, that is to institutionalize a fair and equitable competition environment for both men and women. This is also a concrete realization of the spirit of the Beijing Declaration.The adoption of Beijing Declaration and Platform for Action marks a milestone in the development of women’s cause globally and has had a positive and profound influence on the protection and advancement of women’s rights. As we mark the 30th anniversary of the adoption of the Beijing Declaration and Platform for Action, China will work with the international community to inject strong new impetus to the development of women’s cause globally at this new historical starting point."
 Lin Jian,02/26/25,Bloomberg," Ukraine has agreed with the U.S. on a deal to jointly develop its natural resources. This is according to reports citing people familiar with the matter. This move is considered as a possible easing of tension or could give way to easing of tension between U.S. President Donald Trump and Ukraine and help him to advance his administration’s goal of a ceasefire with Russia. So my question would be, how does China view this deal?",Lin Jian: China noted relevant reports.
 Lin Jian,02/26/25,Reuters," The U.S. on Tuesday announced an investigation which could lead to new tariffs on copper imports. As part of the decision, a White House official said China was using state subsidies and excess capacity to undermine competition and gain control of global copper production. Would the Foreign Ministry like to comment on this remark?",Lin Jian: I’d like to refer you to the competent authorities for the specific question you asked. Let me stress that trade and tariff wars have no winners and undermine the interests of people from all countries. We firmly oppose the U.S. unilateral tariff hikes. The two sides need to address each other’s concerns through dialogue and consultation on the basis of equality and mutual respect. China will continue to do what is necessary to firmly safeguard our legitimate rights and interests.
 Lin Jian,02/26/25,Reuters, The Taiwan authorities say that China’s mainland has set up a drill zone for “shooting training” without prior notice around 40 nautical miles off the island’s southwest coast. Would the Foreign Ministry like to comment?,Lin Jian: This is not a question related to foreign affairs.
 Lin Jian,02/26/25,Reuters, Cook Islands Prime Minister Mark Brown survived a vote of no confidence in parliament today brought by the opposition over deals he struck with China that strained relations with New Zealand. Does the Foreign Ministry have any comment?,"Lin Jian: We stated our position on relevant issue the other day. Let me stress once again that China stands ready to, on the basis of mutual respect and equality, grow friendly and cooperative ties with the Cook Islands and other Pacific island countries and pursue common development."
 Lin Jian,02/26/25,Beijing Youth Daily," It’s reported that the Trump administration has released US$5.3 billion in previously frozen foreign aid, including US$870 million designated for military assistance to Taiwan. What’s China’s comment?","Lin Jian: We are deeply concerned over relevant reports. China has all along opposed U.S. military assistance to China’s Taiwan region, which has severely violated the one-China principle and the three China-U.S. joint communiqués, undermined China’s sovereignty and security interests, and sent a gravely wrong signal to “Taiwan independence” separatist forces. We urge the U.S. to stop arming Taiwan and undermining peace and stability in the Taiwan Strait. China will closely follow the situation and firmly defend national sovereignty, security and territorial integrity."
 Lin Jian,02/26/25,AFP, Taiwan’s coast guard said it detained a cargo ship crewed by eight Chinese nationals yesterday after a subsea telecom cable was severed off the island. Can the Foreign Ministry confirm this and give any more details?,Lin Jian: I answered this question yesterday. This is neither a question related to foreign affairs.
 Lin Jian,02/25/25,CCTV," We noted that yesterday, Member of the Political Bureau of the CPC Central Committee and Foreign Minister Wang Yi attended the High-Level Segment of the 58th Session of the United Nations Human Rights Council and delivered remarks via video link. Could you share more details?","Lin Jian: The 58th Session of the United Nations Human Rights Council is being held. On February 24, Member of the Political Bureau of the CPC Central Committee and Foreign Minister Wang Yi delivered a video message for the High-Level Segment of the UN Human Rights Council. Foreign Minister Wang Yi shared China’s three propositions in keeping to the right approach to human rights and pushing for the reform and improvement of global human rights governance.First, we should stay committed to our original aspiration and founding mission, and clarify the true essence of the human rights cause. We need to uphold a people-centered approach, make people’s interests the fundamental starting point and ultimate goal. We must say no to any words and deeds that use human rights as an excuse to interfere in the internal affairs of other countries in disregard of national sovereignty and security and the safety of people’s lives.Second, we should uphold fairness and justice and clarify the goal of the human rights cause. The rights to subsistence and development should be taken as the fundamental human rights of primary importance. We need to take a balanced approach to individual and collective rights, ensure that all types of rights complement and reinforce each other, and must say no to any words and deeds that apply double or even multiple standards on human rights issues.Third, we should stay committed to engagement and mutual learning and clarify the path to promoting human rights. We need to conduct constructive dialogue and cooperation on the basis of equality and mutual respect, to effectively increase the representation and voice of Global South countries, and must say no to any words and deeds that impose one’s own model or will upon others, that politicize, instrumentalize or weaponize human rights.Foreign Minister Wang Yi stressed that China, caring deeply for the future of humanity and the wellbeing of all countries, will be a practitioner of international cooperation, a promoter of mutual learning among civilizations, and a builder of a community with a shared future for mankind. We will be more proactive in international human rights cooperation, and together with all sides, work to usher in a better future for the global cause of human rights.When global human rights governance faces severe challenges, it’s widely hoped by countries that their path to human rights protection will be respected, the cause of human rights protection will make greater progress, and people will enjoy more, better and fuller human rights. The last thing they want is to turn Human Rights Council into a place of pressuring and confrontation. China stands ready to work with all parties to focus on the real problems and challenges of the international human rights cause, foster great synergy, strengthen solidarity and coordination and promote the building of a more just, equitable and inclusive global human rights governance system."
 Lin Jian,02/25/25,Hubei Media Group," On February 24, Canada announced sanctions targeting 76 individuals and entities providing duel-use articles for Russia, including 20-plus Chinese entities. Do you have any comment?","Lin Jian: China firmly opposes unilateral sanctions that have no basis in international law or authorization of the UN Security Council. Canada’s sanctions against Chinese entities are unjustified and preposterous. China firmly opposes it and has lodged serious protests with Canada.Let me stress that China has always upheld a just and objective position on the Ukraine crisis and worked for its political settlement. China has never provided lethal weapons to any party of the conflict. It exercises strict export control over dual-use articles and China’s scope and measures of export control over drones are the most stringent worldwide. Like any other countries, China carries out normal economic and trade cooperation with Russia on the basis of equality and mutual benefit. This is justified and beyond reproach. We urge the Canadian side to immediately rescind its wrongful decision. We will take necessary measures to safeguard Chinese companies’ lawful rights and interests."
 Lin Jian,02/25/25,RIA Novosti, The EU has imposed sanctions against a Chinese aerospace technology company for allegedly supporting Russia for providing topographic data and satellite services. What’s China’s comment on this?,"Lin Jian: I just shared China’s attitude toward Canada’s move and also China’s position on the Ukraine crisis. China explicitly opposes illegal unilateral sanctions. This position is consistent. The normal exchanges and cooperation between Chinese and Russian businesses should not be disrupted or affected. We have lodged serious protests to the EU, and we urge the EU to stop smearing China or shirking the responsibility to China while finding no factual grounds, and stop undermining the lawful interests of Chinese companies. "
 Lin Jian,02/25/25,Bloomberg, Donald Trump’s administration is sketching a tougher version of curbs on semiconductors and is pressuring key allies to escalate their restrictions on China’s chip industry. Now all of this is based on reporting according to people familiar with the matter. But it suggests that the new U.S. president plans to expand the efforts that were already underway under Joe Biden to limit China’s tech prowess. Does the Foreign Ministry have any comment on the latest reports that Donald Trump is sketching even tougher curbs?,"Lin Jian: China has made clear its solemn position more than once on the U.S. malicious blocking and suppression of China’s semiconductor industry. The U.S. has politicized trade and tech issues, overstretched the concept of security and used these issues as tools, stepping up chip export controls against China, and coercing other countries into going after China’s semiconductor industry. Such moves hinder the development of the global semiconductor industry, and will backfire and hurt the U.S. itself as well as others in the end."
 Lin Jian,02/25/25,AFP, Vladimir Putin said yesterday that he was ready to discuss Donald Trump’s proposal for Russia and the U.S. to cut their defense spending by 50 percent. He also said that China could join that as well. Does China support this proposal and could you tell us if the Chinese and Russian presidents discussed the idea during their phone call last night?,"Lin Jian: As for the phone call between President Xi Jinping and President Vladimir Putin, China released a readout which you may refer to. You mentioned defense spending. Recent years have witnessed a steady increase in global defense spending. According to statistics, the global defense spending of 2024 is about US$2.43 trillion, an all-time high. Behind the steady rise in global military expenditure is increasingly tense international and regional security situation and growing security deficit. All parties face the common challenge of global security governance. The international community, especially major countries, must take the lead in serving as a propeller for global solidarity and an anchor for world peace.China is unswervingly committed to peaceful development. Its finite defense spending is just for the need of safeguarding national sovereignty, security and development interests, and the need of maintaining world peace. China upholds a self-defense strategy, pursues coordinated development between its economy and national defense, and never engages in any arms race with any country. It has worked for world peace through concrete actions and injected stability and certainty to the world."
 Lin Jian,02/25/25,Reuters, Taiwan’s coast guard has said that it has detained a Chinese ship registered in Togo after underseas telecom cable was severed. Could you confirm that? And did the Foreign Ministry have any comment?,"Lin Jian: I’m not familiar with what you mentioned, and this is not a question related to foreign affairs."
