text,labels
Japan named COVID-19 mRNA vaccine the 'deadliest drug in history',1
A Centers for Disease Control and Prevention study finds children who received the Pfizer covid vaccine are more likely to get covid infection than unvaccinated.,1
A Dutch government official admitted the COVID-19 pandemic was a “military operation.”,1
"The CEO of BioNTech, which developed a COVID-19 vaccine with Pfizer, did not get vaccinated.",1
"“Ivermectin is a treatment after Covid and after vaccination, it is an effective medicine in all phases of Covid 19.”",1
Republic TV’s video warning that a fourth wave of COVID-19 will hit India in January 2025.,1
Kelly Powers died from 'turbo cancer' caused by the Covid-19 vaccine,1
South African trauma surgeon Dr Vicky Jennings die after suffering a sudden heart attack due to COVID19 vaccine,1
It would take decades to produce enough COVID-19 to vaccinate the world population,1
"Brain clots are 112,000% more likely after COVID-19 vaccine than a flu jab.",1
Fox News commentator Dr. Kelly Powers died from “turbo cancer” caused by COVID-19 vaccines.,1
Studies show COVID-19 vaccinated 500% more likely to die of heart attack,1
Post implies Dr. Oz said he was OK with 2-3% of children dying during COVID-19 pandemic,1
Dr. Anthony Fauci has just now admitted COVID vaccines can cause myocarditis,1
COVID-19 vaccines were manufactured by military contractors rather than by Pfizer and Moderna.,1
"39,000 have reported nerve system damage after COVID-19 vaccination",1
A study found mRNA COVID-19 vaccines increase the risk of cancer in children.,1
"During the COVID-19 pandemic, Dr. Mehmet Oz, the television presenter and heart surgeon, said the deaths of 2%-3% more children would be worth it to reopen schools.",1
"A study censored by The Lancet is being circulated again: They conducted 325 autopsies, and 74% of sudden and unexpected deaths were linked to COVID “vaccines”!!",1
Cleveland Clinic Warns Wave of Mass Deaths Will Wipe Out Covid-Vaxxed Within '5 Years',1
"Brain blood clots are 112,000% more likely to occur after COVID-19 vaccine than after the flu vaccine",1
Japan Officially Named Covid mRNA vaccines “Most Deadly Drug in History of Humankind”,1
"George Soros and Bill Gates owned Mologic Ltd, a company producing rapid COVID-19 tests, prior to the pandemic.",1
Japan has officially named COVID-19 vaccine as most deadly drug,1
Japan declared COVID-19 vaccine is ‘the most deadly drug in history’,1
“COVID-19 mRNA boosters directly contributed to the deaths of millions of nursing home residents worldwide”,1
"Manila Doctors Hospital internist-cardiologist Dr. Anthony Leachon, a former adviser of the National Task Force against COVID-19, endorses Sleepal Gold Colostrum, a product that claims to cure insomnia.",1
The WHO admitted mpox is a side effect of COVID-19 vaccines,1
“[The] number of children in care at the end of October 2023 was 17% higher than the last official figure prior to COVID.”,1
The updated COVID-19 vaccines do “not protect against the currently dominant strain.”,1
SCOTUS ruled COVID-19 vaccines cause 'irreparable' damage,1
The virus that causes COVID-19 has never been isolated and therefore does not exist.,1
"States used ""COVID to cheat"" in the 2020 election.",1
Japan has declared a state of emergency after 'nanobots' were discovered in COVID-19 vaccines.,1
Port Hedland has experienced a 700 per cent increase in deaths since the rollout of COVID-19 vaccines.,1
"COVID-19 vaccines are unsafe, they cause deaths by cardiac arrest and blood clots",1
"As governor of Minnesota, Tim Walz ordered police to shoot residents with paintball guns for not obeying curfew orders during the COVID-19 pandemic.",1
Jay-Z and Kanye West predicted Covid-19 in 2011,1
2020 video of Salman Khan released during COVID-19 lockdown falsely shared with claim that he threatened Lawrence Bishnoi,1
"UKHSA graphs on X depicting hospital admissions for Covid-19, flu and RSV contain data from 2023-24.",1
COVID-19 vaccine myocarditis is common and linked to sudden death,1
Moderna admitted COVID-19 vaccines cause cancer,1
"Covid-19 jab causes more cancer in young people, particularly breast cancer",1
Wearing a COVID-19 mask will protect you from chlorine in the air.,1
"The COVID-19 vaccine weakens the p53 gene, also known as the tumor suppressor gene, increasing the risk of cancer.",1
Tim Walz enforced COVID-19 curfew with police armed with paintball guns,1
"Vice President Kamala Harris and her campaign claimed multiple times that former President Donald Trump lost 200,000 manufacturing jobs before the COVID-19 pandemic started.",1
Biden clip about COVID-19 vaccination from Hurricane Helene,1
"""We’re going to get the auto workers’ jobs back like it was 30 years ago and 40 years ago. ... We were all set to do it, and then we had the COVID disaster come in.""",1
The federal government is bringing back its free COVID-19 test program.,1
Mpox is a cover-up for side-effects of the COVID-19 vaccines.,1
"On April 10, 2020, Kamala Harris posted to X thanking the rapper Diddy for hosting a town hall about the COVID-19 pandemic.",1
More deaths from COVID-19 occurred during Biden's administration than Trump's,1
It’s safe to get the COVID vaccine and flu shot at the same time.,1
CNN has reported that Kamala Harris has told Democrats they need to have the ‘updated covid shot’ in order to vote in the November presidential election.,1
"“THE ASTRA ZENECA COVID JAB CONTAINED MPOX.""",1
COVID-19 deaths in US topped 1 million under Trump,1
The World Economic Forum admitted that the COVID-19 pandemic was a ‘test of public obedience’ to a new world order.,1
Has Arizona experienced a summer spike in COVID-19 cases?,1
Davao City did not have a budget to fund projects for COVID-19 response in 2020.,1
"Covid conspiracists say leaders have admitted virus was ""test""",1
"A 2024 article on mRNA COVID-19 vaccines is a valid, well-done scientific study.",1
Chain message claims COVID-19 apps can track phone contacts,1
Alex Jones fined $150 billion for warning about COVID-19 'crimes’,1
Video shows Kathy Hochul with eye swollen shut after COVID-19 vaccine,1
Alex Jones was fined 150 billion dollars for warning about crimes related to COVID-19,1
A study concludes excess deaths in Australia were caused by COVID-19 vaccines.,1
CDC ended its program offering free COVID vaccines to uninsured people,1
"This incident of school children behaving abnormally happened in a school in Andhra Pradesh, which was once used to store COVID-19 bodies.",1
AstraZeneca's Covid-19 vaccine contains mpox,1
Monkeypox is really Covid-19-vaccine-induced shingles.,1
"COVID-19 was not deadly, otherwise homeless people would not have survived the pandemic",1
"A CNN headline from Aug. 27, 2024, stated: ""BREAKING: Kamala to require all Democrats to take the updated COVID shot in order to vote in November.""",1
Mpox is a side effect of Covid-19 vaccine,1
“MONKEYPOX is a scam. Don't comply. Refuse. • Pfizer wants to clear its COVID-19 vaccine stocks after people shunned them. • Afrika's corrupt political establishment wants to divert the boiling GenZ rebellion. Mpox is another scam by WHO crook.’’,1
"COVID-19 vaccines contain methylmercury, which is causing “Kawasaki-like” diseases.",1
There would have been fewer deaths without Covid-19 vaccines.,1
An article in the journal Circulation claimed that a group of patients’ risk of a heart attack rose from 11% to 25% eight weeks after they received the Covid-19 vaccine.,1
"This video shows Donald Trump warning of election fraud in the US, alleging a resurgence of lockdowns and mandates in the country to battle the spread of monkeypox.",1
Dutch scientists say COVID-19 vaccines caused 35 million deaths.,1
The rising number of breast cancer cases in women under 45 years of age is linked to Covid-19 vaccines.,1
A study found face masks did not help prevent the spread of COVID-19 and even increased the chances of getting infected.,1
“Myocarditis and pericarditis only occur after vaccination and not after COVID-19 infection.”,1
Daily Mail article shows cancer spike tied to COVID-19 vaccine,1
"Review article ""has found that COVID-19 mRNA vaccines could aid cancer development”",1
New guidance says one day of isolation is sufficient for people with COVID-19. Misleading.,1
Rothschild filed a patent for COVID-19 testing in 2015.,1
"CONFIRMED: Covid vaccines are linked to an increase in heart, brain, and blood disorders.",1
"“Hundreds of millions of people were used as lab rats and now the truth that WE ALL ALREADY KNEW can no longer be denied,” suggesting a new study proves that ""experimental"" COVID-19 vaccines are unsafe.",1
The Australian government is not being upfront about a range of COVID information.,1
People can protect themselves from COVID by eating highly alkaline foods.,1
"“Chinese lab crafts mutant COVID-19 strain with 100% kill rate in ‘humanized’ mice""",1
Chinese scientists created 100% lethal mutant COVID-19 strain,1
"""In the past five years, the human rights cause in China has made remarkable progress, particularly in the areas of poverty alleviation and the successful fight against the COVID-19 pandemic.""",1
German scientists uncover evidence that Pfizer-BioNTech COVID-19 vaccine batches in the European Union included placebos,1
A biologist has revealed the Pfizer COVID-19 vaccine contains 200 billion pieces of dangerous DNA.,1
Covid vaccine side effects can cause children's immunity to be lowered,1
Ladapo: No one should get an mRNA COVID-19 vaccine due to risk of DNA contamination.,1
Health department data reveals five children under the age of four have died from COVID-19 vaccines in Australia.,1
A former italian health minister is being investigated for hiding COVID vaccine data,1
"FDA's ""own guidelines dictate"" testing for integration into the human genome of residual DNA from mRNA vaccines.",1
You can order more free at-home COVID-19 tests from the federal government.,1
COVID-19 vaccines have killed more people than COVID-19 itself.,1
"The average age of Covid-19 deaths is higher than the average life expectancy, which means that people who get Covid live longer.",1
"The Covid-19 vaccines are poisons, which commonly produce serious health problems.",1
Matthew Perry died because of a COVID-19 vaccine.,1
A Covid vaccine was developed that used HIV as part of the delivery platform and may have caused HIV infections.,1
"Dr. Peter McCullough, an American cardiologist who has repeatedly made anti-COVID-19 vaccine statements, discredited the World Health Organization (WHO) and the global health community's approach to COVID-19 treatment during a meeting in Strasbourg, Franc",1
"Emails released in September 2023 through a Freedom of Information Act (FOIA) request show that the Biden Administration ""hid deadly COVID vaccine risks from the public.""",1
"A new study by Australian researchers shows that Pfizer’s COVID-19 vaccine caused vaccine acquired immunodeficiency syndrome, or “VAIDS.”",1
COVID-19 only spikes during election seasons.,1
Data from the Centers for Disease Control and Prevention shows that 99% of deaths attributed to COVID-19 were actually caused by something else.,1
The U.S. Centers for Disease Control and Prevention said that a new COVID-19 variant is more contagious among vaccinated people than those who are unvaccinated.,1
CDC has issued a health advisory about XBB COVID subvariant.,1
"Transportation Security Administration managers were told on Aug. 15 that by mid-September they, along with airport employees, will again be required to wear face masks and by mid-October the policy will apply to travelers as well. Further, the managers were told that COVID-19 lockdowns will return by December.",1
£86 billion was added to the NHS budget in 2020/21 to “fight” Covid but the NHS only got £18 billion of it.,1
Covid-19 vaccines are linked to meat allergies,1
"Dr. Tedros Adhanom Ghebreyesus, the director-general of the World Health Organization, ""says he isn't vaccinated.""",1
"""[A] 2021 study of the COVID-19 virus shows that COVID-19 appears to disproportionately affect certain races since the furin cleave docking site is most compatible with Blacks and Caucasians and least compatible with ethnic Chinese, Finns, and Ashkenazi Jews.""",1
There is a connection between leprosy cases in Florida cited in a new report and the COVID-19 vaccines.,1
People who received COVID-19 vaccines can “detoxify” their bodies from the spike protein.,1
Sources within the federal government say “new lockdowns are coming.”,1
A patent held by Moderna proves its COVID mRNA vaccine contains “programmable” nanotechnology that can interact with 5G communications technology.,1
The Covid-19 virus is fake.,1
"“They had to destroy ivermectin and hydroxychloroquine and discredit it, and they had to tell everybody it’s not effective because if they had acknowledged that it’s effective … the whole $200 billion vaccine enterprise would have collapsed.""",1
The United Kingdom’s national healthcare system has stopped coronavirus vaccinations in Europe.,1
Vaccines developed for COVID-19 contain a cancer-causing virus DNA found in monkeys.,1
"""[A] higher number of COVID-19 vaccine doses received increases the risk of infection with COVID-19,"" according to a Cleveland Clinic study.",1
"COVID-19 ""is an act of biological and chemical warfare perpetrated on the human race.""",1
Israeli Ministry of Health data shows that “zero healthy people” under the age of 50 have died of COVID-19 in the country.,1
A video presentation proves that the spike protein in COVID-19 mRNA vaccines replaces the sperm in men.,1
"Almost 100,000 extra people have died of heart attacks and strokes in England because NHS care standards have collapsed since the pandemic.",1
The World Health Organization admitted that COVID-19 vaccines can lead to multiple sclerosis.,1
CDC recalled the Johnson & Johnson COVID-19 vaccine.,1
A new study found that ventilators were responsible for nearly all COVID-19 patient deaths.,1
Ivermectin is effective at treating COVID-19.,1
The highest weekly Covid deaths in the UK was 652.,1
A pre-print study found that the COVID-19 vaccines cause long-term brain damage.,1
The World Health Organisation has declared the Covid-19 pandemic over.,1
"“COVID Vaccines Were Never Safe for Pregnant Women, Pfizer’s own data show”",1
The NHS Test and Trace app cost £37 billion.,1
There is “$500 billion of unspent COVID money” that can be rescinded.,1
"#5G tower being burned down in India. I guess they are tired of being spied on, attacked with directed energy, and getting or constantly having flu like symptoms labeled as COVID/long COVID. #15mincities #smartcities #surveillancestate #socialcreditsystem #totalitarian #greatreset #Agenda2030 #Agenda21",1
A federal website shows the U.S. Department of Defense awarded a COVID-19 research contract before the coronavirus had been publicly known.,1
"""One of the greatest mysteries of COVID-19: Where did the flu go in 2020 and 2021?""",1
Switzerland ordered an immediate halt to Covid-19 vaccinations and withdrew all vaccination recommendations.,1
"""[S]tudies confirm that covid damages the immune system, making everyone who got infected immunocompromised.""",1
"Report proves that COVID-19 vaccines caused 300,000 excess deaths in 2022.",1
The UK government knew Covid-19 was a simple flu.,1
A three-year-old British boy's death is linked to Covid-19 vaccination,1
Dr. Anthony Fauci pressured virologists to change their minds on the origin of COVID-19 in exchange for a $9 million grant.,1
Australia is seeing its sharpest rise in deaths in 80 years because of the coronavirus vaccine.,1
Mullein leaves and marshmallow roots treat COVID-19,1
COVID vax linked to fivefold increase in cancer biomarker,1
Bill Gates cuts short interview after being cornered by interviewer over Covid vaccines & his work with computers,1
"U.S. hospitals are earning a $48,000 government subsidy for every patient that dies from COVID-19 in their care.",1
Russian president Vladimir Putin has “ordered the destruction of all COVID-19 vaccine stockpiles.”,1
New Zealand is seeing its biggest increase in deaths in a century because of the coronavirus vaccine.,1
"Energy Department ""confirms Covid came from a Wuhan lab leak.""",1
The World Economic Forum (WEF) has vowed to ban eggs after a study found they cure COVID-19.,1
Record mouth cancer rates are due to ethylene oxide on Covid-19 test swabs.,1
The Pfizer/BioNTech COVID-19 vaccine causes COVID-19,1
"""CDC Dep. Dir. Tom Shimabukuro Admits COVID Vaccines Are Causing ‘Debilitating Illnesses’""",1
"“12 RESEARCH STUDIES PROVE MASKS DIDN’T WORK,"" referring to a Cochrane review on mask interventions.",1
"Dr. Anthony Fauci, in a recent science paper, admits that COVID-19 vaccines don’t work.",1
Moderna CEO Stéphane Bancel admitted that the company produced 100000 COVID19 vaccines in 2019 before the pandemic began,1
The US government has admitted 5G radiation causes COVID-19.,1
The COVID-19 vaccines contain HIV.,1
"A “Sudden Cardiac Arrest Awareness Form” is now being issued in Georgia high schools, suggesting a new phenomenon relating to the COVID-19 vaccines.",1
Malaysia mandating second Covid booster ahead of Chinese tourist influx,1
The United Kingdom is banning anyone under the age of 50 from getting COVID-19 vaccines.,1
Public health data from Australia shows people vaccinated against COVID-19 are more likely to end up in a hospital ICU with the virus than those who are unvaccinated.,1
The authorities lied about the Covid-19 death rates. Initially it was any death within 60 days of a positive test then 28 days.,1
Hardly anyone died solely of Covid-19.,1
"Two researchers found that more than 1,500 athletes have suffered cardiac arrest since COVID-19 vaccinations began, compared to a previous average of 29 athletes per year, suggesting the vaccines are causing a dramatic rise in such cardiac issues.",1
"Covid-19 cases were going up very rapidly in England when mask mandates were introduced in 2020, and the mandates brought them under control within weeks.",1
The Moderna COVID-19 vaccine has been withdrawn from Australia,1
A list and a chart showing more than a thousand 'athlete collapses and deaths' from around the world prove a connection between them and the COVID vaccine.,1
Sharing covid related message is a punishable offence.,1
Ivermectin and hydroxychloroquine were suppressed as COVID-19 treatments because the vaccines couldn’t receive emergency use authorization if such treatments were available.,1
An at-home rapid test that can detect both the coronavirus and influenza A and B is proof that COVID-19 and flu are the same disease.,1
"Covid-19 is a seasonal flu, there is no need for a lockdown, masks or social distancing.",1
"Govt warns citizens against posting anything on Covid on Whatsapp groups,",1
Camps were created for the unvaccinated during the COVID-19 pandemic.,1
"The Centers for Disease Control and Prevention quietly confirmed that at least 118,000 children and young adults have “died suddenly” in the U.S. since the COVID-19 vaccines rolled out.",1
Grant Wahl died because of the COVID-19 vaccine.,1
"Longtime sports journalist Grant Wahl, who died in Qatar last week, was killed by the COVID-19 vaccine.",1
Doctors and Pharmacists Solely Rely On Blank Page Recommendations To Administer COVID-19 mRNA Vaccines,1
Country singer Jake Flint died unexpectedly on Nov. 27 because of the COVID-19 vaccine.,1
A COVID-19 test patent application is dated 2020 but was actually filed in 2015.,1
A study proves that COVID-19 PCR tests are actually human cloning devices.,1
Covid-19 is a lie.,1
Covid vaccines are killing people.,1
The U.K. Medicines and Healthcare products Regulatory Agency (MHRA) admits in a series of email exchanges that COVID-19 is man-made and that COVID vaccines were created with computer-generated DNA.,1
"“Leaked Hospital Email Reveals Explosion of Stillbirths Following COVID Vaccine Rollout""",1
Bodybuilder Doug Brignole died from a COVID-19 vaccine.,1
Sudden Adult Death Syndrome deaths are covering up a genocide caused by the Covid-19 vaccines.,1
Scientists in Massachusetts have developed a more lethal strain of COVID-19 in a lab,1
"Pfizer admitted to the European Parliament that it had not tested the ability of its COVID-19 vaccine to prevent transmission of the virus before it entered the market, proving the company lied about this earlier in the pandemic.",1
Trudeau drops COVID Vaccine Mandate because 9 in every 10 Covid-19 Deaths have been among the Triple/Quadruple Vaccinated,1
More than 1.4 million adverse events caused by the COVID-19 vaccines have been reported to the federal database VAERS through Sept. 9.,1
"""Denmark is banning the COVID shot for anyone under the age of 50 because it is not safe.""",1
Covid-19 doesn’t really exist.,1
WHO Director-General Tedros Adhanom Ghebreyesus has not been vaccinated against COVID-19,1
Denmark has banned COVID-19 vaccines for children.,1
“New paper suggests Covid mRNA vaccination rates are linked to increases in overall deaths”,1
"""More people died of covid in 2021 than in 2020.”",1
A recent study in the New England Journal of Medicine found that unvaccinated COVID-19 patients remain contagious for less time than those who were vaccinated or had received booster shots.,1
Animal studies for COVID-19 vaccines were “stopped” because the animals were dying.,1
Post implies three Toronto doctors passed away in the same week because of the COVID-19 booster,1
"“Germany’s Ministry of Health found that 1 in 5,000 Germans have suffered ‘serious side effects after a COVID-19 vaccine.'""",1
The U.S. military found that COVID-19 vaccines for children contain the drug scopolamine.,1
Former President Donald Trump in a statement wished President Joe Biden a speedy recovery from COVID-19 and referred to his own fight against the virus as “Herculean.”,1
Shinzo Abe Killed Over Japanese COVID Policies,1
"New coronavirus variants are as contagious as the measles virus, according to a measure of infectiousness known as “R0.”",1
COVID vaccine lowers sperm count,1
A Pfizer document reveals that 82%-97% of pregnant women who received the company’s COVID-19 vaccine “lost their babies.”,1
The unvaccinated aren’t dying.,1
The chimpanzee adenovirus vector used in AstraZeneca’s COVID-19 vaccine is causing the monkeypox outbreak.,1
“they were not able to find a single healthy child in america that died from COVID-19 […] but one in every 2700 people are getting myocarditis”; “athletes are collapsing on playing fields as for myocarditis and it's from the vaccines”; Moderna patent filed in 2019 is linked to the pandemic,1
allegedly shows a U.K. government poster offering financial compensation for those who have experienced health issues after receiving the COVID-19 vaccine.,1
"To the end of 2021, there have been 6,189 Covid-19 deaths where only Covid-19 was entered on the death certificate.",1
"To the end of 2021, there have been 18,939 Covid-19 deaths with comorbidities in the UK.",1
The average age of death from Covid-19 is 82.5.,1
"To the end of 2021, there have been 156,924 deaths within 28 days of a positive Covid-19 test in the UK.",1
"COVID-19 is a synthetic version of “snake venom” that evil forces are spreading through remdesivir, the COVID-19 vaccines and drinking water to “make you a hybrid of Satan.”",1
"Covid-19 didn’t cause excess mortality, but there has been a huge uptick in the number of deaths in the middle aged and young since the start of the vaccine rollout.",1
99.972% of the UK population did not die of Covid-19.,1
"U.S. Government Secretly Paid Major Media Outlets to Promote COVID Vaccines, Suppress Negative Coverage",1
Evidence that ivermectin works to treat COVID-19 is “powerful” and “overwhelming.”,1
“COVID Deaths Have Been Vastly Overcounted”,1
Video of aircraft 'spraying Covid-19' in Indonesia,1
The Therapeutic Goods Administration overturned a ban on ivermectin as a treatment for COVID-19.,1
"If you’ve had two doses of the COVID-19 vaccine and you haven’t had a booster jab, then you have a 50/50 chance of ending up in hospital if you catch Omicron.",1
Covid-19 vaccines do not protect 5-year-olds or 12-year-olds against serious illness or death with the disease.,1
Sajid Javid said that Covid-19 deaths in the UK had been overestimated.,1
The government is using the Centers for Disease Control and Prevention to collect DNA through COVID-19 test samples,1
2012 London Olympics opening ceremony shows a giant figure of death holding a needle foreshadowing the COVID-19 pandemic.,1
At least 50% of people who survive Covid-19 have debilitating health issues in the months afterwards.,1
Qantas CEO Alan Joyce got a pie in the face over Covid-19 vaccine policy,1
Bill Gates has called for the withdrawal of all Covid-19 vaccines.,1
COVID-19 vaccines caused a 40% increase in deaths identified by a life insurance company.,1
American football player Donald Parham fell after his heart exploded because of the COVID-19 vaccine.,1
There was a large rise in the number of Covid deaths on 2 February 2022.,1
"As of January and February 2022, Pfizer owned Neil Young's song catalog or held sway over him and dictated his views on COVID-19 vaccination.",1
The UK has recorded five times more deaths “due to” the Covid-19 vaccines than all other vaccines over the past five years,1
"While the media talks a lot of the 150,000 deaths, perhaps they should have been talking about the number of people who died 'of Covid' not 'with Covid'. That was just 17,371 up to the end of quarter three 2021",1
Chlorine dioxide is a treatment for Covid-19,1
Meme Paints Accurate Picture Of Effectiveness Of COVID-19 Vaccines,1
Remdesivir is “continuing to kill patients in the United States” and recipients have “a less than 25% chance of survival if they get more than two doses.”,1
The Purpose Of COVID-19 Vaccines Is To 'Kill Off A Large Proportion Of The Population',1
COVID-19 PCR test instructions show a “list of the viruses that can cause a PCR test to give false positives.”,1
"Only 3,774 people under 65 have died of Covid in the UK.",1
Genuine graphic quoting Philippine vice president on COVID-19 home quarantine period,1
Italy has found a cure for COVID-19,1
Photo that shows COVID-19 test swabs labeled positive and negative proves that the tests are fixed.,1
This Spanish politician said that Cristiano Ronaldo and Lionel Messi should find the cure for coronavirus,1
Video of a suspected COVID-19 patient running away from doctors and police in Telangana,1
"the pandemic was planned; the COVID-19 vaccines are experimental; previously infected people have “permanent immunity”; VAERS shows vaccines killed thousands of people, vaccine-induced spike protein causes damage",1
Spectrum will provide free internet to students during coronavirus school closures.,1
Italian prime minister crying over COVID-19,1
"The Centers for Disease Control and Prevention advised parents to prepare for a “sudden sleepover” in the event of an emergency, which included COVID-19 outbreaks in schools.",1
An image shows a CNN report on an outbreak of cannibalism among COVID-19 vaccine recipients.,1
COVID-19 vaccines will cause more severe disease through antibody-dependent enhancement,1
Amitabh Bachchan visited Haji Ali dargah after recovering from Coronavirus,1
Gatherings of more than 30 people are illegal under the current Covid-19 guidelines.,1
Pfizer has added a new ingredient to its COVID-19 vaccine to reduce the risk of children having heart attacks as a side effect.,1
Drinking alcohol can protect you against COVID-19,1
Kuwaiti authorities prohibit entry into some public places for those who have not received vaccinations against COVID-19.,1
Pet Finder Can Tell If You've Been Vaccinated for COVID-19,1
Image of a critically ill COVID-19 infected woman hugging her child for the last time before her death,1
COVID-19 case numbers in NSW were higher than the threshold to lift the curfew in Victoria when Mr Morrison made his claim,1
Photo of bloody hospital ward after US coronavirus vaccination,1
Three decades old Class 12th textbook lists treatment for COVID-19.,1
The COVID-19 pandemic is “effectively over” and there’s no need for vaccines.,1
Australian supermarkets have banned Chinese people during the Coronavirus pandemic.,1
COVID-19 surge in India connected to rollout of vaccine,1
Eating morel mushrooms will make you susceptible to coronavirus,1
“Bill Gates Explains That The COVID Vaccine Will Use Experimental Technology And Permanently Alter Your DNA”,1
"The Philippines has fewer COVID-19 cases compared to less populated Italy because of Rodrigo Duterte's ""immediate response"" to the pandemic",1
The mRNA Covid-19 vaccines are experimental.,1
dietary supplements can serve to “neutralize” effects of widely-used Covid-19 shots,1
The WHO says children should not receive COVID-19 vaccines,1
"A child died in Barhaven, Ottawa after taking a Covid-19 vaccine",1
False claim circulates on Facebook in Myanmar that chewing betel quid can prevent Covid-19 infection,1
There are no reliable tests for a specific COVID-19 virus,1
Alberta failed to prove Covid-19 had been isolated in human tissue,1
Russia was the first country in the world to dissect Covid-19 corpses (going against WHO’s criminal orders of no autopsies.),1
"A professor in New South Wales Australia, has said under oath that the Covid-19 vaccines are not vaccines.",1
Herbal plant an antibiotic to treat novel coronavirus,1
"Says Anthony Fauci’s statement that the coronavirus death rate is 10 times that of the seasonal flu is “a claim without any scientific basis.""",1
Sri Lanka's health regulators approved herbal medication as Covid-19 cure,1
New COVID-19 are named after military codes and signal military operations.,1
President Emmerson Mnangagwa has decreed that rentals be suspended due to COVID-19,1
Video shows China lifts ban on Korans during COVID-19 pandemic,1
"“According to the CDC, so far this year, Florida has had 1,762 deaths from COVID-19 and 5,185 from pneumonia. Average pneumonia deaths in Florida from 2013-2018 for the same time period are 918.”",1
Video shows people leaving food packets on the road for the poor and needy who cannot earn due to the novel Coronavirus lockdown.,1
"The COVID-19 vaccines’ “spike protein is very dangerous, it's cytotoxic.”",1
"In Australia, ""they’re already taking children out of homes that there’s possible risk of COVID in — they’re putting them in detainment camps.""",1
"""Curb Your Enthusiasm"" began filming its eleventh season in November 2020, during the COVID-19 pandemic.",1
"""This peer-reviewed scientific study shows that COVID-19 vaccine causes two deaths for every three lives it saves.""",1
WebQoof Recap: Trolls Target Safoora; Experts on AC During COVID,1
The BBC interviewed a “crisis actor” who pretended to be hospitalized with COVID-19 during a news segment.,1
"A certain Vernon Coleman says, “COVID-19 vaccines are weapons of mass destruction and could end the human race.”",1
COVID-19 only affects the elderly and not the young,1
Dr. Ryan Cole has observed a worrying increase in cancerous test results in post-COVID-vaccination patients,1
Tonic water and zinc will kill COVID-19,1
South Africa approves ivermectin for Covid-19,1
COVID-19 vaccines caused 895 serious reactions among military veterans,1
Government to spray medicine in the air overnight to kill coronavirus.,1
Chicken infected with Coronavirus was found in Bangalore.,1
The Covid-19 vaccines put people who have received them in danger if 5G is ‘cranked up’.,1
99% of COVID-19 deaths were caused not by the coronavirus but by other diseases,1
"The Pfizer-BioNTech COVID-19 vaccine for children contains tromethamine, “a heart attack medication” with “a lot of potentially serious side effects”",1
Video shows COVID protocol flouted in Delhi's Jaffrabad area,1
"Patent filed for coronavirus, covid-19, in 2015",1
"Salty and sour food causes SARS-CoV-2, the virus behind COVID-19, to explode and dissolve.",1
No test can identify COVID-19 variants. Tests can only determine if a person is positive or negative for the disease.,1
10 people died in Germany after receiving the Pfizer COVID-19 vaccine.,1
Most people vaccinated against Covid-19 with mRNA shots will experience blood clots,1
Put a small pea-sized amount of antibiotic ointment like mupirocin inside your nostrils. The ointment will kill any infectious germs when you breathe and should kill the coronavirus before it gets to your lungs.,1
A video shows a group of young children in China wearing hazmat suits to protect them against COVID-19.,1
"“While all COVID-19 news has been going on, the U.S. Government has been sneakily trying to remove end-to-end encryption” which means “the government will be able to see all of your messages and listen to all of your calls.”",1
Bill Gates: “The Corona/Covid-19 Virus… is sent to remind us of the important lessons that we seem to have forgotten and it is up to us if we will learn them or not.”,1
Pfizer-BioNTech’s COVID-19 vaccine contains graphene oxide,1
The 'left' exposed President Trump to COVID-19 during the Sept. 29 presidential debate,1
Video shows police crackdown during COVID-19 lockdown in Spain,1
"COVID-19 vaccines are dangerous, there is complete documented evidence showing that they cause a lot of adverse effects and deaths that the media does not report",1
"As of July 17, 2020, Nueces County in Texas had seen 85 positive COVID-19 tests among children aged under 1 year.",1
An Ohio doctor died from a COVID-19 vaccine.,1
An official government poster from Ireland’s Health Products Regulatory Authority says sudden death is a side effect of the COVID-19 vaccines.,1
"“It is about some groundless accusations. In fact, this Russophobic obsession could be expected to fade under the current situation, but it doesn’t seem to be fading,""",1
Video shows North Korean TV announcing execution of Covid-19 patient,1
Pfizer added tromethamine to its formulation for the COVID-19 vaccine for kids ages 5 to 11. Tromethamine’s side effects are severe and pose risks to human health.,1
Amitabh Bachchan recorded a video message for doctors of Nanavati hospital after he was hospitalised post testing COVID positive,1
"Italy has concluded Covid-19 is not a virus, and people are actually dying of amplified global 5G electromagnetic radiation poisoning.",1
"People who receive COVID-19 vaccines are dangerous, they become a “real carrier of the virus”",1
"Germany halts all COVID-19 vaccines, says they are unsafe & no longer recommended.",1
"The Covid-19 vaccines have been authorised on an emergency licence, because they are still in clinical trials.",1
Accurate graphic over effectiveness of face masks in curbing the spread of COVID-19,1
Gavin Newsom had Bell's palsy or GBS after getting the COVID booster shot,1
Australian health authorities admit tests cannot distinguish COVID-19 from other diseases,1
CT Scan reports representing the lungs of a COVID-19 vaccinated person and others,1
World Bank lauds Philippine economy during Covid-19 pandemic,1
Neem leaves can cure COVID-19 and its symptoms,1
There are no TV commercials for COVID-19 vaccines in the U.S. because they would be required to list the vaccines' side effects.,1
"Zinc, tonic water, vitamin C and vitamin D are recommended to fight Covid-19",1
"After so many people died of Covid in India, Hindus lost faith in their religion and have started converting to Islam after destroying their idols.",1
"CDC warns that non-N95 masks will do nothing to protect you from wildfire smoke because “they do not catch small particles.” Smoke particles are larger than those of SARS-CoV-2, the virus that causes COVID-19, so masks do not work.",1
"cattle vaccine is related to COVID-19, the current panic overblown by media",1
Schools in US are closing again due to rising COVID-19 cases.,1
"Coronavirus issues were because ""we were given rules, regulations, and specifications from a different time.""",1
Top reasons not to fear Covid-19,1
“So 2 doctors from Bakersfield discover that coronavirus mortality rate is 0.03%. 13x less deadly than what was previously thought! Their analysis has since been banned from YouTube.”,1
On average there are less than 10 deaths a week from Covid-19.,1
CNBC claims COVID-19 survives in air for 8 hours; paper and plastic for 3-4 hours,1
Photo shows Mahakumbh Mela 2021 being held during the COVID-19 pandemic.,1
The COVID-19 vaccine isn't being advertised on TV because all of its side effects would be legally required to appear in the ad,1
Person in hospital bed with COVID-19 is Sophie Grégoire Trudeau,1
The Simpsons predicted the COVID-19 vaccine rollout in 2021.,1
U.S. President Donald Trump said “Nobody likes me” during a live White House COVID-19 press briefing.,1
"COVID-19 vaccines have a microchip that ""tracks the location of the patient.""",1
"Covid-19 vaccines contain ""nanotechnology"" that can change people's DNA",1
21 people were dying daily of Covid-19 in October in England.,1
There is an “increase in stillbirths” across Canada due to COVID-19 vaccines.,1
The central government is providing Rs 1.5 Lakh for every Municipality for each coronavirus infected patient.,1
Sky News criticized Indian foreign minister of violating COVID quarantine norms after two Indian delegated tested positive,1
"""The guy in charge of America’s response to COVID turns out to be the guy who funded the creation of COVID. We’re speaking of Tony Fauci.""",1
Video of Indonesian top officials dancing without masks during Covid-19 pandemic,1
"RSS has built India’s second-largest Covid care centre in Indore, Madhya Pradesh",1
"Compares 100,000 flu deaths to COVID-19 to say the flu is more deadly in ""most populations.""",1
"A Facebook post claims that ""a new vaccine for COVID-19"" will alter a person’s DNA and genetically modify humans.",1
Walking your pet dog may raise your risk of catching coronavirus by 78 per cent.,1
Photo shows college students are back in school after COVID-19 outbreak,1
“99.2% of U.S. COVID deaths in June were unvaccinated people”,1
FFP3 respirators provide 99% protection against Covid-19.,1
COVID-19 vaccination programs are in breach of the Nuremberg Code.,1
"Shark Allies, a shark conservation group, estimated that as many as 550,000 wild sharks could be killed for their squalene, a natural chemical found in their liver, to produce a COVID-19 vaccine.",1
"Richard Rose of Port Clinton, Ohio died of COVID-19 after earlier vowing not to buy a face mask and dismissing advice to use face masks as ""hype.""",1
Family committed suicide in Surat due to hunger during coronavirus lockdown,1
"Pine Needle Tea, Suramin Cures For Autism, 'Antidote' For Covid Vaccine Side Effects",1
"United Nations High Commissioner for Refugees (UNHCR) stated ""migrants and illegals"" in Malaysia were resisting testing for the novel Coronavirus, over fears of arrest.",1
"Nursing homes paid $25,000 to list COVID-19 as cause of death",1
"Drinking corona kashayam made of Turmeric, Clove, Lemon, and ginger boiled in 1 litre water can cure coronavirus within 24 hours",1
Wisconsin is “clearly seeing a decline in COVID infections”,1
COVID-19 spreads without symptoms.,1
A motorcyclist killed in a crash in Florida in 2020 was listed as a COVID-19 death.,1
Those who have had COVID-19 have natural immunity against the disease and do not need a vaccine. No one should be vaccinated without first testing for COVID-19 antibodies.,1
Coronavirus found in Ethiopia,1
"Dr Fauci says once manufactured, a Covid-19 vaccine should be rolled out before ""proper studies"" are done.",1
A video depicts an Indian health minister slapping people in the street not wearing a mask amind COVID-19.,1
A study linked to Stanford University showed masks are harmful and ineffective at preventing spread of COVID,1
Coffins of coronavirus victims in Italy,1
"President Joe Biden once said he was about to ""swoop down with Special Forces"" and ""gather up every gun in America,"" and now his administration is advertising giving out guns to people who get vaccinated for COVID-19.",1
A protester at Shaheen Bagh tested positive for Coronavirus but refused treatment,1
"A photograph shows a person holding a protest sign claiming that the number of characters in ""Barack Hussein Obama"" add up to the ""19"" in COVID-19.",1
This video shows Italian doctors who contracted COVID-19 whilst treating patients?,1
Saudi Arabians are celebrating on the streets after the COVID-19 lockdown was lifted.,1
Pictures and reports of “empty hospitals” prove COVID-19 spread is “fake crisis for real government planned agendas.”,1
Ticketmaster is planning a mandatory Covid-19 vaccine verification policy for concert attendance.,1
Covid Care Centre built by RSS in Indore,1
The delta variant of the coronavirus “is approximately 19 times less deadly.”,1
Johns Hopkins University study states that Uttar Pradesh is among the toppers in managing coronavirus pandemic across the globe,1
Video shows Karnataka government officials faking the Covid-19 vaccination process.,1
Coronavirus was found in mutton,1
Dr. Anthony Fauci said COVID-19 hospitalizations are rising among those who are vaccinated.,1
"The Covid-19 spike protein which the Pfizer vaccine causes an immune response against also trains the body to attack syncytin-1, a protein in the placenta, which could lead to infertility in women.",1
"""Anyone who’s over 70 who gets one of these [COVID-19] mRNA vaccines will probably be — sadly die within about two to three years.""",1
“Head of Pfizer research: Covid vaccine is female sterilization.”,1
COVID-19 vaccines are not effective against the delta variant.,1
"“We have over 100,000 children, which we’ve never had before, in serious condition, and many on ventilators” due to the coronavirus.",1
The CEO of Pfizer has not taken his own COVID-19 vaccine.,1
"Amid the lockdown due to Covid-19, liquor shops will be open in Telangana from March 29, 2020 for two hours.",1
"T-Shirts that read ""COVID-19: Imported Virus from Chy-na"" were promoted on the personal Facebook page of Capt. Jay Baker of Cherokee County Sheriff's Office.",1
Assembly Republicans “have come to the table” and were part of “give and take” compromise on a coronavirus bill.,1
A map from Johns Hopkins University that shows the spread of COVID-19 contains malware.,1
"Photo shows Helen Blythe and her son, who died after COVID-19 vaccination.",1
“Cannabis is more effective at preventing and treating COVID-19 than hydroxychloroquine”,1
"New research found that men should inject the COVID-19 vaccine into the penis, which would also increase penis size.",1
"The vast majority of Australian Navy personnel who received COVID-19 vaccines experienced severe side effects, reducing the Navy's healthy capacity by half.",1
"shows a store being looted in Veracruz, Mexico, during the coronavirus pandemic",1
Claims of President Donald Trump and Joe Biden in presidential debate on coronavirus and economy,1
PCR Tests For Coronavirus Rely On A Single DNA Sequence Common To All Humans,1
"Coronaviruses are all seasonal and go away on their own, including those that cause SARS and MERS; ivermectin is effective for preventing and treating COVID-19; COVID-19 vaccines are “gene therapy”, don’t give immunity or prevent transmission",1
"People who were undergoing chemotherapy have been told that they should not receive vaccines, and should stay away from people who had received vaccines, and now because of Covid-19 this has all changed.",1
"A woman was diagnosed with COVID-19, but ""[t]urns out it WAS legionnaires disease from the moisture and bacteria in her mask.""",1
Pfizer's FDA-approved coronavirus vaccine is not yet available in the United States,1
The anti-tuberculosis Bacillus Calmette-Guérin (BCG) vaccine protects people against coronavirus infection.,1
"Nanavati Hospital does not recommend lemon, turmeric for COVID ""treatment""",1
COVID-19 vaccination mandates are at odds with the 1986 Human Rights Commission Act,1
Ram Mandir trust chief testing positive for COVID-19,1
This photo shows a lion patrolling Russian streets during coronavirus lockdown,1
"In November 2021, Austria's federal government announced it would impose mandatory nationwide COVID-19 vaccination from February 2022 onwards.",1
Russian COVID-19 nurses work in the nude?,1
"COVID vaccine has killed almost 2,000 and those over 60 should be watched for 20 days.",1
Vaccines prevent transmission of the Delta variant of Covid-19 for only eight weeks.,1
A Facebook post on March 15 by the page Football Team Offer claimed Ronaldo responded to COVID-19 by turning his chain of hotels in Portugal into hospitals.,1
Surgical masks offer no protection against Covid-19 and are “no good”.,1
90% of people in hospital with Covid-19 are unvaccinated.,1
The newest Israeli data on COVID-19 infections indicate a complete vaccine failure on every level. The data from Israel shows that nearly all serious cases and deaths are among the vaccinated.,1
Official Data Shows More People Have Died From The Vaccines Than From COVID-19,1
Landmarks in Wuhan before COVID-19 pandemic.,1
French TV news report shows mannequin posing as COVID-19 patient,1
One of Nicola Sturgeon’s Covid advisors claimed Covid-19 vaccines were 100% safe for children.,1
"Official NHS data to 16 July shows there were 1,379 Covid-19 deaths in which there were no pre-existing conditions.",1
"“CDC COVID-19 survival rates” are 99.997% for people ages 0 to 19, 99.98% for people ages 20 to 49, 99.5% for people ages 50 to 69, and 94.6% for people over 70.",1
There's a map that shows all the countries in the world which will be effected by coronavirus,1
Pennsylvania officials are ‘attempting to silence voters’ exposed to COVID-19 by telling them they can’t vote in-person,1
"The Centers for Disease Control and Prevention revoked Emergency Use Authorization for coronavirus PCR tests because they were inaccurate, led to false positives and confused positive influenza cases with COVID-19.",1
Google and Apple “put a covid tracker on every phone.”,1
Picture of massive crowds of devotees during the ongoing Maha Kumbh Mela at Haridwar despite Covid-19 restrictions.,1
“The coronavirus is no more deadly or dangerous than seasonal flu”,1
"In response to the coronavirus pandemic, food stamps are available to everyone in Maryland during April and May regardless of income.",1
"Bharat Biotech’s Made-in-India vaccine against Covid-19, Covaxin, has been approved for children above the age of 12 years.",1
People have to pay the NHS for delivery of a new Omicron-specific Covid-19 test.,1
Hyderabad society members applaud a Gandhi Hospital doctor for her Covid-19,1
The 2009 H1N1 epidemic infected more people than COVID-19 pandemic and swine flu is deadlier than COVID-19.,1
Pfizer announces COVID-19 Vaccine Upgrade with Microsoft,1
On average there are less than 10 deaths a week from Covid-19.,1
“So 2 doctors from Bakersfield discover that coronavirus mortality rate is 0.03%. 13x less deadly than what was previously thought! Their analysis has since been banned from YouTube.”,1
Getting inoculated with COVID-19 vaccines means putting toxic substances in your body like formalin (formaldehyde) and aluminum.,1
Dr Susan Vosloo Bitchute Covid-19 vaccination misinformation,1
BJP leaders met Dilip Ghosh at the hospital where he is admitted for COVID without wearing masks,1
American Osteopath Dr Carrie Madej recently claimed that she saw an “organism that had tentacles coming from it” in the COVID-19 Moderna vaccine. She also went on to say that she saw graphene in the Johnson & Johnson vaccine.,1
"""Gargling with warm water & salt or vinegar eliminates"" the coronavirus.",1
"""Schoolchildren actually aren’t vectors"" for COVID-19",1
Video show Coronavirus leaving the world.,1
Israel discovers vaccine against novel coronavirus,1
"No new COVID-19 cases in Uttar Pradesh, India, due to use of ivermectin",1
"A doctor in Italy shared numerous details about how hospitals in the country are dealing with COVID-19, a disease caused by the new coronavirus.",1
Top reasons not to fear Covid-19,1
Letter showing AYUSH Ministry approval for Patanjali’s COVID-19 medicine ‘Coronil’,1
”Pfizer launches final study for COVID drug that's suspiciously similar to 'horse paste'” ivermectin.,1
"“About 40% to 50% of CDC, FDA employees are refusing the COVID-19 vaccine, according to” Anthony Fauci and FDA’s Peter Marks.",1
"In September 2021, Norway lifted coronavirus-related restrictions after health officials reclassified COVID-19 as a less severe disease comparable to the flu.",1
Asymptomatic transmission of Covid-19 is a hoax.,1
Video shows man throwing money in tribute do friend dead from COVID-19.,1
"Coronavirus issues were because ""we were given rules, regulations, and specifications from a different time.""",1
Covid-19 vaccines were not tested on animals before they were approved.,1
Schools in US are closing again due to rising COVID-19 cases.,1
"cattle vaccine is related to COVID-19, the current panic overblown by media",1
"CDC warns that non-N95 masks will do nothing to protect you from wildfire smoke because “they do not catch small particles.” Smoke particles are larger than those of SARS-CoV-2, the virus that causes COVID-19, so masks do not work.",1
Data from the U.K.’s public health agency confirms that those who have been vaccinated against COVID-19 are anywhere from two times to six times more likely to die from the delta variant than the unvaccinated.,1
Currency notes scattered in Indore to spread coronavirus,1
Icke makes claims about Covid-19,1
"After so many people died of Covid in India, Hindus lost faith in their religion and have started converting to Islam after destroying their idols.",1
Photo shows family portrait of COVID-19 vaccine developer,1
Viral video shows a public service announcement from 1956 warning about the Covid-19 pandemic plaguing the world in 2020.,1
There are no TV commercials for COVID-19 vaccines in the U.S. because they would be required to list the vaccines' side effects.,1
Owners should isolate from their cats and dogs to stop coronavirus transmission.,1
“Coronavirus quickly spread around the world as early as October 2019”,1
Pfizer’s new pill to treat COVID-19 is just ivermectin repackaged.,1
Samsung gives away free cellphones in Indonesia during the Covid-19 pandemic,1
"COVID-19 has infected fewer people than H1N1 virus, but “media hysteria” has prompted an overblown response.",1
Says “no one under the age of 20 has died of the coronavirus. We still don’t know whether children can get it and transmit it to others.”,1
Many Studies Find that Cloth Masks Do Not Stop Viruses Like COVID,1
Australian health authorities admit tests cannot distinguish COVID-19 from other diseases,1
Australia store inflates price of toilet paper amid coronavirus panic buying,1
Hindu extremist group attacked a Muslim woman doctor accusing that her community is responsible for spreading coronavirus in India.,1
Data from Israel shows COVID-19 vaccines don't reduce hospitalisations.,1
Gavin Newsom had Bell's palsy or GBS after getting the COVID booster shot,1
"The Covid-19 vaccines have been authorised on an emergency licence, because they are still in clinical trials.",1
Apple and Google secretly tracking users via coronavirus contact tracing,1
"Germany halts all COVID-19 vaccines, says they are unsafe & no longer recommended.",1
"A viral image suggests a ""Canine Coronavirus Vaccine"" means a vaccine for the novel coronavirus already exists.",1
Italy has defeated COVID-19.,1
Amitabh Bachchan recorded a video message for doctors of Nanavati hospital after he was hospitalised post testing COVID positive,1
37% of coronavirus deaths in Germany are in care facilities.,1
"For mitigating COVID-19 spread, “masks (are) the number one way to do so.""",1
A list documents U.S. President Donald Trump's various statements about the spread of COVID-19 coronavirus disease.,1
18 countries including the UK and the US want Prime Minister Modi to head global coronavirus task force,1
COVID-Positive Migrants Are Being Allowed to Cross the Southern Border Into the U.S.,1
Video shows North Korean TV announcing execution of Covid-19 patient,1
"Italy discovers through autopsies that COVID-19 is “not a virus, but a bacterium,” which clots the blood. COVID-19 can “easily” be treated with aspirin and blood thinning medicine.",1
“13 Israelis suffer FACIAL PARALYSIS after taking Pfizer Covid jab”,1
"'New evidence shows wearing face mask can help coronavirus enter the brain and pose more health risk, warn expert'",1
Video shows protest against Covid restrictions in Germany,1
Covid-19 vaccines weaken your immune system and make it harder for your body to fight the disease.,1
"“It is about some groundless accusations. In fact, this Russophobic obsession could be expected to fade under the current situation, but it doesn’t seem to be fading,""",1
Covid-19 vaccine is a death warrant,1
An official government poster from Ireland’s Health Products Regulatory Authority says sudden death is a side effect of the COVID-19 vaccines.,1
"All Covid-19 hospital patients were vaccinated, except for one",1
Antibodies from COVID-19 vaccines cause stronger infection among patients.,1
An Ohio doctor died from a COVID-19 vaccine.,1
Lucknow school converted into COVID ward,1
"In New York, ""every contaminated corpse"" of those who died from COVID-19 ""belongs to the state"" and will be incinerated without any ""wakes or memorial services to pay your last respects.""",1
Wearing a mask can prevent people from getting infected by COVID-19 since corona virus is large in size with a diameter of 400-500 microns,1
"COVID-19 vaccines are dangerous, there is complete documented evidence showing that they cause a lot of adverse effects and deaths that the media does not report",1
"Tonic of onions, ginger and garlic cures Covid-19",1
Israel and San Diego Have Already Developed Vaccines for COVID-19,1
Video shows police crackdown during COVID-19 lockdown in Spain,1
The 'left' exposed President Trump to COVID-19 during the Sept. 29 presidential debate,1
Pfizer-BioNTech’s COVID-19 vaccine contains graphene oxide,1
Bill Gates: “The Corona/Covid-19 Virus… is sent to remind us of the important lessons that we seem to have forgotten and it is up to us if we will learn them or not.”,1
South Korea destroyed Covid-19 vaccines after failing to maintain storage temperature.,1
The COVID vaccines are not FDA approved,1
China recovered from COVID-19 “without a vaccine.”,1
"Ohio is giving away $1 million to five residents who have received their COVID-19 vaccination in a ""Vax-a-Million"" lottery.",1
"“While all COVID-19 news has been going on, the U.S. Government has been sneakily trying to remove end-to-end encryption” which means “the government will be able to see all of your messages and listen to all of your calls.”",1
"Doctors could ""apply light and heat"" to treat COVID-19 patients.",1
An oral tablet that will administer the COVID-19 vaccine may allow people to vaccinate at home.,1
"An Instagram post claims that a new Centers for Disease Control and Prevention (CDC) report ""shows that 94% of COVID-19 deaths in the US had underlying medical conditions"".",1
‘Allahu Akbar’ chanted in Italy due to COVID-19 pandemic,1
As study by Johns Hopkins ranked Uttar Pradesh as a topper in Covid Management,1
"Says that to help people in need during the coronavirus pandemic, Mike Garcia said: ""Everyone should have to figure out how to fend for themselves.""",1
"China seeks court approval to kill over 20,000 Coronavirus patients",1
A letter sent by a Liverpool school claimed consent wasn’t needed to test children for Covid-19 during a city-wide testing scheme.,1
A video shows a member of the Maasai tribe whipping people in Kenya who refused to obey the government's self-quarantine orders during the COVID-19 pandemic.,1
Face masks are aimed at protecting the wearer from COVID-19,1
Sri Lankan Opposition Leader said he has no faith in local Covid-19 cure,1
Consuming silver particles kills novel coronavirus,1
A video shows a group of young children in China wearing hazmat suits to protect them against COVID-19.,1
Florida will provide COVID-19 vaccinations to Canadian visitors specifically to increase tourism in the state.,1
A doctor offered a COVID-19 vaccine in September 2020.,1
Five JetBlue pilots died from the COVID-19 vaccine.,1
Some mouthwashes could help curb coronavirus,1
Thai tourists can get free Covid-19 vaccines in neighbouring Laos,1
'The Phantom' comic book referred to COVID-19 in 1957.,1
"“You don’t need masks, there is a cure [for COVID-19] ... It is called hydroxychloroquine, zinc, and Zithromax”",1
Says coronavirus is just “the damn flu”,1
Hank Aaron and Marvelous Marvin Hagler died “after taking the COVID-19 vaccine.”,1
Put a small pea-sized amount of antibiotic ointment like mupirocin inside your nostrils. The ointment will kill any infectious germs when you breathe and should kill the coronavirus before it gets to your lungs.,1
"In late August 2021, Detroit Zoo officials began vaccinating some animals against COVID-19.",1
Most people vaccinated against Covid-19 with mRNA shots will experience blood clots,1
COVID-19 vaccines contain graphene and living organisms made of aluminum,1
Dominic Raab said that Covid-19 tests have a 93% false positive rate.,1
10 people died in Germany after receiving the Pfizer COVID-19 vaccine.,1
Hilary Duff got pink eye from COVID-19 testing.,1
"COVID-19 has a ""survival rate"" of 99.996%.",1
"""DMX received COVID vaccine days before heart attack.""",1
"George Floyd's death was “filmed before covid19” because “[n]ot a single person is wearing a mask"" in the videos.",1
For coronavirus cases “In the U.S. 38% of those hospitalized are under 35.”,1
Antibacterial soap kills COVID-19,1
"A Facebook post claims the recovery rate from COVID-19 is ""99.9 per cent"", and claims there is a choice between getting the disease and getting ""the vaccine with an 80 per cent adverse reaction rate"". It also claims the vaccine ""killed five people"" during human trials.",1
Photo shows suspicious needle switch during Malaysian prime minister’s Covid-19 jab,1
“The seasonal cold and flu is actually more dangerous for kids than the Coronavirus” and “there is very low transmissibility from children to their families and communities.”,1
Sick people without a Covid-19 test are considered positive in Alberta,1
Wearing Mask To Protect From COVID-19 Causes Fungal Lung Infection;,1
No test can identify COVID-19 variants. Tests can only determine if a person is positive or negative for the disease.,1
Democrats in New York stashed ventilators in a warehouse in an effort to make the COVID-19 pandemic worse.,1
"Salty and sour food causes SARS-CoV-2, the virus behind COVID-19, to explode and dissolve.",1
Germanys largest newspaper apologized for covid hysteria.,1
"COVID-19 stands for “Certificate of Vaccination ID,” with the number “19” representing the letters “AI,” for “Artificial Intelligence.”",1
Video of Neurologist Dr. Sushil Razdan suggesting dry Ginger powder as a home remedy to prevent or cure COVID-19,1
Photos show protest in the Philippines during COVID-19 lockdown,1
"Patent filed for coronavirus, covid-19, in 2015",1
"Duterte OKs' P20,000 aid for all SSS members amid COVID-19 lockdown",1
The Covid-19 vaccine is a “device” and does not fulfil the legal definition of a vaccine.,1
Prime Minister Narendra Modi said that free treatment was provided to one crore COVID-19 patients in India,1
Image of a dead mother being carried by her son and husband on a bike due to unavailability of an ambulance amid India’s COVID-19 related Oxygen crisis,1
Scientists knew about the new coronavirus long ago and called it “Disease X”.,1
"“CDC numbers” show that among children, the Pfizer and Moderna COVID-19 vaccines have a death rate “174 times higher” than the COVID-19 death rate.",1
Ruler of Sharjah bans burial of COVID-19 victim bodies,1
"COVID-19 vaccines are causing a new illness called “VAIDS,” short for vaccine acquired immunodeficiency syndrome.",1
"In 2021, Bill Gates suddenly denounced COVID-19 vaccines as dangerous, and called for their withdrawal from circulation.",1
The first cases of COVID-19 were reported in the United States and South Korea on the same day.,1
Video shows COVID protocol flouted in Delhi's Jaffrabad area,1
"The Pfizer-BioNTech COVID-19 vaccine for children contains tromethamine, “a heart attack medication” with “a lot of potentially serious side effects”",1
99% of COVID-19 deaths were caused not by the coronavirus but by other diseases,1
Image shows lab technician 'Abdul Khan' who faked COVID reports of Hindus,1
"Hobby Lobby CEO David Green is refusing to close stores during the COVID-19 pandemic because his wife, Barbara, received a message from God saying that employees would be kept safe.",1
Women Can Not Bear Children Within Six Months Of COVID-19 Vaccine,1
there were fewer deaths in 2020 despite the COVID-19 pandemic raging versus 2019 when there wasn't the virus,1
Mr. Trump repeated a claim Tuesday night he has made in the past — that COVID-19 is 'probably going to go away now a lot faster because of the vaccine' but 'would go away without the vaccine.',1
“George Floyd’s ‘murder’ filmed before COVID-19.”,1
Only one politician has died of COVID-19,1
COVID-19 vaccine caused the new variant of coronavirus in UK,1
A video features a compilation of athletes fainting due to the COVID-19 vaccine.,1
"""Covid-Organics, improved traditional remedy based on artemisia & endemic plants, curative & preventive against #Covid19, is launched!”",1
COVID-19 sensor inserted into everyone illegally by Apple and Google which can track people,1
A livestream on April 23 shows Rodrigo Duterte thanking billionaire Manny Pangilinan and other tycoons for their help during the COVID-19 pandemic,1
Government to spray medicine in the air overnight to kill coronavirus.,1
"A photo circulating on social media shows a banner advertising on-site COVID-19 vaccinations with text that states, “DON’T FORGET TO DONATE YOUR CHILDRENS ORGANS.”",1
Democrats Blocked COVID Relief 40 Times as Republicans Claim,1
Bill Gates wants to add a microchip in COVID-19 vaccine to create digital IDs.,1
South Africa approves ivermectin for Covid-19,1
Tonic water and zinc will kill COVID-19,1
Ivermectin is a Nobel Prize-winning drug but the media is warning against its usage for COVID-19 treatment.,1
Video shows COVID-19 impact in India.,1
Dr. Ryan Cole has observed a worrying increase in cancerous test results in post-COVID-vaccination patients,1
COVID-19 only affects the elderly and not the young,1
Girl faints after Covid vaccination in China,1
The BBC interviewed a “crisis actor” who pretended to be hospitalized with COVID-19 during a news segment.,1
Sharing COVID-19 messages declared a punishable offence in India,1
WebQoof Recap: Trolls Target Safoora; Experts on AC During COVID,1
"""99%"" of coronavirus cases ""are totally harmless.""",1
Canada will receive hundreds of thousands fewer doses of Pfizer’s coronavirus vaccine than previously anticipated.,1
Video of a Pune steam bar which treats or prevents COVID-19 with inhalers.,1
COVID-19 is equivalent to the common cold.,1
"""This peer-reviewed scientific study shows that COVID-19 vaccine causes two deaths for every three lives it saves.""",1
"“The US is charging over $3,000 per test” for patients who may have COVID-19.",1
Justin Trudeau said Canada's response to COVID-19 was to attack the fundamental rights of people.,1
The World Health Organization's VigiBase shows there are over 2.5 million adverse reactions to the COVID-19 vaccine,1
"“With Ebola, we were talking about it before, you disintegrated. If you got Ebola, that was it. [Coronavirus] is like a flu, and this is a much different situation than Ebola.”",1
"The Tanzanian government has approved a herbal medicine called Covidol, which will cure patients suffering from Covid-19.",1
"""Curb Your Enthusiasm"" began filming its eleventh season in November 2020, during the COVID-19 pandemic.",1
"As a result of the COVID-19 pandemic, four of the eight ""deadliest days in American history"" took place in the first week of December 2020.",1
Kamala Harris said majority of those getting hospitalised with COVID-19 or dying from it were vaccinated.,1
"In Australia, ""they’re already taking children out of homes that there’s possible risk of COVID in — they’re putting them in detainment camps.""",1
Queen Elizabeth II thanked PM Narendra Modi for Covid-19 vaccines. The thank you note was displayed on a giant screen at London's Piccadilly Circus.,1
"The COVID-19 vaccines’ “spike protein is very dangerous, it's cytotoxic.”",1
"Facebook user Lea Andoy Lugo posted on Friday, March 13, that a vaccine for the 2019 novel coronavirus has been found and there will be no more deaths due to the coronavirus.",1
CDC Will Begin To Provide Data On How Many US Deaths Are 'from' COVID And How Many Are 'with' COVID,1
"“According to the CDC, so far this year, Florida has had 1,762 deaths from COVID-19 and 5,185 from pneumonia. Average pneumonia deaths in Florida from 2013-2018 for the same time period are 918.”",1
"Claim that COVID-19 is ""fake"" and that the pandemic is cover for the installation of 5G telecommunications towers.",1
President Emmerson Mnangagwa has decreed that rentals be suspended due to COVID-19,1
"On Nov. 9, 2020, New York Gov. Andrew Cuomo said it was ""bad news"" that Pfizer had developed what appeared to be a successful COVID-19 vaccine, during U.S. President Donald Trump's tenure.",1
This photo shows a 13-year-old COVID-19 victim in the UK,1
"“New York, for all of their complaining, Gov. Cuomo's complaining, has only had a 1.5% decrease in revenue” due to the coronavirus pandemic.",1
COVID-19 is not a medical pandemic,1
Video shows people getting on a train in Kolkata during coronavirus pandemic,1
New COVID-19 are named after military codes and signal military operations.,1
Death rates are lower than previous years which proves Covid-19 hasn’t killed or is killing anyone.,1
COVID-19 found in tissue paper,1
Eating An Alkaline Diet Helps Prevent You From Getting Coronavirus,1
Democrats plan to shut down churches permanently in response to COVID-19.,1
An Ohio man died from complications related to the COVID-19 coronavirus disease weeks after he downplayed the virus on social media.,1
"Doctors say 11 million will die in Wuhan, China, due to new coronavirus",1
Four British Airways Pilots Die in One Week – Airline Denies Link to Covid-19 Vaccine,1
Ghana records six confirmed coronavirus cases,1
"The Philippine government's term sheet agreement for the procurement of COVID-19 vaccines from China-firm Sinovac is a ""binding obligation"" that is already a ""done deal.""",1
Scientific data shows millions have died from the COVID injections.,1
Herbal plant an antibiotic to treat novel coronavirus,1
"A professor in New South Wales Australia, has said under oath that the Covid-19 vaccines are not vaccines.",1
A charitable hospital in Pakistan charged patients for novel coronavirus tests.,1
"In July 2020, U.S. Education Secretary Betsy DeVos said ""only"" .02% of the country's K-12 school students — totaling 14,740 children and teens — are likely to die from COVID-19 when and if schools fully reopen.",1
"Multiple claims on COVID-19, face masks, COVID-19 vaccines and treatments.",1
The seasonal flu kills more people every year in the U.S. than COVID-19 has to date.,1
Russia was the first country in the world to dissect Covid-19 corpses (going against WHO’s criminal orders of no autopsies.),1
Swiss medical orgnisation publishes this poster to advise people not to get vaccinated against Covid-19.,1
Alberta failed to prove Covid-19 had been isolated in human tissue,1
There are no reliable tests for a specific COVID-19 virus,1
False claim circulates on Facebook in Myanmar that chewing betel quid can prevent Covid-19 infection,1
"A child died in Barhaven, Ottawa after taking a Covid-19 vaccine",1
The WHO says children should not receive COVID-19 vaccines,1
Replicates of COVID-19 tweet by Dr. Sam Gahli are part of an astroturf campaign by pro-vaccine forces.,1
dietary supplements can serve to “neutralize” effects of widely-used Covid-19 shots,1
1963 Movie ‘The Omicron Variant’ Predicted New Coronavirus Strain,1
Video shows Indian police beating man to death for violating COVID-19 lockdown,1
LK Advani criticised Modi government's handling of COVID crisis in India,1
Netflix Is Giving Free 1-Year Subscription Due to COVID-19,1
COVID-19 vaccines are gene therapy.,1
COVID-19 vaccines weaken the immune system; “Idaho doctor reports a ‘20 times increase’ of cancer in vaccinated patients”,1
"COVID-19 patients died of other causes contribute to coronavirus death tolls in Dallas, Texas",1
The mRNA Covid-19 vaccines are experimental.,1
A video from a speech shows Vice President Kamala Harris repeatedly saying that most people who were hospitalized or recently died from COVID-19 were vaccinated.,1
"The Philippines has fewer COVID-19 cases compared to less populated Italy because of Rodrigo Duterte's ""immediate response"" to the pandemic",1
Covid-19 vaccines cause two deaths for every three they prevent,1
Italian boy looks up at the night sky and calls out for his mother who died from the novel coronavirus.,1
Jio offering free 25GB data daily during COVID-19 lockdown,1
Video of an emotional appeal by the COVID-19 patient in Surat who had returned from London,1
COVID-19 surge in India connected to rollout of vaccine,1
Singapore issuing spot fines people for flouting social distancing orders durin covid-19 pandemic,1
The novel Coronavirus pandemic fits a pattern of viral outbreaks that occur every 100 years.,1
“Joe Exotic tests positive for coronavirus in prison. It’s been confirmed.”,1
You have a 0.03[%] chance of dying from [COVID-19] in the state of California. [...] it’s similar to the flu.,1
Australian supermarkets have banned Chinese people during the Coronavirus pandemic.,1
Nasal swabs used for COVID-19 tests contain Morgellons disease fibers that are being put in your brain when you are tested for the virus.,1
Former U.S. President Donald Trump received the COVID-19 vaccine before he left office in January 2021.,1
Three decades old Class 12th textbook lists treatment for COVID-19.,1
Pope Francis said getting injected with the COVID-19 vaccine is now a requirement to enter heaven,1
Photo of bloody hospital ward after US coronavirus vaccination,1
Video shows Koran recitation as part of the Italian government's effort to fight COVID-19 pandemic,1
Pictures show Boris Johnson has received a COVID-19 vaccine three times.,1
COVID-19 case numbers in NSW were higher than the threshold to lift the curfew in Victoria when Mr Morrison made his claim,1
"Photo shows May 1, 2021 Montreal rally against Covid-19 restrictions",1
"A Facebook post claims three mobile phone antennas shown in a photo are ""new"" and were erected during the lockdown for COVID-19.",1
"Indians are throwing Idols Of God on the street saying if God can't protect them during COVID-19, what good are they.",1
51% of coronavirus deaths in Belgium are in care facilities.,1
Says Nostradamus predicted the coronavirus in a 1551 passage about a plague spreading from the east.,1
"The length of time it took to discover thalidomide’s dangers proves more time should be spent researching medicines, particularly Covid-19 vaccines.",1
Dose range finding studies were not performed for the Covid-19 vaccines.,1
Are more Republicans dying of COVID-19 than Democrats?,1
Video claims Muslims thrashed a cop who objected them for flouting Covid-19 lockdown rule in Hyderabad,1
Sen. Thom Tillis contracted the coronavirus despite wearing a mask at the White House Rose Garden event announcing President Trump's Supreme Court nominee.,1
"The COVID-19 vaccines, specifically the ones that use mRNA, cause infertility.",1
COVID-19 vaccines causes adverse reactions in pregnant women including miscarriage,1
Manitoba said masks will not prevent spread of Covid-19,1
There is no ‘coronavirus’,1
No active COVID-19 cases in Assam today.,1
Barack Obama has not warned against getting the COVID-19 vaccine.,1
Video of Rahul and Priyanka Gandhi breaking coronavirus lockdown by stepping out,1
mRNA vaccine will make your coronavirus infection worse,1
Pet Finder Can Tell If You've Been Vaccinated for COVID-19,1
Kuwaiti authorities prohibit entry into some public places for those who have not received vaccinations against COVID-19.,1
Covid-19 Vaccines Are Weapons of Mass Destruction and Could Wipe out the Human Race,1
George Orwell's 1984 contains text that is predictive of restrictions made as a result of COVID-19.,1
Drinking alcohol can protect you against COVID-19,1
The U.S. economic downturn due to the COVID-19 coronavirus pandemic in early 2020 was forcing the United States Postal Service to close.,1
"MRNA ""COVID Vaccine"" Hidden in SALAD GREENS!",1
mRNA vaccines to prevent COVID-19 cause a severe immune response called a cytokine storm. This was not shown in animal trials because these trials were skipped.,1
Video shows coronavirus victims in India,1
The U.S. facilitated the sending of nearly 17.8 tons of donated medical supplies to China to combat the spread of the novel coronavirus in early 2020.,1
"PCR tests widely used to diagnose COVID-19 contain ethylene oxide, a known carcinogen.",1
The official UK death toll from the coronavirus pandemic now equals the death toll from the Blitz.,1
Kamala Harris said that virtually all patients hospitalized for Covid-19 are vaccinated,1
"""Italy drastically reduced the country’s official COV1D-19 death count by over 97%. This means Covid killed fewer people than an average seasonal flu.”",1
Video of a news report that talks about the research that eating bananas can prevent COVID-19,1
Russia is the first country to have completed clinical trials of a COVID-19 vaccine.,1
"“FDA DOCUMENTS"" show that COVID-19 ""mRNA VACCINE CAUSES DEATH + 21 SIDE EFFECTS.""",1
"The Covid-19 vaccine will ""alter my DNA""",1
Vladimir Putin’s daughter DIES after second dose of COVID vaccine - Toronto Today,1
Bollywood actor Amitabh Bachchan went to offer chadar at the Haji Ali Dargah post recovery from Covid.,1
Covid-19 trial participants who received the placebo will be considered as vaccinated.,1
Nobel prize winner Denis Mukwege quit a COVID-19 task force because he was asked to manipulate patient numbers,1
"In the summer of 2021, COVID-19 vaccination killed four British Airways pilots.",1
“Spanish High Court Confirms That Covid 19 Does Not Exist!”,1
"""Something like two-thirds of the debt in the budget was borrowed by the Government before this outbreak of COVID-19""",1
Pfizer has added a new ingredient to its COVID-19 vaccine to reduce the risk of children having heart attacks as a side effect.,1
The government has approved a second round of coronavirus stimulus payments to everyone who signs up — and the money will be forthcoming in “5-7 business days.”,1
Gatherings of more than 30 people are illegal under the current Covid-19 guidelines.,1
US President Trump joins Muslims prayers for respite from Coronavirus after failing to tackle it.,1
Amitabh Bachchan visited Haji Ali dargah after recovering from Coronavirus,1
"The Israeli Ministry of Health said that the COVID-19 vaccine developed by Pfizer has ""killed 40 times more elderly"" people than the virus itself.",1
"The Centers for Disease Control and Prevention advised parents to prepare for a “sudden sleepover” in the event of an emergency, which included COVID-19 outbreaks in schools.",1
Italian prime minister crying over COVID-19,1
Spectrum will provide free internet to students during coronavirus school closures.,1
"During a press briefing, the Centers for Disease Control and Prevention said that COVID-19 vaccines were “failing” and that vaccinated individuals were considered “superspreaders.”",1
COVID-19 vaccines cause sterility.,1
Coronavirus is not the same as COVID-19,1
Police in Zimbabwe beating churchgoers because their place of worship refused to close to prevent the spread of COVID-19,1
"the pandemic was planned; the COVID-19 vaccines are experimental; previously infected people have “permanent immunity”; VAERS shows vaccines killed thousands of people, vaccine-induced spike protein causes damage",1
"High levels of sulfur dioxide in Wuhan “may be a sign of mass cremations of victims of the coronavirus.""",1
"Muslim man spitting on police after scuffles at COVID-19 quarantine facility in IndiaA video has been viewed thousands of times in multiple posts on Facebook, WhatsApp, Twitter and YouTube alongside a claim it shows a Muslim man spitting at Indian police officers after being detained over scuffles at a coronavirus quarantine centre in April 2020. The claim is misleading; the video has circulated in reports since at least February 2020, weeks before the incident at the coronavirus quarantine centre; local police told AFP the video shows an incident in February 2020 and is unrelated to the COVID-19 pandemic.",1
Covid-19 vaccine alters people's DNA,1
"“If I don’t take the vaccine, I’m at risk for covid. If I do take the vaccine, I’m still at risk for covid PLUS I’m at risk for permanent vaccine side effects. Therefore I’m reducing my risk by not taking the vaccine. That’s the real science.”",1
"Viral videos showed magnets ""stuck"" on people's arms after they received COVID-19 vaccines, purportedly demonstrating that the vaccines contained metal devices or ingredients.",1
A COVID-19 booster means that the initial vaccination didn’t work,1
“Fully vaccinated Australians in hospital for COVID-19 surpass unvaccinated”,1
President Joe Biden’s administration introduced a door-to-door campaign to offer COVID-19 vaccines as a way to confiscate guns or Bibles.,1
This Spanish politician said that Cristiano Ronaldo and Lionel Messi should find the cure for coronavirus,1
Photo that shows COVID-19 test swabs labeled positive and negative proves that the tests are fixed.,1
US health authorities have stopped using RT-PCR tests to detect COVID-19 as they are inaccurate.,1
Joe Biden spread misinformation on COVID vaccines,1
COVID-19 can be transmitted from smoke released during cremation of victims,1
Parrots are feasting on sacks of grains during COVID-19 lockdown in India.,1
"A recent court document proves that Portugal only recorded 152 deaths due to COVID-19, rather than their previously recorded 17,000.",1
Genuine graphic quoting Philippine vice president on COVID-19 home quarantine period,1
UNHCR says refugees in Malaysia are resisting COVID-19 tests,1
"Inhaling steam can cure Covid-19 by killing the virus that causes it when it is in the sinuses, before it reaches the lungs.",1
COVID-19 vaccine will kill 50 million Americans,1
A COVID-19 vaccination certificate contained a warning that the shots will prolong erections and increase penis size.,1
Landmarks in Wuhan before COVID-19 pandemic.,1
"""One in 30 teenagers who catch COVID is ending up in hospital.""",1
BBC reports first coronavirus case in Ghana,1
Italy has found a cure for COVID-19,1
France and South Korea have approved the use of hydroxychloroquine for COVID-19,1
Three British Airways pilots have died of the Covid-19 vaccine in the last seven days.,1
Video of a suspected COVID-19 patient running away from doctors and police in Telangana,1
Doctors at the National Taiwan University Hospital found that COVID-19 is a combination of AIDS and SARS,1
Infectious disease expert Dr. Rajendra Kapila died from COVID-19 after receiving both doses of the Pfizer vaccine.,1
The government's roadmap to ease Covid-19 restrictions will be set out in 5 phases.,1
"“In Chicago, Covid-19 actually LOWERED the death rate.”",1
"""Not one politician has died from [COVID-19], lost their job, or had their business looted.""",1
Presence of COVID-19 restrictions for people who have been vaccinated means vaccines don't work.,1
An image shows a CNN report on an outbreak of cannibalism among COVID-19 vaccine recipients.,1
NIAID Director Dr. Anthony Fauci said he couldn't imagine how U.S. President Donald Trump could have done more to combat the coronavirus pandemic.,1
Rapid Covid-19 tests are unreliable because fruit and Coca-Cola can give “positive” results.,1
Moderna's mRNA COVID-19 vaccine could alter human DNA.,1
COVID-19 vaccines will cause more severe disease through antibody-dependent enhancement,1
Image of a critically ill COVID-19 infected woman hugging her child for the last time before her death,1
"""Autopsies performed by the Italian pathologists [have] shown that [COVID-19] is not pneumonia but it is disseminated intravascular coagulation""",1
Virologist Dr. Rob Oswald wrote a lengthy Facebook post calling COVID-19 a hoax.,1
The COVID-19 pandemic is “effectively over” and there’s no need for vaccines.,1
"A March, 2021, European Union database shows that 3,964 people have died as a result of coronavirus vaccines and hundreds of thousands have been injured.",1
"“Due to the COVID-19 pandemic, effective immediately Walmart is adopting a staggered shopping schedule"" based on age.",1
Covid-19 vaccines are killing many people according to data on the VAERS system.,1
Photos show state of Italy amid coronavirus,1
Eating morel mushrooms will make you susceptible to coronavirus,1
FDA CDC WHO is hiding effectiveness of ivermectin and of natural immunity against COVID-19.,1
“Bill Gates Explains That The COVID Vaccine Will Use Experimental Technology And Permanently Alter Your DNA”,1
"Says Anthony Fauci’s statement that the coronavirus death rate is 10 times that of the seasonal flu is “a claim without any scientific basis.""",1
"No need for vaccines, COVID-19 pandemic is over, says Former Vice President of Pfizer.",1
Sri Lanka's health regulators approved herbal medication as Covid-19 cure,1
"Canada is now ""COVID-free""",1
Video shows China lifts ban on Korans during COVID-19 pandemic,1
"Comorbidities like cancer or diabetes are the primary cause of death, as per ICMR guidelines, for COVID related fatalities",1
Video shows people leaving food packets on the road for the poor and needy who cannot earn due to the novel Coronavirus lockdown.,1
Breast milk produced by women previously infected with the coronavirus contains “robust” COVID-19 antibodies.,1
Israel has recorded zero coronavirus deaths because of using lemon and baking soda as a cure,1
"A certain Vernon Coleman says, “COVID-19 vaccines are weapons of mass destruction and could end the human race.”",1
Doctor Dennis L Modry says Alberta's Covid measures ineffective,1
The government knew Covid-19 was no more dangerous than flu before lockdown and flu and Covid-19 are the same thing,1
Red Cross says people vaccinated against COVID-19 cannot donate plasma,1
Dr. V.K. Srinivasan of Bharath Biotech take the Covid-19 vaccine,1
COVID-19 vaccines caused 895 serious reactions among military veterans,1
Covid-19 vaccines weaken your immune system.,1
Posts on social media claim that people who have been vaccinated against the flu in the last 10 years will test positive for COVID-19,1
Chicken infected with Coronavirus was found in Bangalore.,1
COVID-19 vaccinated American Airlines pilots died during flights,1
The Covid-19 vaccines put people who have received them in danger if 5G is ‘cranked up’.,1
Maryland Gov. Larry Hogan paid for flawed coronavirus tests from South Korea.,1
"""New data shows that death is proportional to dose"" for COVID-19.",1
Fenugreek seed tape can cure COVID-19,1
Covid-19 death rate is lower than flu death rate,1
COVID-19 does not spread from person to person. People cannot become infected by touching contaminated surfaces,1
"As of July 17, 2020, Nueces County in Texas had seen 85 positive COVID-19 tests among children aged under 1 year.",1
Same woman gets Covid-19 vaccine in UK and South Africa,1
Having raw onion and salt 'sendha namak' can cure COVID-19,1
A viral photograph posted in December 2020 showed dozens of iPads required for virtual visits with COVID-19 patients.,1
Facebook is using your pictures and posts in lawsuits against it amid COVID-19 pandemic,1
Pfizer added tromethamine to its formulation for the COVID-19 vaccine for kids ages 5 to 11. Tromethamine’s side effects are severe and pose risks to human health.,1
"Italy has concluded Covid-19 is not a virus, and people are actually dying of amplified global 5G electromagnetic radiation poisoning.",1
"People who receive COVID-19 vaccines are dangerous, they become a “real carrier of the virus”",1
Dr Fauci has been fired and the USA admitted that COVID-19 was man-made.,1
World Economic Forum scheduled the release of COVID-19 Omicron variant.,1
Nobel laureate Luc Montagnier has said that all those who have been vaccinated for Covid-19 will die within two years.,1
Accurate graphic over effectiveness of face masks in curbing the spread of COVID-19,1
CT Scan reports representing the lungs of a COVID-19 vaccinated person and others,1
"COVID-19 vaccines are called Luciferase, have the patent number 060606 and come from a digital program called Inferno.",1
World Bank lauds Philippine economy during Covid-19 pandemic,1
No update from Johnson & Johnson after Covid-19 vaccine trials paused,1
"The Australian government spent around $700 million on the University of Queensland's COVID-19 vaccine candidate despite it not meeting ""peer review"" and other selection criteria.",1
Melcom is giving GH₵2000 Gift card to everyone due to the coronavirus pandemic,1
Neem leaves can cure COVID-19 and its symptoms,1
WHO does not recommend the public wear masks during COVID-19 pandemic,1
Highest number of singe day COVID-19 vaccinations administered in India.,1
Research says that nearly half of people who catch Covid develop depression afterwards.,1
Video clips of Indians throwing the idols of their Gods on the streets due to their anger over Coronavirus,1
"Zinc, tonic water, vitamin C and vitamin D are recommended to fight Covid-19",1
A Seattle woman died from a blood clotting condition after receiving the Johnson & Johnson COVID-19 vaccine.,1
Indian Student Finds COVID-19 Cure And It is Accepted By WHO,1
The United Nations blamed the coronavirus pandemic on the patriarchy.,1
A screenshot claiming to show a location warning message generated by Australia's new COVIDSafe app is circulating on Facebook followng the federal government's launch of the coronavirus tracking tool.,1
CNN says there are false COVID-19 cases in Nigeria,1
Thailand's former prime minister gave public speech on economic impact of coronavirus pandemic,1
"Unemployment among black South Africans increased from 1.6 million in 1994 to 20.9 million in 2020, jumping by 15 million from 2019 because of the Covid pandemic.",1
There is a “0.05% chance of dying from COVID.”,1
"Kin of employees, who die of COVID-19, eligible for reimbursement under EDLI",1
"Due to COVID-19 restrictions, the United Kingdom is forbidding “non-established” relationships.",1
Jakarta Governor Anies Baswedan named the best governor in handling the COVID-19 pandemic,1
Pondicherry University student found the cure for covid-19,1
CNBC claims COVID-19 survives in air for 8 hours; paper and plastic for 3-4 hours,1
Photo shows Mahakumbh Mela 2021 being held during the COVID-19 pandemic.,1
"""COVID-19 is confirmed as airborne and remain 8 hrs in air! So everyone is required to wear mask everywhere!""",1
Covid-19 is not classed as a ‘high consequence infectious disease’.,1
"5G, in connection with a claim that it is activating the novel coronavirus in one's body, is being installed in the country via “Mislatel towers.”",1
Half of CDC employees are refusing to get vaccinated for COVID-19.,1
The Philippines ranked 40-plus among countries with the most active COVID-19 cases.,1
Image shows London protest against coronavirus restrictions in England,1
90 percent of COVID-19 patients recover successfully when treated with hydroxychloroquine.,1
"RSS has built India’s second-largest Covid care centre in Indore, Madhya Pradesh",1
"The WHO stated that asymptomatic spread of COVID-19 is “very rare”, therefore physical distancing and face masks are not necessary",1
Photo shows college students are back in school after COVID-19 outbreak,1
COVID-19 Vaccines Are Full Of Exclusive Nanotechnology to enslave the human species.,1
"Mardi Gras parades were canceled in 2021 to limit the spread of COVID-19. Instead, some people decorated their houses like parade floats in a trend that some called “Yardi Gras.”",1
COVID-19 vaccination programs are in breach of the Nuremberg Code.,1
Mike Pence faked receiving a Covid-19 vaccine,1
The World Health Organization (WHO) has approved Indian student's home remedy for COVID-19: drinking ginger juice with black pepper and honey,1
Merck Scraps COVID Vaccines; Says It’s More Effective To Get The Virus And Recover,1
Singapore has become the first country in the world to conduct an autopsy (post-mortem) on Covid-19 corpses.,1
Family committed suicide in Surat due to hunger during coronavirus lockdown,1
The West Virginia government is giving away a number of free guns through a series of lucky draws in a lottery for people who have received at least one COVID-19 vaccine shot.,1
"COVID-19 is “the greatest hoax ever perpetrated” and “just another bad flu.” Roger Hodkinson, a pathologist who identifies himself as the former chairman of the Royal College of Physicians of Canada Examination Committee in Pathology, made the comments by phone during a public meeting in Edmonton, the capital of the Canadian province of Alberta.",1
"American pharmaceutical company Roche Diagnostics will release COVID-19 vaccine ""on Sunday""",1
COVID-19 vaccines lead to virus mutations and vaccinated people are responsible for variants,1
"CDC releases “actual cause” of over 200,000 US COVID-19 deaths",1
You might not be able to have children if you have the Covid-19 vaccine.,1
There is irrefutable evidence that COVID-19 vaccines contain graphene oxide.,1
"A viral meme titled ""Choosing Your COVID-19 Vaccine"" was a factual representation of the histories of Pfizer, Moderna, Johnson & Johnson, and AstraZeneca.",1
"Drinking corona kashayam made of Turmeric, Clove, Lemon, and ginger boiled in 1 litre water can cure coronavirus within 24 hours",1
Countries With High Rates Of Childhood Vaccinations Are Hardest Hit With Coronavirus,1
“World Bank website shows COVID-19 testing kits purchased by countries in 2017 and in 2018”,1
"""[T]hey don't even have a test kit [for COVID-19]. A test kit to determine whether or not someone has the disease.""",1
Parents cannot visit COVID-19 infected children in hospitals in Canada,1
Joe Biden's COVID-19 relief plan penalizes single parents,1
Most affected countries by COVID-19 are along the same 40-degree North latitude,1
Those who have had COVID-19 have natural immunity against the disease and do not need a vaccine. No one should be vaccinated without first testing for COVID-19 antibodies.,1
Singapore has become the first country in the world to perform an autopsy on a Covid victim. It found that Covid is not caused by a virus but bacteria and hence changed their treatment protocol.,1
"SM-102, an ingredient in the COVID-19 vaccine from Moderna, is not meant for ""human or veterinary use.""",1
Coronil is 100% cure for COVID-19,1
World Bank website shows COVID-19 testing kits purchased by countries in 2017,1
"The spike protein generated by a Covid-19 vaccine can leave the site of injection and enter the bloodstream, which could possibly be causing deaths and vaccine injuries.",1
Recovered Sri Lankan coronavirus patient from Puttlam violates health instructions and wanders in village,1
Details of three Coronavirus positive cases reported in Kothapet (Hyderabad),1
Australian hospitals issued a warning over petrol pumps’ role in COVID-19 spread,1
Image shows a 1500-bed COVID facility in Lucknow,1
"Coronavirus case numbers are so high because anyone who walks into hospital - be it with a broken leg or bullet wound - is ""written up as Covid positive"".",1
Coronavirus Test Requires Swab To Be Inserted Clear Through Nasal Passage,1
"President Joe Biden once said he was about to ""swoop down with Special Forces"" and ""gather up every gun in America,"" and now his administration is advertising giving out guns to people who get vaccinated for COVID-19.",1
Ethiopian Airlines plane full of people infected with COVID-19 lands at Addis Ababa airport,1
"In January 2021, Chinese health officials detected the coronavirus in ice cream produced in Tianjin.",1
"Health workers at the Manila COVID-19 Field Hospital have threatened to stage a ""medical lockdown"" over low salaries and inadequate benefits.",1
"A photograph shows a person holding a protest sign claiming that the number of characters in ""Barack Hussein Obama"" add up to the ""19"" in COVID-19.",1
This video shows Italian doctors who contracted COVID-19 whilst treating patients?,1
Pictures and reports of “empty hospitals” prove COVID-19 spread is “fake crisis for real government planned agendas.”,1
Ticketmaster is planning a mandatory Covid-19 vaccine verification policy for concert attendance.,1
COVID-19 vaccine is a systematic plan to kill Africans.,1
Graphic shows data of COVID-19 vaccine deaths and injuries released by the European Medicines Agency (EMA).,1
Coronavirus was found in mutton,1
Face masks without VFE label cannot be used for protection against Covid-19,1
"Testing for Covid-19 can return a positive result due to a cold or flu, or having received the flu vaccine in the past",1
The drug ivermectin has been proven to be effective against Covid-19,1
About 500 lions have been released on the streets of Russia to stop people going out during the coronavirus pandemic.,1
"The Covid-19 spike protein which the Pfizer vaccine causes an immune response against also trains the body to attack syncytin-1, a protein in the placenta, which could lead to infertility in women.",1
COVID 19 is a bacteria can be treated by antibiotics,1
COVID-19 vaccines are not effective against the delta variant.,1
Infection-induced immunity is “by far the more robust immunity that one can have against COVID-19”,1
The CEO of Pfizer has not taken his own COVID-19 vaccine.,1
“Every fourth American is against taking anti-COVID-19 vaccine.”,1
"""America will be the first country -- perhaps the only one"" -- to administer 100 million doses of the COVID-19 vaccines.",1
Woman inside a Reliance store in Delhi's Rani Bagh attempting to spread coronavirus,1
Doctors in the Philippines may prescribe ivermectin to COVID-19 patients.,1
Internet Sensation Anahita Hashemzadeh Is Suffering From COVID-19,1
Covid-19 patient tests are fixed in advance,1
A map from Johns Hopkins University that shows the spread of COVID-19 contains malware.,1
This text message shows the government is monitoring people leaving the house during coronavirus lockdown.,1
People mass sneezing in Nizamuddin to spread coronavirus,1
"European database figures show causal links between Covid-19 vaccination and adverse events, including death",1
"Photo shows Helen Blythe and her son, who died after COVID-19 vaccination.",1
Covid vaccination appointments can be booked through WhatsApp,1
Thyrocare labs are sealed in Thane over false-positive COVID19 testing,1
"People who were undergoing chemotherapy have been told that they should not receive vaccines, and should stay away from people who had received vaccines, and now because of Covid-19 this has all changed.",1
The anti-tuberculosis Bacillus Calmette-Guérin (BCG) vaccine protects people against coronavirus infection.,1
40 passengers of Air India Express plane crash at Kozhikode tested positive for coronavirus,1
Says truck drivers are being turned away from fast-food restaurants during the COVID-19 pandemic.,1
Photograph of people filling the streets of Paris was taken during protests against Covid-19 regulations on 17 July 2021.,1
Video of COVID victims piled up at Gandhi Hospital,1
Ram Mandir trust chief testing positive for COVID-19,1
"The COVID-19 vaccine is “shedding” from person to person. As a result, unvaccinated people who are in close proximity to vaccinated people are having changes in their period or miscarriages.",1
"U.S. President Donald Trump mocked his political opponent Joe Biden for vowing to ""listen to the scientists"" in regards to the COVID-19 pandemic.",1
Australians unvaccinated against COVID-19 will have their bank accounts frozen,1
Covid-19 has a survival rate of 99.8%.,1
New York COVID-19 death rate 200 times higher than world's largest 10 cities,1
Protest rallies held in June and July contributed to the upsurge of COVID-19 cases in the Philippines.,1
"COVID vaccine has killed almost 2,000 and those over 60 should be watched for 20 days.",1
The newest Israeli data on COVID-19 infections indicate a complete vaccine failure on every level. The data from Israel shows that nearly all serious cases and deaths are among the vaccinated.,1
Rapper Playboi Carti predicted COVID-19 in a 2018 song,1
A photograph shows protesters displaying an anti-Semitic sign during a COVID-19 lockdown protest.,1
"As of July 2020, the New Zealand Defence Force are allowed to enter homes and remove people in response to COVID-19",1
"""Joe Biden’s Covid-19 taskforce member recommends withholding food stamps and rent assistance from those who refuse coronavirus vaccines.""",1
Virus-removing card can prevent COVID-19 infection,1
"The Covid-19 vaccines have been authorised on an emergency licence, because they are still in clinical trials.",1
"Video of a person who committed suicide after getting infected with coronavirus in New York, USA",1
"Germany halts all COVID-19 vaccines, says they are unsafe & no longer recommended.",1
Booster COVID-19 vaccine doses can “shut down the immune response”; heart damage following vaccination is “quite frequent”; “many of these [SARS-CoV-2] mutations are being driven by the evolutionary selection caused by the vaccines”,1
Amitabh Bachchan recorded a video message for doctors of Nanavati hospital after he was hospitalised post testing COVID positive,1
Video shows North Korean TV announcing execution of Covid-19 patient,1
"Photos of House Speaker Nancy Pelosi getting the first dose of the COVID-19 vaccine show that the doctor never removed the orange cap from the syringe, so she never actually received the shot.",1
Praying at a Muslim shrine can cure Covid-19,1
"""I didn’t say one way or the other"" that Chinese President Xi Jinping was doing a good job handling the new coronavirus.",1
COVID-19 is not new and old textbook lists its treatment,1
Girl receiving COVID-19 vaccine shot in viral video is Putin's daughter,1
"If an employer mandates COVID-19 vaccination, don't quit. ""Make them fire you. That way, you get unemployment benefits.""",1
"“It is about some groundless accusations. In fact, this Russophobic obsession could be expected to fade under the current situation, but it doesn’t seem to be fading,""",1
Post claims Bill Gates call for withdrawal of COVID-19 vaccines,1
"The Red Cross says if you recovered from COVID-19 and had a vaccine, you cannot donate blood plasma because the vaccine wipes out natural antibodies.",1
Viral message claims Corona Kashayam cures COVID-19,1
Insurance companies are denying life insurance payouts after people received the COVID-19 vaccine,1
Video of Muslims celebrating Iftar in Hyderabad flouting COVID-19 norms,1
An official government poster from Ireland’s Health Products Regulatory Authority says sudden death is a side effect of the COVID-19 vaccines.,1
"""Naturally acquired COVID-19 99.9982% percent effective.""",1
A little girl shown lying in a coffin died from COVID-19.,1
COVID-19 vaccines killed people; COVID-19 has a “99.97% survival rate”,1
An Ohio doctor died from a COVID-19 vaccine.,1
“Celine Dion has been paralyzed by the COVID vaccine and cancels her tour.”,1
"COVID-19 vaccines are dangerous, there is complete documented evidence showing that they cause a lot of adverse effects and deaths that the media does not report",1
Putting tampons soaked in a liquid solution that includes ivermectin into vaginas is an effective and safe step to fight COVID-19.,1
Video shows police crackdown during COVID-19 lockdown in Spain,1
"“Sweden COVID-19 Death Rate Lower Than Spain, Italy and U.K., Despite Never Having Lockdown”",1
"A ""CCP lab studying coronaviruses derived from bats"" is located 400 meters away from the Huanan seafood market in Wuhan, China, that saw some of the earliest cases of COVID-19.",1
“The Obama administration made a decision on testing that turned out to be very detrimental to what we’re doing” on the coronavirus.,1
"Says the governors of Michigan, New York and Nevada “have issued orders banning the prescription of hydroxychloroquine to patients with COVID-19.”",1
Women vaccinated against COVID-19 early in pregnancy suffered miscarriages at a rate of 82 percent.,1
Ghana's President Nana Akufo-Addo announces partial lockdown due to coronavirus fears,1
The 'left' exposed President Trump to COVID-19 during the Sept. 29 presidential debate,1
Filipino citizens above 70 years old are not in the priority list for COVID-19 vaccination.,1
China lifted ban on Quran following Coronavirus outbreak,1
The COVID-19 pandemic was planned and a preparedness exercise called Event 201 predicted it.,1
“COVID19 PCR tests are scientifically meaningless.”,1
Pfizer-BioNTech’s COVID-19 vaccine contains graphene oxide,1
Bill Gates: “The Corona/Covid-19 Virus… is sent to remind us of the important lessons that we seem to have forgotten and it is up to us if we will learn them or not.”,1
All but one of the patients hospitalised for COVID-19 in New South Wales are fully vaccinated.,1
A worker of Prince hotel in Mehdipatnam has tested positive for Coronavirus,1
"“While all COVID-19 news has been going on, the U.S. Government has been sneakily trying to remove end-to-end encryption” which means “the government will be able to see all of your messages and listen to all of your calls.”",1
Man in Italy killed self after he lost his family to coronavirus,1
The Covid-19 pandemic is caused by radiation,1
A video shows a group of young children in China wearing hazmat suits to protect them against COVID-19.,1
"The ""head of Pfizer research"" said the COVID-19 vaccine developed by the pharmaceutical company ""is female sterilization.""",1
No one has died from the coronavirus in the United States.,1
Visuals show victims of India's recent Covid-19 surge,1
The MHRA put out a tender for Artificial Intelligence (AI) to handle reports of adverse Covid-19 vaccine reactions.,1
Put a small pea-sized amount of antibiotic ointment like mupirocin inside your nostrils. The ointment will kill any infectious germs when you breathe and should kill the coronavirus before it gets to your lungs.,1
Most people vaccinated against Covid-19 with mRNA shots will experience blood clots,1
Drinking hot water with lemons will cure or prevent COVID-19; drinking hot water with lemons and sodium bicarbonate will “alkalize the immune system” and cure or prevent COVID-19.,1
Kidney Stealing of coronavirus patient In Muzaffarnagar,1
10 people died in Germany after receiving the Pfizer COVID-19 vaccine.,1
The Western Australian state government describes COVID-19 vaccines as poisons.,1
Pfizer-BioNTech's COVID-19 mRNA vaccine contains lipid nanoparticles.,1
COVID-19 vaccine contains microchips to track and control people,1
China develops COVID-19 vaccine,1
Video spreads false claims in South Africa about Covid-19 and vaccines,1
Ketchup tested positive for Covid-19 using a lateral flow test.,1
Anubis logo on COVID testing center,1
Thailand has “ranked no. 1 in the COVID-19 fight category” based on an international health security and preparedness index,1
Video shows “COV-19” is inscribed on a circuit board-like equipment for 5G wireless towers.,1
No test can identify COVID-19 variants. Tests can only determine if a person is positive or negative for the disease.,1
Nobel Laureate Luc Montagnier said people will die two years after receiving COVID vaccine,1
23 people in Norway died after getting the Pfizer Covid-19 vaccine.,1
"Muslims offering namaaz in Patparganj, Delhi, violating Covid-19 lockdown rules.",1
Confirmed case of novel coronavirus in Uttar Pradesh town of Barhalganj,1
"Schools in the Dayton, Ohio, suburb of Kettering are vaccinating children for COVID-19 without notifying parents or requesting their consent.",1
"Salty and sour food causes SARS-CoV-2, the virus behind COVID-19, to explode and dissolve.",1
"Patent filed for coronavirus, covid-19, in 2015",1
Image shows map designed by an American CEO to praise Indian government's response to COVID-19.,1
The recent deaths of four British Airways pilots could be linked to the Covid-19 vaccines.,1
Indians throwing idols of gods/goddesses due to rising COVID cases,1
A YouTube video posted on Facebook claims the real time polymerase chain reaction (RT-PCR) test used to detect COVID-19 is not an appropriate testing method.,1
A 'quarantine detector' dog working during the COVID-19 pandemic was kicked by an uncooperative passenger. The dog fled to a staff member who comforted the animal.,1
Accurate list of COVID-19 treatments,1
Video shows COVID protocol flouted in Delhi's Jaffrabad area,1
Johnson & Johnson has developed a new vaccine for COVID-19.,1
India's Ministry of Health spokesman died after Covid-19 vaccination,1
"The Pfizer-BioNTech COVID-19 vaccine for children contains tromethamine, “a heart attack medication” with “a lot of potentially serious side effects”",1
99% of COVID-19 deaths were caused not by the coronavirus but by other diseases,1
Coronavirus is not lethal,1
COVID-19 PCR swab tests damage the blood-brain barrier and are harmful for humans.,1
"shows a train car with the marking ""COVID-19"" on its side",1
Government to spray medicine in the air overnight to kill coronavirus.,1
"Australian police are separating children who test positive for coronavirus from their parents, and it has been captured on video.🇦🇺 Meanwhile in WEF Australia...Children testing positive for covid are forcibly separated from their parents.. pic.twitter.com/BAKL1r8oBg— SvenDeG6 (@G6Sven) August 21, 2021",1
COVID-19 means “see a sheep surrender” in Latin,1
This is photo of Italian doctor couple who died of novel coronavirus after contracting the disease from the patients they treated.,1
South Africa approves ivermectin for Covid-19,1
Tonic water and zinc will kill COVID-19,1
Dr. Ryan Cole has observed a worrying increase in cancerous test results in post-COVID-vaccination patients,1
A Covid-19 vaccination centre at Jakarta's Istora GBK is open to all,1
"A video shows thousands in Madrid protesting the health system and ""new world order"" amid the COVID-19 Pandemic.",1
Jamaica has not recorded any COVID-19 cases,1
COVID-19 only affects the elderly and not the young,1
The BBC interviewed a “crisis actor” who pretended to be hospitalized with COVID-19 during a news segment.,1
"In an interview with ""Today,"" Dr. Anthony Fauci said that two masks are better than one when it comes to slowing the spread of COVID-19.",1
WebQoof Recap: Trolls Target Safoora; Experts on AC During COVID,1
Thousands of Hindu idols were discarded by Indians for failing to protect them against COVID-19,1
"According to the United States Centers for Disease Control and Prevention (CDC), 3,150 or 2.7% of people who received the Pfizer-BioNTech COVID-19 vaccine were “unable to perform normal daily activities, unable to work.”",1
"Republican gubernatorial nominee Glenn Youngkin called COVID-19 relief ""unnecessary"" in a May 12 interview",1
Doctors and nurses giving the COVID-19 vaccine will be tried as war criminals.,1
Genuine news graphic shows remarks by Philippine official Carlito Galvez that poor people be given Sinovac Covid-19 vaccine,1
This is the pathetic condition of Ghaziabad where an MP and former Army chief VK Singh has to seek help on Twitter to get his Covid-infected brother a hospital bed.,1
"""This peer-reviewed scientific study shows that COVID-19 vaccine causes two deaths for every three lives it saves.""",1
"Former Republican presidential candidate Herman Cain died of colon cancer, not COVID-19.",1
"""Curb Your Enthusiasm"" began filming its eleventh season in November 2020, during the COVID-19 pandemic.",1
This video shows a gay party in Italy shortly before the COVID-19 outbreak,1
"In Australia, ""they’re already taking children out of homes that there’s possible risk of COVID in — they’re putting them in detainment camps.""",1
Dr Byram Bridle says vaccines against Covid-19 are dangerous,1
"The COVID-19 vaccines’ “spike protein is very dangerous, it's cytotoxic.”",1
Magnet video proves COVID-19 vaccines contain microchips.,1
The Morbidity and Mortality Weekly Report by the U.S. Centers for Disease Control and Prevention shows that the majority of people who get sick with COVID-19 wear masks.,1
"""15-year-old boy passes away from heart attack two days after Pfizer COVID-19 experimental jab.""",1
US health institute (NIH) recommends Ivermectin to treat Covid-19,1
Pfizer's Vaccine Candidate To Battle COVID-19 Does Contains Nanoparticles Never Used Before In Vaccines Ingredients Are Lethal,1
"“According to the CDC, so far this year, Florida has had 1,762 deaths from COVID-19 and 5,185 from pneumonia. Average pneumonia deaths in Florida from 2013-2018 for the same time period are 918.”",1
List of COVID-19 treatments,1
President Emmerson Mnangagwa has decreed that rentals be suspended due to COVID-19,1
Hair salons responsible for almost half of COVID-19 deaths,1
"COVID-19 mRNA vaccines are toxic, the spike protein in the vaccine causes COVID-19 and damages vital organs.",1
WWE wrestler John Cena died of Covid-19,1
A study from the Francis Crick Institute in London found that Pfizer’s COVID-19 vaccine destroys a type of white blood cell called the T cell and weakens the immune system.,1
inhaling steam kill coronavirus,1
New COVID-19 are named after military codes and signal military operations.,1
Fewer people have died from Covid-19 in the past 40 days than one day of cancer deaths.,1
Drinking water after every 15 minutes helps prevent COVID-19,1
"""The Simpsons"" television show predicted the 2020 COVID-19 pandemic and ""murder wasp"" incursion in a 1993 episode.",1
“They've now killed close to twice as many kids from the vaccine as have died from COVID.”,1
"Says of the coronavirus threat, “there was not a single suggestion by anyone, a doctor, a scientist, a political figure, that we needed to cancel Mardi Gras.”",1
Herbal plant an antibiotic to treat novel coronavirus,1
"A professor in New South Wales Australia, has said under oath that the Covid-19 vaccines are not vaccines.",1
"The National Health Institute in Italy has recalculated the Covid-19 death toll from 130,468 down to 3,783 directly due to Covid-19, or 2.9% of the total.",1
"GENOCIDE in the U.S. Continues: 3,848 DEATHS 118,902 Injuries Following COVID Injections – Children Now being Reported as Dying Also",1
"Vladimir Putin photographed with his daughter after she was administered Sputnik V, the COVID-19 vaccine developed by Russia.",1
"In December 2020, Fox News contributor Trey Gowdy said he was ""madder than hell"" at remarks made by Nancy Pelosi about COVID-19 relief funding.",1
Evidence is growing that Covid-19 vaccines may worsen the disease in some recipients because antibodies developed as a result of the jab can end up enhancing disease rather than protecting against infection.,1
"“Credible accounts, however, have zeroed in on Fort Detrick as the real origin” [of the COVID-19 pandemic].",1
CDC illegally changed mortality count rules and inflated Covid-19 death toll,1
"Doctors and nurses who administer the coronavirus vaccine can be ""tried as war criminals.""",1
"""States like New York, Illinois and California have been vocal in their demands for funding to bail out their pension systems, which were failing long before the COVID-19 outbreak, and other programs that aren’t related to this crisis.""",1
Photo shows future list of COVID-19 variants and their release dates.,1
Dr Hariharini of Madurai died one month after Covid vaccination,1
”There is no evidence to support the contention that masks would stop influenza while failing to stop COVID”; “Influenza has been renamed COVID-19 in large part”,1
Russia was the first country in the world to dissect Covid-19 corpses (going against WHO’s criminal orders of no autopsies.),1
“Now with the COVID-19 … more people are dependent on drugs or alcohol.”,1
"10,000-bed Sardar Patel COVID Care Centre in Delhi is built by Kejriwal (State Government)",1
COVID-19 vaccines have not been developed yet,1
Japan has approved ivermectin as Covid-19 treatment,1
The mRNA COVID-19 vaccines are “really gene therapy.”,1
"Vaccines have killed millions and there are no working vaccines for RNA viruses; The novel coronavirus is not 'naturally occurring'; US funding for China coronavirus experiments contributed to outbreak; Hospitals are incentivized to report COVID-19 diagnoses; Hydroxychloroquine is most effective treatment for COVID-19; Flu vaccines increase odds of getting COVID-19; Wearing masks and gloves hurts immune system; Closing beaches blocks access to healing microbes in ocean, sand",1
Alberta failed to prove Covid-19 had been isolated in human tissue,1
There are no reliable tests for a specific COVID-19 virus,1
"The return to universities could cause 50,000 deaths from Covid-19 without “strong controls”.",1
Ten percent of Londoners have been infected with COVID-19’s recent Omicron variant. A quarter of London’s population has been infected with the Omicron variant.,1
False claim circulates on Facebook in Myanmar that chewing betel quid can prevent Covid-19 infection,1
"A child died in Barhaven, Ottawa after taking a Covid-19 vaccine",1
The WHO says children should not receive COVID-19 vaccines,1
dietary supplements can serve to “neutralize” effects of widely-used Covid-19 shots,1
Muslim woman spit inside houses in Rajasthan's Kota to spread coronavirus,1
"South Korea classifies Covid-19 infections among double-vaccinated people as ""unvaccinated infections""",1
The mRNA Covid-19 vaccines are experimental.,1
"The Philippines has fewer COVID-19 cases compared to less populated Italy because of Rodrigo Duterte's ""immediate response"" to the pandemic",1
Hand sanitiser is effective against Covid-19.,1
Covid-19 has never been isolated in a laboratory. It has never been proven to exist.,1
Photos show people in India bathing in cow dung to prevent COVID-19 infection,1
"Says the Coronavirus Aid, Relief, and Economic Security Act gives members of Congress a pay increase.",1
US Senate has announced the novel coronavirus is a scam,1
COVID-19 surge in India connected to rollout of vaccine,1
“Immediately we saw the need for a profound diagnosis of the routine actions and actions to fight the pandemic at that time. One of the first actions of that diagnosis was to show total transparency …”,1
doctor who succumbed to Covid-19,1
"Kennedy Center, PBS donated to Democrats after getting COVID-19 stimulus money.",1
"As the pandemic pressed on into the first month of 2021, Budweiser manufacturer Anheuser-Busch announced it would forgo Super Bowl advertising and allocate funding to COVID-19 vaccination awareness and education instead.",1
“Chance of NOT dying from Covid-19: 99.96%”,1
The survival rate of Covid-19 without the vaccine is greater than the effectiveness of the vaccine itself.,1
"Having the Covid-19 vaccine eats away at your immune system, and people vaccinated six or eight months ago are dying from the common cold.",1
List of remedies proven to prevent or minimise side effects of Covid-19 vaccination,1
Coronavirus vaccines don't slow the virus' spread,1
Burundi receives COVID-19 vaccines from China,1
"100,000 Children Are In Serious Condition Because Of COVID-19",1
Thirteen Felician sisters from one convent died from COVID-19.,1
A new study from the U.S. Centers for Disease Control and Prevention found that mask mandates have a negligible impact on coronavirus numbers.,1
Photo shows dead COVID-19 victims,1
Australian supermarkets have banned Chinese people during the Coronavirus pandemic.,1
“The California study finds that vaccinated individuals are more susceptible to COVID variant infections than unvaccinated”,1
Three decades old Class 12th textbook lists treatment for COVID-19.,1
Deer playing on a beach during COVID-19 lockdown.,1
Photo of bloody hospital ward after US coronavirus vaccination,1
"""No elected official is doing more to enable the transmission of COVID in America than Joe Biden with his open borders policies.""",1
An obese woman who died of COVID-19 blamed unvaccinated people.,1
COVID-19 case numbers in NSW were higher than the threshold to lift the curfew in Victoria when Mr Morrison made his claim,1
“Joe Biden fired over 200 marines for refusing to take the COVID vaccine.”,1
"Coronavirus is actually a bacterium causing blood clots. Coronavirus can therefore be cured by antibiotics, aspirin and anticoagulants.",1
Marijuana kills coronavirus,1
"""Had the WHO done its job to get medical experts into China to objectively assess the situation on the ground and to call out China’s lack of transparency, the outbreak could have been contained at its source, with very little death.""",1
Pet Finder Can Tell If You've Been Vaccinated for COVID-19,1
Government spraying medicine to kill COVID-19,1
Kuwaiti authorities prohibit entry into some public places for those who have not received vaccinations against COVID-19.,1
“COVID-19 [is] less deadly than [seasonal] flu”,1
Drinking alcohol can protect you against COVID-19,1
"Researchers from Wuhan Institute of Virology and some other foreign universities conducted a study on bats and bat hunters in Nagaland, which maybe linked to the outbreak of the 2019 novel coronavirus or 2019nCov.",1
Facemasks are ineffective to block transmission of viral & infectious disease such as COVID-19,1
Pfizer has added a new ingredient to its COVID-19 vaccine to reduce the risk of children having heart attacks as a side effect.,1
"Davao City Mayor Sara Duterte told Filipinos to blame local government units and not her father, President Rodrigo Duterte, for the ""unfelt"" P200-billion COVID response fund.",1
Photo shows employee of gym linked to Hong Kong Covid-19 cluster in 2021,1
Gatherings of more than 30 people are illegal under the current Covid-19 guidelines.,1
Amitabh Bachchan visited Haji Ali dargah after recovering from Coronavirus,1
The benefits under the PMJJBY and PMSBY schemes can be claimed for COVID-19 related deaths,1
"The Centers for Disease Control and Prevention advised parents to prepare for a “sudden sleepover” in the event of an emergency, which included COVID-19 outbreaks in schools.",1
Italian prime minister crying over COVID-19,1
The “American Journal of Medicine admit their stand on [hydroxychloroquine] was wrong“; it “published evidence that hydroxychloroquine is effective for preventing COVID-19“,1
FDA confirms first vaccine dose correlated with increased COVID-19 infections,1
COVID-19 is the first pandemic in a century.,1
COVID-19 was known to humans before its outbreak in 2020,1
A meme accurately reports that the U.S. recorded roughly 2.9 million deaths in 2020 — almost the same total as previous years — despite COVID-19.,1
Spectrum will provide free internet to students during coronavirus school closures.,1
A photograph shows Michigan Gov. Gretchen Whitmer not wearing a mask at a news conference announcing new COVID-19 restrictions.,1
Covid-19 is a deliberate hoax designed to promote the climate change agenda.,1
Children 107 times more likely to die from Covid-19 vaccines than Covid-19,1
Newspaper clipping used derogatory language to indicate that the impact of third coronavirus wave will be less,1
“New Zealand okays euthanasia for COVID patients.”,1
"the pandemic was planned; the COVID-19 vaccines are experimental; previously infected people have “permanent immunity”; VAERS shows vaccines killed thousands of people, vaccine-induced spike protein causes damage",1
Indians drown religious statues for failing to offer COVID-19 protection,1
"Two Facebook posts implicating Hollywood identities Tom Hanks, Oprah Winfrey and Harvey Weinstein in a conspiracy regarding COVID-19.",1
The Philippines ranks 2nd in COVID-19 vaccine rollout in Southeast Asia in terms of number of vaccines administered.,1
Rapper DMX had a Covid-19 vaccine days before he died of a heart attack.,1
"The Moderna & Pfizer Covid jabs are not legally vaccines, only attack the S-1 spike protein and won't prevent spread of COVID-19.",1
"President Donald Trump said, ""The doctors said they’ve never seen a body kill the Coronavirus like my body. They tested my DNA and it wasn’t DNA. It was USA.”",1
This Spanish politician said that Cristiano Ronaldo and Lionel Messi should find the cure for coronavirus,1
Hydroxychloroquine and Ivermectin can be used in treating COVID-19,1
Photo that shows COVID-19 test swabs labeled positive and negative proves that the tests are fixed.,1
"A court in Portugal ruled that only 152 people died of COVID-19 in the country, not 17,000.",1
A video shows aboriginal people in Australia defending themselves with bows and arrows against authorities trying to forcibly administer COVID-19 vaccines.,1
"A rare place in North America, Nunavut, has no COVID-19 cases.",1
President Donald Trump's positive COVID-19 test result might be a 'con' job,1
“We do not have an approved (COVID) vaccine in America … the Pfizer vaccine available in the U.S. is not FDA approved.”,1
Genuine graphic quoting Philippine vice president on COVID-19 home quarantine period,1
“COVID lockdowns don’t appear to have saved lives”; “ample scientific evidence points to the fact that lockdowns did not save lives”,1
"Video shows a nurse pretending to vaccinate actor Anthony Hopkins for COVID-19, but actually squirting the solution in the syringe onto the ground.",1
Landmarks in Wuhan before COVID-19 pandemic.,1
The World Health Organization discovered a drug that effectively combats all COVID-19 variants. Experiments to test the drug will begin in early 2023.,1
Italy has found a cure for COVID-19,1
"Searching for any three-digit number followed by ""new cases"" on Google provides evidence that the COVID-19 pandemic was manufactured.",1
Video of a suspected COVID-19 patient running away from doctors and police in Telangana,1
"Tata Health has shared a ‘COVID medical kit’, which carries a list of medicines and equipments to be kept at home.",1
COVID-19 vaccines are gene therapy and a recent Forbes article proves that.,1
"“Between late December of 2020 and last month, a total of 3,362 people apparently died after getting the COVID vaccine in the United States … The actual number is almost certainly higher.”",1
"""Doherty Institute modelling predicts that even with 70 per cent of the population vaccinated, 80 people will die each day from COVID once the outbreak reaches six months after it started. That is 2,240 who will die each month.""",1
"A post claiming that a teacher at a school in Havana, Windhoek, has tested positive for covid-19 has been circulating on social media platforms.",1
A video shows a disappearing needle after a COVID-19 vaccination,1
President Rodrigo Duterte is “angry” at Health Secretary Francisco Duque III and FDA Director General Eric Domingo over the controversy surrounding the drug ivermectin amid the COVID-19 pandemic,1
The mRNA Covid-19 vaccines have not been tested on animals.,1
An image shows a CNN report on an outbreak of cannibalism among COVID-19 vaccine recipients.,1
A comparison of the number of people who purportedly died from COVID-19 over two months with the number of children who died from starvation.,1
Jackie Chan is giving cash handouts to COVID-19 patients.,1
"Vitamin C, vitamin D, and zinc can cure Covid",1
"""The president, as we speak, should be starting and should have started three months ago to put someone in charge of"" planning to distribute COVID-19 vaccines. ""How are you going to distribute the vaccine when it arrives, when it arrives, when it’s there?""",1
COVID-19 vaccines will cause more severe disease through antibody-dependent enhancement,1
The COVID-19 vaccines cause pregnancy complications.,1
"Dick Farrel, a radio host who fervently opposed COVID-19 vaccines and expressed skepticism about the virus, died of complications from COVID-19 in August 2021.",1
"India ranked first in in the Western Pacific region in terms of COVID-19 cases per million population, followed by Pakistan, Bangladesh, Indonesia, Singapore, then the Philippines.",1
Image of a critically ill COVID-19 infected woman hugging her child for the last time before her death,1
Thrombosis is the leading cause of COVID-19 deaths,1
Covid-19 clinic in Toronto lured children to accept a vaccination without parental consent by offering ice cream while police ensured guardians remained outside,1
The COVID-19 pandemic is “effectively over” and there’s no need for vaccines.,1
the video shows members of the Workers’ Party in Singapore shaking hands with supporters during the coronavirus pandemic,1
"Internet personality ""Doc Ron"" claims that COVID-19 vaccines cause the body to destroy itself.",1
Eating morel mushrooms will make you susceptible to coronavirus,1
"Russia exposes Covid-19 with Scientific Data as a Hoax, says its a Fake Pandemic",1
Protesting supporters of Philippine broadcaster ABS-CBN ignoring COVID-19 restrictions,1
The Johnson & Johnson coronavirus vaccine contains cells that originated from aborted human fetuses.,1
“Bill Gates Explains That The COVID Vaccine Will Use Experimental Technology And Permanently Alter Your DNA”,1
"Workers with the Federal Emergency Management Agency are not required to be vaccinated against COVID-19, but are being used to replace health care personnel who are refusing to comply with vaccination mandates.",1
Spike proteins from coronavirus vaccines are dangerous toxins that cause damage in the body,1
Germany has sent China a bill of £130 billion for damages caused to the economy due to coronavirus.,1
"Says Anthony Fauci’s statement that the coronavirus death rate is 10 times that of the seasonal flu is “a claim without any scientific basis.""",1
Sri Lanka's health regulators approved herbal medication as Covid-19 cure,1
COVID-19 has a 99.9 percent recovery rate.,1
"Medicare is paying hospitals $13,000 for patients admitted with COVID-19 diagnoses and $39,000 if those patients are placed on ventilators.",1
U.S. is “really not doing (COVID-19) reporting right” because deaths are being improperly counted and hospitals have an “incentive” to pad stats.,1
"Kim Kyoung-soo, governor of South Korea’s South Gyeongsang province, receives a Covid-19 vaccine shot on his jacket",1
"Video shows ""nurse pass out after receiving the COVID vaccine. It's so safe though, right?""",1
Fake Health Ministry website claiming Covid-19 vaccines at a nominal cost,1
A project engineer who made a microchip that will be implanted in a Covid patient along with the vaccine has warned us not to take it.,1
COVID-19 vaccine does not help the recipient,1
Video shows China lifts ban on Korans during COVID-19 pandemic,1
Italy is highlighted in a social media post to emphasise the importance of staying home during coronavirus by using a photo of multiple coffins to reinforce the message.,1
Video shows people leaving food packets on the road for the poor and needy who cannot earn due to the novel Coronavirus lockdown.,1
"An Instagram post claims Microsoft founder-turned-philanthropist Bill Gates ""admits"" in an interview that a COVID-19 vaccine could kill or injure up to 700,000 people.",1
COVID-19 swabs sterilized with ethylene oxide gas cause cancer and kill people.,1
“Coronavirus cases are plummeting in India thanks to new rules that promote Ivermectin and hydroxychloroquine”; it is a “now-indisputable fact that [ivermectin and hydroxychloroquine] essentially kill COVID-19 within hours or days”,1
Vitamin C protects against coronavirus,1
A Facebook post has been promoting the use of a large intravenous dose of vitamin C to “stop COVID-19”.,1
"A certain Vernon Coleman says, “COVID-19 vaccines are weapons of mass destruction and could end the human race.”",1
COVID-19 vaccines caused 895 serious reactions among military veterans,1
"Chinese officials are seeking approval to start the mass killing of 20,000 people in order to stop the spread of new coronavirus.",1
"Media outlets reported that the same boy died 3 times from the coronavirus, in 3 countries.",1
Virafin might reduce recovery time or hospitalisation period during COVID-19,1
"The rate of teenager deaths in the U.K. increased significantly from 2020 to 2021, coinciding with the timeline of when teenagers in the country began receiving COVID-19 vaccines.",1
"Four Muslim youths in Bhatkal, Karnataka refused coronavirus testing for religious reasons",1
Drinking alcoholic beverages prevents coronavirus infection,1
"""Germany and the United States are the two best in deaths per 100,000 people"" for COVID-19.",1
Chicken infected with Coronavirus was found in Bangalore.,1
Drinking lots of water will eliminate the new coronavirus from your throat.,1
The Covid-19 vaccines put people who have received them in danger if 5G is ‘cranked up’.,1
Demonstrations against Covid-19 laws in Greece and France,1
Video shows tap water tested positive for Covid-19,1
France and Australia suspends Covid-19 vaccine rollout?,1
The deaths of 181 NHS workers have involved Covid-19.,1
"This video shows US official announcing the arrest of a Chinese scientist who ""created"" the new coronavirus",1
Says as president he has “total” authority to re-open states amid the COVID-19 pandemic.,1
"During a July 2021 CNN town hall, U.S. President Joe Biden falsely stated that ""You’re not going to get COVID if you have these vaccinations,"" and ""If you’re vaccinated, you’re not going to be hospitalized, you’re not going to be in the ICU unit, and you’re not going to die.""",1
“This is what Bill Gates and George Soros want to do… secretly stick you with a chip while testing you for the coronavirus... the Dems have a bill on the House floor ready to vote on it to require this.”,1
Mask wearing is statistically insignificant in preventing the spread of COVID-19.,1
Fenugreek Seed Tape Can Cure Throat Infection During COVID-19,1
"""Trump’s New Idea To Profit: ‘$100 COVID-19 Commemorative Coins’""",1
"Italy “went against the WHO's ‘law’” against COVID-19 autopsies and “discovered covid is not a virus, but a bacterium” that “clots the blood and reduces the oxygen saturation.”",1
Says Dr. Anthony Fauci “stands to lose 100 million dollars on Bill Gates ‘vaccine’ for the coronavirus. Because he invested in this vaccine.”,1
"COVID-19 is killing more people than guns, car crashes, and influenza.",1
A study from a renowned US cancer center found that COVID-19 mRNA vaccines could be linked to cancer.,1
COVID-19 vaccines caused miscarriages,1
There were five deaths within 28 days of a positive Covid-19 test in the UK.,1
Video shows maa cremation of people dies due to Covid-19 in Hyderabad,1
Little Girl In The Viral Photo Asking For Prayers Does NOT Have Coronavirus - The Sign In The Picture Is Photoshopped,1
"As of July 17, 2020, Nueces County in Texas had seen 85 positive COVID-19 tests among children aged under 1 year.",1
"""This is the first time in my career ... that there is a consensus among economists left, right, and center"" that ""we can’t spend too much"" on COVID-19 relief.",1
Pfizer added tromethamine to its formulation for the COVID-19 vaccine for kids ages 5 to 11. Tromethamine’s side effects are severe and pose risks to human health.,1
"Dr. Anthony Fauci is ""pushing Remdesivir"" as treatment for COVID-19. ""It was invented by Fauci and Gates.""",1
Fact Check: Did South African Epidemiologist Accurately Predict Nation's COVID Surge?,1
"Italy has concluded Covid-19 is not a virus, and people are actually dying of amplified global 5G electromagnetic radiation poisoning.",1
"""Death toll” of COVID-19 vaccines is more than 20 times higher than that of past vaccines",1
A member of President-elect Joe Biden’s COVID-19 task force recommends “withholding food stamps and rent assistance from those who refuse coronavirus vaccines.”,1
"People who receive COVID-19 vaccines are dangerous, they become a “real carrier of the virus”",1
Copper masks offer better protection than other masks from the novel coronavirus,1
"A new Covid-19 vaccine was tested on fit young military men. Of the 15 tested, 8 went to intensive care, 3 on ventilators and 5 people, four of them servicemen, are dead.",1
Brazilian politician furious over nonexistent COVID-19 patients,1
Seven children in Senegal died after being administered a COVID-19 coronavirus disease vaccine in April 2020.,1
A viral video says that scientific studies support the claim that face masks don't mitigate the transmission of COVID-19.,1
Saint Luke’s Hospital recommends alcohol consumption to reduce the risk of COVID-19 infection,1
"“Thanks to our relentless efforts, 97% of all current emergency rooms visits are for something other than"" the coronavirus.",1
Prince Charles infected with Coronavirus after meeting singer Kanika Kapoor,1
"Actress Mayim Bialik ""refuses to vaccinate"" against COVID-19.",1
Epidemic Of Plane Crashes Linked To COVID-19 Jab,1
A ‘High-Level Exercise’ Conducted 3 Months Ago Showed That A Coronavirus Pandemic Could Kill 65 Million People,1
Accurate graphic over effectiveness of face masks in curbing the spread of COVID-19,1
China Seeks Court’s Approval To Kill 20000 Coronavirus Patients,1
Do COVID-19 vaccines contain exclusive nanotechnology to create a 'slave species'?,1
CT Scan reports representing the lungs of a COVID-19 vaccinated person and others,1
"In the U.S., indigenous peoples are experiencing rates of COVID-19 more than three times higher than that of white individuals.",1
A vaccine is not necessary for COVID-19 because the survival rate is close to 100%.,1
"If Donald Trump had implemented shutdowns a month earlier like Joe Biden suggested, we'd have fewer coronavirus deaths.",1
The Covid-19 vaccine doesn’t stop you transmitting it.,1
The reason the U.S. documented the most COVID-19 cases in the world in 2020 was because it had tested more residents at a faster rate than any other country.,1
Consuming alcoholic beverages may help reduce the risk of infection of COVID-19,1
"“Ivermectin is the only thing we have that treats COVID at all stages […] Ivermectin substantially reduces deaths from COVID and prevents infections”; 50 studies “show ivermectin is not just effective, but highly effective”",1
World Bank lauds Philippine economy during Covid-19 pandemic,1
"The average distance travelled to a Covid-19 test centre is now 5.8 miles, down from 6.4 miles last week.",1
McDonald's announced in Nov. 2020 they were making 'huge changes' to their restaurants due to the COVID-19 pandemic.,1
This photo shows food parcels handed out for the coronavirus lockdown in Rwanda,1
The World Health Organisation (WHO) has accepted an Indian student’s home remedy for the cure of COVID-19,1
Michael Davitt Gaelic Athletic Club offered as a coronavirus field hospital.,1
Covid-19 is no longer classified as a high consequence infectious disease.,1
"""We are rounding the turn (on coronavirus). We are rounding the corner.""",1
"COVID-19 “Cases up only because of our big number testing.""",1
WHO issued proposal for extending lockdowns to control COVID-19,1
Neem leaves can cure COVID-19 and its symptoms,1
There are tens of thousands of unreported deaths from the Covid-19 vaccine in the US.,1
COVID-19 Vaccine contains something magnetic,1
"Zinc, tonic water, vitamin C and vitamin D are recommended to fight Covid-19",1
Five COVID-19 vaccines have lower efficacy than previously announced,1
Pfizer Covid-19 vaccine ‘unapproved’ in Australia?,1
Pfizer-BioNTech's COVID-19 vaccine can cause Neurodegenerative Diseases like Alzheimer.,1
the existence of a fictional pandemic exercise scenario proves that the Covid-19 pandemic is a globalist plot for world domination,1
A 2-year-old baby girl in Virginia died after being given the Pfizer COVID-19 vaccine.,1
"""Biden Admin Releasing Illegal Immigrants Into U.S. Without COVID Testing.""",1
COVID-19 vaccines will make SARS-CoV-2 more dangerous due to a mechanism called antibody-dependent enhancement (ADE),1
"As a result of posting a video containing misinformation about the COVID-19 virus, Donald Trump Jr. (son of U.S. President Donald Trump) was banned from Twitter.",1
FB video by German scientist claiming chlorine dioxide can act against coronavirus,1
A photo that shows protests against coronavirus restrictions in Berlin in August 2020.,1
People who have been vaccinated against the flu in the last 10 years will test positive for COVID-19.,1
CNBC claims COVID-19 survives in air for 8 hours; paper and plastic for 3-4 hours,1
"French president Emmanuel Macron gave a speech saying he will no longer sacrifice “my life, my time, my freedom and the adolescence of my daughters” for people who refuse the Covid-19 vaccine.",1
Photo shows Mahakumbh Mela 2021 being held during the COVID-19 pandemic.,1
The COVID vaccines are considered experimental,1
ACT Party leader David Seymour claims that New Zealand's $6 billion surplus had been reduced to a $1 billion deficit in the space of two years pre-COVID-19.,1
This is how poor Hindus are stranded during the coronavirus lockdown in India.,1
A video claims the answer to COVID-19 is not a vaccine but salt.,1
The government is experimenting on children with the COVID-19 vaccines.,1
Graphene oxide in Covid-19 vaccines manipulated during Astroworld concert,1
"In response to a question in a July 2020 CNN interview about what would happen if a COVID-19 outbreak occurred in schools, U.S. Education Secretary Betsy DeVos said, “You can’t plan for something that hasn’t happened yet.”",1
"RSS has built India’s second-largest Covid care centre in Indore, Madhya Pradesh",1
The Australian government is trying to hide adverse reactions from COVID-19 vaccines. Its data indicates that the vaccines are unsafe.,1
Tennis pro Serena Williams wrote a post saying she is “sick of COVID-19” and sick of “black vs. white”.,1
Health ministry public notice on coronavirus,1
Newspaper accounts reported two different deaths from COVID-19 for the same person.,1
People incarcerated in the U.S. will receive COVID relief checks.,1
Video shows Kamala Harris saying most people who are hospitalized or recently died from COVID-19 are vaccinated,1
Photo shows college students are back in school after COVID-19 outbreak,1
"Face masks intended to stop the spread of COVID-19, including that they violate US labor standards for oxygen deprivation, cloth masks “do not filter anything” and trap carbon dioxide, surgical masks spread germs, and N95 masks expel unfiltered air.",1
The coronavirus can’t be so dangerous because there are no biohazard bins for COVID-19 masks and gloves.,1
People experiencing coronavirus symptoms in Ontario should call 811,1
The Covid-19 vaccines are a mass clinical trial and won’t get to phase 3 trials until 2023.,1
COVID-19 vaccination programs are in breach of the Nuremberg Code.,1
Children and adults have the same chance of getting ill from Covid-19.,1
Video of Muslims challenging government's decision to stop namaaz in mosques in the backdrop of Covid-19.,1
A 2005 study that found that “Chloroquine is a potent inhibitor of SARS coronavirus infection and spread” proves that hydroxychloroquine is effective against COVID-19.,1
Family committed suicide in Surat due to hunger during coronavirus lockdown,1
"Drinking corona kashayam made of Turmeric, Clove, Lemon, and ginger boiled in 1 litre water can cure coronavirus within 24 hours",1
Milkha Singh has passed away due to COVID-19,1
Ivermectin reduces the risk of death from COVID-19,1
Those who have had COVID-19 have natural immunity against the disease and do not need a vaccine. No one should be vaccinated without first testing for COVID-19 antibodies.,1
"President Joe Biden once said he was about to ""swoop down with Special Forces"" and ""gather up every gun in America,"" and now his administration is advertising giving out guns to people who get vaccinated for COVID-19.",1
"A photograph shows a person holding a protest sign claiming that the number of characters in ""Barack Hussein Obama"" add up to the ""19"" in COVID-19.",1
"Under the mayor’s COVID-19 order, Kansas City “churchgoers must register with the government.”",1
This video shows Italian doctors who contracted COVID-19 whilst treating patients?,1
"COVID-19 vaccine recipients will have “trackers” injected into them, causing them to become magnetic.",1
JJ Hospital in Mumbai is giving Covid-19 vaccine to everybody above the age of 45,1
Pictures and reports of “empty hospitals” prove COVID-19 spread is “fake crisis for real government planned agendas.”,1
Ticketmaster is planning a mandatory Covid-19 vaccine verification policy for concert attendance.,1
Coronavirus was found in mutton,1
"Australia suspended its entire COVID-19 vaccination program because it made people seriously ill, caused deaths and made recipients HIV-positive.",1
"The Covid-19 spike protein which the Pfizer vaccine causes an immune response against also trains the body to attack syncytin-1, a protein in the placenta, which could lead to infertility in women.",1
Cardinal Malcom Ranjith Didn’t File A FR Petition Challenging The Cremation Of Catholics Due To COVID19,1
One can light an LED bulb by bring it in contact with the site of COVID-19 vaccination.,1
COVID-19 vaccines are not effective against the delta variant.,1
The CEO of Pfizer has not taken his own COVID-19 vaccine.,1
The government has issued guidelines to ease COVID-19 lockdown in India,1
"“If you are vaccinated against COVID-19, you face no conceivable danger whatsoever from people who have not been vaccinated”; many unvaccinated people “have natural immunity and are less likely to get sick than a vaccinated person from COVID”",1
Women should avoid taking Covid-19 vaccine for five days before and five days after their period,1
Coronavirus lockdown in India extended till 4 May,1
"COVID vaccines contain hydrogel technology that can rewrite memory, replicate itself, make ""transhumans.""",1
Nurses at a hospital doing COVID-19 testing became suspicious when all their tests were coming back positive,1
A map from Johns Hopkins University that shows the spread of COVID-19 contains malware.,1
"claims a vaccine against the novel coronavirus has been used on American cattle ""for years.""",1
HOSPITALS ON LOCKDOWN AS FIRST COVID VACCINE PATIENTS START EATING OTHER PATIENTS,1
US Vice President delivers empty boxes to hospital during coronavirus crisis,1
President Trump gave a talk during the COVID-19 pandemic in which he remonstrated about showers and dishwashers not functioning properly due to low-flow standards.,1
"A ""miracle mineral solution"" (MMS) or drinking bleach can cure coronavirus",1
"In September, ""the vast majority of people (7 out of 10) who died from the COVID-19 virus in the UK were fully vaccinated.""",1
"Photo shows Helen Blythe and her son, who died after COVID-19 vaccination.",1
"People who were undergoing chemotherapy have been told that they should not receive vaccines, and should stay away from people who had received vaccines, and now because of Covid-19 this has all changed.",1
Drinking boiled garlic water will cure COVID-19.,1
"“If you have had a flu shot in the last 3-5 years, you will probably test positive” for COVID-19.",1
The anti-tuberculosis Bacillus Calmette-Guérin (BCG) vaccine protects people against coronavirus infection.,1
Covid-19 kills roughly the same number of people as flu.,1
Ram Mandir trust chief testing positive for COVID-19,1
"A July 2020 letter purportedly sent by the Ohio State Bar Association (OSBA) was accurate in stating that any retailer or manufacturer — including those operating from homes — could be sued for selling or creating COVID-19 protective face masks that were not medically approved, defective, or without proper labeling.",1
Covid-19 can be transmitted between humans and pets.,1
"COVID-19 deaths overblown, and story by Johns Hopkins student paper was censored for reporting that",1
"Biden said he will mandate COVID-19 vaccine, while Trump said he would not.",1
Two drops of lemon juice in your nostrils cure COVID-19,1
"COVID vaccine has killed almost 2,000 and those over 60 should be watched for 20 days.",1
Canada ‘free’ of COVID-19 in August 2020,1
Oxford University Hospital staff attacking COVID patient. Hospital gets Rs 5-7 lakhs for killing 5-7 people everyday,1
PMO has issued an advisory restricting movement of people because of coronavirus,1
The newest Israeli data on COVID-19 infections indicate a complete vaccine failure on every level. The data from Israel shows that nearly all serious cases and deaths are among the vaccinated.,1
"Russian doctors have performed post-mortem examinations on Covid-19 patients and discovered proof that Covid ""does not exist as a virus""",1
Pennsylvania officials are ‘attempting to silence voters’ exposed to COVID-19 by telling them they can’t vote in-person,1
A video shows Illinois men’s gymnast Evan Manivong celebrating a successful vault landing by showing off his COVID-19 vaccination card.,1
"Hospitals get paid more if patients listed as COVID-19, on ventilators",1
"The Centers for Disease Control and Prevention revoked Emergency Use Authorization for coronavirus PCR tests because they were inaccurate, led to false positives and confused positive influenza cases with COVID-19.",1
"Fact-checking a video that claims New York City hospitals are ""murdering"" COVID-19 patients.",1
Samsung Alternative Medicine Institute shared Covid-19 prevention tips,1
Accurate reporting on Pfizer-BioNTech Covid-19 vaccination drive and deaths in Germany,1
Zimbabwe has been ranked among countries that handled COVID-19 best,1
Google and Apple “put a covid tracker on every phone.”,1
Video of the relatives of a patient creating a ruckus as kidneys were robbed from the patient at a hospital in Nagpur on the pretext of COVID-19,1
Picture of massive crowds of devotees during the ongoing Maha Kumbh Mela at Haridwar despite Covid-19 restrictions.,1
A study from Memorial Sloan Kettering Cancer Center found that COVID-19 mRNA vaccines could be linked to cancer.,1
"The $1,200 coronavirus relief checks this year are “just an advance on your next tax return. … Next year, you're automatically going to owe $1,200 come tax season.”",1
"A Facebook post claims Bill Gates, the American billionaire who is supporting research into a COVID-19 vaccine, was in New Zealand at the end of May.",1
"Dr. Creep, a rapper, predicted the 2020 coronavirus pandemic in his 2013 song “Pandemic,” where he sang: “2020 combined with coronavirus, bodies stacking.”",1
People who haven’t had the Covid-19 vaccine are not dying.,1
Says Daniel Radcliffe has the coronavirus.,1
“Queen Elizabeth tests positive for COVID-19.”,1
Blood “starts to clot in a minute or two” after a Pfizer COVID-19 vaccine injection.,1
Pope Francis said that the COVID-19 vaccine is required to get into heaven.,1
Dr. Anthony Fauci and Peter Marks said 40% to 50% of CDC and FDA employees are refusing the COVID-19 vaccine,1
Confirmed COVID-19 cases would have reached 8.2 lakh if lockdown was not imposed as per ICMR study,1
CDC says PCR tests cannot tell between flu and COVID.,1
President Rodrigo Duterte offers to waive his COVID-19 vaccine slot.,1
NSS to withhold payments to personnel until COVID-19 is over,1
"""2,809 Dead Babies in VAERS Following COVID Shots as New Documents Prove Pfizer, the FDA, and the CDC Knew the Shots Were Not Safe for Pregnant Women""",1
"Italy arrested a doctor “for intentionally killing over 3,000 coronavirus patients.”",1
"""A lot of people think that (the coronavirus) goes away in April with the heat.""",1
Ghana's total confirmed cases of coronavirus is 1064,1
"The drug hydroxychloroquine is an effective preventative and treatment for COVID-19, and it is safe for people to take.",1
"""Why are yall wearing a mask? Even the box is saying it doesn't protect against covid19.""",1
"Margaret Keenan, the first recipient of the Pfizer/BioNTech COVID-19 vaccine in December 2020, was featured in a news report two months earlier, providing evidence of wrongdoing or deception.",1
"Germany halts all COVID-19 vaccines, says they are unsafe & no longer recommended.",1
Amitabh Bachchan recorded a video message for doctors of Nanavati hospital after he was hospitalised post testing COVID positive,1
Covid-19 vaccines have not been tested and there are no medical studies underlying them.,1
COVID-19 Means 'See A Sheep Surrender' In Latin,1
The media has been told when future Covid-19 variants will be 'released',1
Florida has no restrictions or mask mandate and does not have a spike in Covid-19 cases or deaths,1
Video shows North Korean TV announcing execution of Covid-19 patient,1
"“It is about some groundless accusations. In fact, this Russophobic obsession could be expected to fade under the current situation, but it doesn’t seem to be fading,""",1
"Teenage climate activist Greta Thunberg appeared on a CNN ""expert panel"" in a program about the COVID-19 coronavirus pandemic.",1
Nigeria is COVID-19 free,1
An official government poster from Ireland’s Health Products Regulatory Authority says sudden death is a side effect of the COVID-19 vaccines.,1
"The Centers for Disease Control and Prevention (CDC) announced that COVID-19, a disease caused by the coronavirus, had been found in toilet paper, and that people should use wet cloths instead.",1
An Ohio doctor died from a COVID-19 vaccine.,1
Scientific study finds semen a cure for COVID-19,1
"COVID-19 vaccines are dangerous, there is complete documented evidence showing that they cause a lot of adverse effects and deaths that the media does not report",1
Video shows police crackdown during COVID-19 lockdown in Spain,1
The 'left' exposed President Trump to COVID-19 during the Sept. 29 presidential debate,1
"The Chief Medical Officer, Chris Whitty, plans for the current rate of Covid-19 infections and deaths to continue.",1
Rusian President Vladimir Putin's daughter died after taking a second shot of COVID-19 vaccine,1
A cheap and widely available drug can save the lives of patients seriously ill with coronavirus.,1
Pfizer-BioNTech’s COVID-19 vaccine contains graphene oxide,1
Bill Gates: “The Corona/Covid-19 Virus… is sent to remind us of the important lessons that we seem to have forgotten and it is up to us if we will learn them or not.”,1
"“While all COVID-19 news has been going on, the U.S. Government has been sneakily trying to remove end-to-end encryption” which means “the government will be able to see all of your messages and listen to all of your calls.”",1
As many as one million girls across sub-Saharan Africa may be blocked from returning to school due to pregnancy during Covid-19 school closures.,1
Test for Covid-19 by holding your breath,1
Pfizer acknowledges on its own information line that its COVID-19 vaccine has not been fully approved or licensed by the U.S. Food and Drug Administration.,1
COVID-19 vaccines are associated with prion disease,1
A video shows a group of young children in China wearing hazmat suits to protect them against COVID-19.,1
"Indians are throwing away religious statues in the river for not protecting them against COVID-19, according to a set of photos that circulated on social media.",1
“There should be no coercion to take an injection of experimental gene modification technology by implementing travel apartheid.”,1
Staff test positive for COVID-19 at a Pakistani bank branch in Rawalpindi,1
Pakistani hospital uses COVID-19 isolation ward to treat non-related ailments,1
"People who are vaccinated for the coronavirus “cannot spread it to you.""",1
"Messenger RNA COVID-19 vaccines aren't real vaccines, vaccination will turn body into 'virus-making factory'",1
Tanzanian president John Magufuli was murdered due to his views on COVID-19.,1
"U.S. President Trump acknowledged that COVID-19 is deadlier than the flu in early February 2020, but continued to downplay the pandemic as ""like the flu"" in public.",1
Put a small pea-sized amount of antibiotic ointment like mupirocin inside your nostrils. The ointment will kill any infectious germs when you breathe and should kill the coronavirus before it gets to your lungs.,1
Social media posts falsely claim Japan named Covid vaccine ...,0
Fact Check: CDC Study Does NOT Prove Pfizer COVID Vaccine ...,0
"FACT CHECK: No, Dutch Government Official Did Not Say COVID-19 Pandemic Was A ‘Military Operation’",0
Claims vaccine company CEO didn’t get the COVID jab are false,0
"No, ivermectin still isn’t an effective COVID-19 treatment",0
Warning related to the 2022 COVID-19 Wave Falsely Shared as Recent from December 2024,0
Fox News commentator did not die of 'turbo cancer',0
Fact Check: 'Pro-Vaccine' Surgeon Did NOT Die Of COVID-19 Vaccine-Related Heart Attack,0
COVID-19 vaccine manufacturers produced more than 11 billion doses in 2021,0
"Misleading to say brain clots ‘112,000% more likely’ after COVID vaccine than flu shot",0
Claim Fox News commentator Kelly Powers died from cancer caused by COVID-19 vaccines is unfounded,0
No studies show COVID-19 vaccine raises heart attack risk by 500% | Fact check,0
Post mischaracterizes Dr. Oz comments on child deaths during the pandemic | Fact check,0
Fauci hasn't just now acknowledged vaccine risk of myocarditis,0
"Fact Check: COVID-19 Vaccines Were NOT Manufactured By Military Contractors, But By Pfizer And Moderna",0
"39,000 Danes did not report nervous system damage from vaccine",0
"No, German study did not find COVID vaccines increase cancer risk for kids",0
Dr. Oz Said Reopening Schools During Pandemic Would Be Worth 2%-3% More Kids Dying?,0
FALSE: A study about sudden deaths from COVID-19 vaccines that was censored by The Lancet has been peer-reviewed and finally published,0
Fact Check: Cleveland Clinic Did NOT Say mRNA COVID Vaccine Will Cause 'Mass Deaths' Within 5 Years,0
"Flawed analysis by Peter McCullough and others used to promote baseless claim that brain blood clots “112,000% more likely” after COVID-19 vaccine than flu vaccine",0
Japanese government didn’t declare COVID-19 mRNA vaccines to be deadly,0
Soros and Gates did not own Mologic before the COVID-19 pandemic,0
"No, Japan has not named COVID-19 vaccine a deadly drug",0
False claim Japan named COVID-19 shot ‘most deadly drug’ | Fact check,0
Computational study didn’t demonstrate that COVID-19 vaccine boosters increase mortality in care homes,0
FACT CHECK: ‘Insomnia cure’ ad used fake quote and post of ex-COVID-19 task force adviser,0
WHO database does not link mpox to COVID-19 vaccine | Fact check,0
Northern Ireland care system: has the number of children in care increased by 17% since the start of the pandemic?,0
"Florida’s 2024-2025 COVID-19 Vaccine Guidance Misunderstands, Distorts Existing Science",0
"No, Supreme Court hasn’t ruled COVID-19 vaccines cause ‘irreparable’ damage | Fact check",0
Claim COVID virus has never been isolated is ‘entirely false’,0
Fact-checking Donald Trump’s claims about the 2020 election during Joe Rogan interview,0
"No, Japan has not declared a state of emergency after ‘nanobot discovery’ in COVID vaccines",0
False claims about vaccine deaths resurface after Port Hedland council passes motion,0
Peter McCullough misleads again about the benefits and risks of COVID-19 vaccines in viral interview,0
Walz Didn't Order Police to Shoot Paintball Guns at Residents Who Violated COVID-19 Lockdown,0
Video of US duo’s 2011 performance was digitally altered with hoax Covid-19 prediction,0
PTI Fact Check: 2020 video of Salman Khan released during COVID-19 lockdown falsely shared with claim that he threatened Lawrence Bishnoi,0
UKHSA posts graphs based on non-existent data – Full Fact,0
Peter McCullough’s claim that COVID-19 vaccines might have caused rise in sudden deaths relies on flawed analysis,0
Fact-check: Moderna didn't say mRNA COVID-19 vaccines cause cancer,0
Claims that Covid vaccines cause early-onset breast cancer are unsubstantiated,0
"No, wearing a mask used for COVID-19 will not protect you from chlorine in the air",0
FACT CHECK: No evidence that COVID-19 vaccine causes cancer,0
Police didn’t enforce Walz COVID-19 lockdowns with paintball guns,0
"FACT CHECK: Kamala Harris Falsely Claims Donald Trump Lost 200,000 Manufacturing Jobs Before Pandemic Started",0
Hurricane Helene: Biden clip about COVID-19 vaccination from 2021,0
Trump's Problematic Claims on the Auto Industry,0
You can order four more free COVID testing kits from government,0
Claimed link between mpox and COVID vaccines is ‘scientifically baseless’,0
Harris Posted Tweet Thanking Diddy for Hosting Town Hall?,0
Higher COVID-19 death toll under Biden than Trump reflects longer presidential term spent managing the COVID-19 pandemic,0
"Yes, you can get the COVID-19 vaccine and the flu shot at the same time",0
CNN headline claiming Democrats need Covid vaccine to vote is fake – Full Fact,0
Posts Sharing Mpox Misinformation Recycle Claims from Prior Viral Outbreaks,0
Post wrongly claims COVID-19 deaths under Trump topped 1M | Fact check,0
WEF did not admit COVID-19 was a 'test of public obedience' to a new world order,0
Fact Brief: Has Arizona experienced a summer spike in COVID-19 cases?,0
VP Duterte’s claim on Davao City’s COVID funds needs context,0
Fact Check: Covid Conspiracists Say Leaders Have Admitted Virus Was 'Test',0
Fact Check: 2024 Paper On mRNA COVID-19 Vaccines Is NOT Valid Scientific Study; Expert Calls It 'Amateurish Gibberish',0
Viral chain message claiming COVID-19 apps can track phone contacts without their consent is misleading,0
"No, Alex Jones wasn’t fined for COVID-19 'crimes’ warning | Fact check",0
Video of Kathy Hochul suffering with facial paralysis is fabricated | Fact check,0
Alex Jones was fined 1.5 billion dollars for defaming families of Sandy Hook shooting victims; no evidence he was fined for warning about “Covid crimes”,0
Website draws false conclusions about COVID booster analysis,0
How to get a free COVID-19 vaccine in 2024,0
A video of a mass hysteria incident from a Nepali school is falsely attributed to Andhra Pradesh.,0
Posts falsely linking AstraZeneca Covid vaccine to mpox resurface after recent surge,0
Mpox isn’t misdiagnosed shingles – Full Fact - Monkeypox,0
People experiencing homelessness died more frequently from COVID-19 than the general population,0
"No, Harris Didn't Say All Democrats Will Be Required To Take COVID-19 Vaccine in Order To Vote",0
Posts falsely link mpox with Covid vaccines,0
Mpox is no hoax and COVID-19 vaccine has nothing to do with it,0
"No, COVID vaccines do not contain methylmercury – Australian Associated Press",0
Doctor makes misleading Covid vaccine claims on Diary of a CEO ...,0
Doctor makes misleading Covid vaccine claims on Diary of a CEO ...,0
Fact Check: 2023 video of Trump talking about new variant of Covid ...,0
"Experts say 35m deaths from flawed extrapolation, not COVID-19 vaccines",0
Viral US breast cancer stats misinterpreted – Full Fact,0
COVID-19 face mask study findings misinterpreted online ...,0
NHS data doesn’t support Epoch Times’ claim that myocarditis only occurs after COVID-19 vaccines,0
Article didn't link rising cancer rates to vaccines | Fact check,0
Still No Evidence COVID-19 Vaccination Increases Cancer Risk ...,0
Explaining the New CDC Guidance on What To Do if You Have ...,0
Rothschild did not secure a patent for a COVID-19 test in 2015 or 2017,0
COVID Vaccine Study Prompts Misleading Claims About Potential Side Effects,0
"Study Largely Confirms Known, Rare COVID-19 Vaccine Side Effects",0
'Hidden' COVID data is freely available online – Australian ...,0
Claim high pH foods curb COVID is a lemon,0
Posts Misrepresent Mouse Study of Pangolin Virus,0
Chinese lab didn’t create 100% lethal ‘mutant COVID-19 strain’,0
Zero-COVID Policy's Impact in China Is Contrary to Progressing ...,0
Fact Check: German Scientists Did NOT Uncover Evidence That EU Pfizer-BioNTech Batches Included Placebos,0
Senate hearing used to propel vaccine DNA fears,0
Covid vaccine misinformation resurfaces after China's winter surge in respiratory illnesses,0
Faulty Science Underpins Florida Surgeon General’s Call to Halt ...,0
Data debunks daft child vaccine deaths claim – Australian Associated Press,0
Assessing Claims About a Supposed Investigation Into the Former Italian Health Minister,0
Faulty Science Underpins Florida Surgeon General’s Call to Halt ...,0
"Yes, you can now order more free at-home COVID-19 tests from the federal government",0
"COVID-19 Vaccines Save Lives, Are Not More Lethal Than COVID-19",0
'Get Covid and live longer'? Boris Johnson's WhatsApp at Covid ...,0
The Covid vaccines are not 'poison' – Full Fact,0
"Claims that Matthew Perry died because of COVID-19 vaccine are unfounded, lack evidence",0
Covid vaccine project using fragments of HIV was cancelled in 2020 ...,0
"Fact Check: Peter McCullough Cites Discredited Papers, Recirculates COVID-19 Falsehoods In September 13, 2023, Speech",0
White House Emails Prove Biden 'Hid Deadly COVID Jab Risks from Public'?,0
A new study doesn't show Pfizer's COVID vaccine causes 'VAIDS',0
There is no connection between rising COVID cases and elections ...,0
CDC data does not show that 99% of COVID-19 deaths were due to ...,0
The CDC didn't say vaccinated people are more at risk of a new ...,0
Fake CDC 'COVID health advisory' post is copypasta,0
Conspiracy theorist spreads false information about the return of ...,0
Government spent much more than £18bn on the Covid health ...,0
"Covid vaccines do not cause meat allergy, experts say",0
"WHO Director-General Is Vaccinated Against COVID-19, Contrary to ...",0
RFK Jr.’s COVID-19 Deceptions,0
Florida leprosy cases highlighted in recent report aren't linked to ...,0
Ditch the detox. The spike proteins produced from COVID-19 vaccination aren’t toxins.,0
No Support for Viral Claim That COVID-19 ‘Lockdowns’ Are ...,0
"No, COVID vaccines don’t contain nanotechnology that can be programmed via 5G wireless networks",0
Covid isn't fake – Full Fact - Coronavirus,0
RFK Jr.’s COVID-19 Deceptions,0
"No, Europe has not stopped offering COVID-19 vaccines",0
"No, 'monkey virus DNA' was not found in COVID vaccines",0
Cleveland Clinic Study Did Not Show Vaccines Increase COVID-19 ...,0
Video Distorts Early Coronavirus Research To Promote Baseless Bioweapon Conspiracy Theory,0
Posts misrepresent Israeli data on COVID-19 deaths in young people,0
Fact Check: Video Does NOT Prove COVID-19 Spike Protein Replaces Sperm In Men,0
Mirror wrong to say NHS standards 'since Covid' behind excess ...,0
Posts misrepresent research on multiple sclerosis and COVID-19 ...,0
CDC did not recall Johnson & Johnson COVID-19 vaccine | verifythis.com,0
Viral headline twists study about ventilators and COVID-19 deaths,0
Ivermectin’s race is run as studies all point to the same conclusion,0
UK's worst week for Covid-19 deaths far worse than viral post claims ...,0
"German study looked into COVID's impact on the brain, not vaccine ...",0
The WHO has not declared the Covid-19 pandemic over – Full Fact,0
Animal studies included in Pfizer COVID-19 vaccine approval application showed no signs of reproductive toxicity,0
NHS Covid tracing app did not cost £37bn – Full Fact,0
Is Nikki Haley right that $500 billion in COVID-19 funding could be rescinded? It’s not that simple,0
Did people in India burn down the 5G tower?,0
"No, DOD didn't contract for COVID research before pandemic",0
"Fewer Cases of Flu Due to Pandemic Precautions, Contrary to Viral ...",0
"Fact Check: No, Swiss govt Did NOT order 'immediate halt' to Covid-19 vaccination",0
Posts Exaggerate Lab Findings About COVID-19’s Impact on ...,0
Report doesn’t prove COVID-19 vaccines caused excess deaths,0
Covid-19 is not a 'simple flu' – Full Fact - Coronavirus,0
Anti-vaccine advocates mislead on British boy's death,0
"No Evidence Scientists Received Grant for Changing Opinion on Pandemic Origins, Contrary to Claims",0
"Spike in deaths in Australia from COVID illnesses, not vaccine",0
No evidence supports the use of medicinal plants mullein and marshmallow to cure or mitigate COVID-19,0
Fact Check: Case Study Does NOT Prove Pfizer COVID Vaccine Linked To Fivefold Increase In Cancer Biomarker,0
Fact Check: Bill Gates’s ‘Uncomfortable’ Interview Over Covid Vaccines Is Edited,0
"Hospital COVID payments tied to patient treatment, not deaths",0
"Russia is replenishing COVID-19 vaccines, not destroying them",0
"Deaths rise in New Zealand due to COVID, demographic shifts",0
Still No Determination on COVID-19 Origin,0
WEF egg ban claim is simply crackers – Australian Associated Press,0
Mouth cancer rates not increased by Covid-19 test swabs – Full Fact,0
"Fact check: COVID-19 mRNA vaccines cannot cause the disease, don't have live virus",0
Posts Falsely Claim CDC Official Admitted COVID-19 Vaccines ...,0
What the Cochrane Review Says About Masks For COVID-19 - and ...,0
Fauci: recent paper doesn’t suggest COVID vaccines ineffective,0
"Fact Check: Moderna CEO Did NOT Admit Company Produced 100,000 COVID-19 Vaccine Doses In 2019",0
‘Bombshell’ 5G COVID studies tank upon closer inspection,0
COVID-19 vaccines don't contain HIV,0
Georgia school form on sudden cardiac arrest risks isn’t new,0
Posts falsely claim Malaysia mandates second Covid booster as China tourist influx expected,0
UK not banning COVID-19 vaccines for people under 50,0
Claims linking COVID vaccinations to ICU admissions are misleading,0
Covid death rates were not a 'lie' – Full Fact - Coronavirus,0
Covid death rates were not a 'lie' – Full Fact - Coronavirus,0
Claims baselessly link COVID vaccines to athlete deaths,0
Mask mandates did not immediately control a Covid-19 wave in ...,0
Moderna vaccine claim gets a jab of truth,0
"Fact Check: GoodSciencing.com List Contains Obvious Non-Cardiac, Non-Vaccine Related Cases of Dead Or Collapsed Athletes",0
Is sharing Covid-19 information on social media a punishable offence?,0
COVID treatments weren't suppressed to OK vaccines' emergency use,0
Combination COVID and flu test does not prove they are the same ...,0
Old Video of Doctor Spreading Covid-19 Misinformation Revived | BOOM,0
Sharing Any COVID-Related Info in WhatsApp Groups Punishable? Here’s The Truth Behind Viral Message,0
Unvaccinated camps are a COVID conspiracy – Australian ...,0
"Article misrepresents CDC data, falsely links deaths to COVID ...",0
"Grant Wahl died from a ruptured aortic aneurysm, not a COVID-19 vaccine",0
World Cup reporter's fatal heart condition unrelated to COVID vaccine,0
"Fact Check: Pharmacists, Doctors Do NOT Rely Solely On Blank Page In COVID-19 Vaccine Package In Deciding Whether To Inoculate",0
Country Singer's Death Not Related to COVID-19 Vaccine,0
Patent application doesn't show COVID test was developed in 2015,0
COVID-19 PCR tests are not human cloning devices,0
Covid-19 is not 'a lie' – Full Fact,0
Covid-19 is not 'a lie' – Full Fact,0
Fact Check: UK Medicines Regulator Does NOT Confirm COVID Is Man-Made; Vaccines Were NOT Made With Computer-Generated DNA,0
"COVID-19 Vaccines Reduce, Not Increase, Risk of Stillbirth",0
"Bodybuilder Died from COVID-19, Not the Vaccine as Social Media ...",0
Deaths due to SADS aren't covering up 'genocide' caused by Covid ...,0
COVID strain developed in lab less lethal than original virus,0
Posts mislead on Pfizer COVID vaccine's impact on transmission,0
Fact Check: Trudeau Did NOT Drop Vaccine Mandate Because 9 In Every 10 COVID-19 Deaths Have Been Among the Vaccinated,0
Posts continue to misrepresent VAERS COVID-19 vaccine data,0
Viral Posts Spin Falsehood Out of Denmark's COVID-19 Booster Drive,0
Scrabble picture is wrong to say Covid-19 doesn't exist – Full Fact,0
Fact check: World Health Organization chief Tedros Ghebreyesus is vaccinated against COVID-19,0
Denmark didn’t ‘ban’ COVID-19 vaccines for children,0
"Analysis of Dutch cities’ mortality doesn’t show that COVID-19 vaccines increase the risk of death, contrary to Alex Berenson’s interpretation",0
Analysis | Fact-checking Trump’s new campaign-style video,0
Study on COVID vaccination and contagiousness misrepresented,0
False claim about COVID-19 vaccine animal studies circulates anew,0
Fact check: No tie between COVID-19 vaccine and Toronto doctor deaths,0
Misrepresentation of Germany’s Data on Unverified COVID-19 ...,0
COVID-19 vaccines don’t contain scopolamine,0
Trump did not issue statement on Biden's COVID-19 diagnosis,0
"Shinzo Abe Killed Over Japanese COVID Policies? No, Viral Claim Lacks Evidence",0
Comparisons between new COVID variants and measles are ...,0
Fact Check: Does Pfizer COVID Vaccine Lower Sperm Quality?,0
Posts distort data on Pfizer COVID-19 vaccine and pregnancy,0
Unvaccinated people are still dying from Covid-19 – Full Fact,0
COVID-19 vaccines didn't cause monkeypox outbreak,0
"The benefits of COVID-19 vaccines in preventing severe disease and other complications outweigh the risk of myocarditis, which is higher after COVID-19 itself",0
FACT CHECK: Did The UK Government Create This Poster Offering Financial Compensation For Those Who Were Injured By The COVID-19 Vaccine?,0
Number of death certificates with only Covid-19 is a bad estimate of ...,0
Number of death certificates with only Covid-19 is a bad estimate of ...,0
Number of death certificates with only Covid-19 is a bad estimate of ...,0
Number of death certificates with only Covid-19 is a bad estimate of ...,0
Stew Peters film ‘Watch the Water’ ridiculously claims COVID-19 is snake venom. That’s Pants on Fire,0
GB News interview features misleading claims about Covid-19 and vaccines – Full Fact,0
The UK's Covid 'survival rate' is lower than 99.972% – Full Fact,0
"Fact Check: US Government Did NOT Secretly Pay Major Media Outlets To Promote COVID Vaccines, Suppress Negative Coverage",0
Evidence Still Lacking to Support Ivermectin as Treatment for COVID ...,0
Claim that COVID-19 deaths have been “vastly overcounted” is baseless; the evidence suggests the opposite,0
Video of US planes that fight wildfires shared in Indonesian misleading posts about 'spreading Covid',0
Claim TGA now backs ivermectin is a losing bet,0
Is there a 50% chance of hospitalisation with Omicron if you don't get a COVID-19 booster jab?,0
Maajid Nawaz got Covid-19 facts wrong on the Joe Rogan podcast – Full Fact,0
Maajid Nawaz got Covid-19 facts wrong on the Joe Rogan podcast – Full Fact,0
Fact Check: CDC Is NOT Collecting DNA Through COVID-19 Test Samples,0
Conspiracy Theorists Link Voldemort With COVID-19 Pandemic | BOOM,0
Washington Post overstates prevalence of long Covid – Full Fact,0
Qantas CEO pie video unrelated to Covid-19 vaccine mandate,0
Bill Gates didn’t say all Covid-19 vaccines should be withdrawn – Full Fact,0
"No, COVID-19 vaccines aren’t driving an increase in deaths",0
Donald Parham Did Not Have a Heart Attack During a Match After Receiving the COVID Vaccine | Misbar,0
Higher number of reported Covid-19 deaths down to backlog – Full ...,0
"No, Pfizer Does Not Own Neil Young's Music Catalog",0
Claims Covid-19 vaccines have led to five times more deaths than other vaccines are based on false assumptions – Full Fact,0
Dan Wootton and David Davis make incorrect claims about Covid ...,0
"Chlorine Dioxide Is Not A 'Covid-19 Treatment', Experts Warn Of Risks | BOOM",0
Fact Check: Meme Does NOT Paint Accurate Picture Of Effectiveness Of COVID-19 Vaccines,0
Nurse peddles baseless claim that COVID treatment remdesivir is ...,0
Fact Check: NO Evidence That Purpose Of COVID-19 Vaccines Is To 'Kill Off A Large Proportion Of The Population',0
Dozens of viruses aren't causing positive COVID-19 tests,0
An Instagram post underestimates Covid-19 deaths among younger people – Full Fact,0
This graphic has been doctored to include a fabricated quote from Leni Robredo,0
"Italy Has Not Found The Cure For Coronavirus, Nor Is It A Bacteria",0
"Labeled swabs in photo are for quality control, not a sign COVID-19 tests are fixed",0
Spanish politician misidentified in posts saying soccer players should find novel coronavirus cure,0
"This video of a man escaping health and police officials is from Kerala, not Telangana",0
Joe Rogan interview with Peter McCullough contains multiple false and unsubstantiated claims about the COVID-19 pandemic and vaccines,0
Internet providers offer free internet amid coronavirus,0
"Image shows Brazil’s president crying, not Italy’s prime minister",0
Did CDC Tell Parents To Prepare for 'Sudden Sleepover' at Schools Due to COVID-19?,0
Fake CNN Report: COVID Vaccine Recipients Become Cannibals,0
No evidence that COVID-19 vaccines cause more severe disease; antibody-dependent enhancement has not been observed in clinical trials,0
Fact Check: Amitabh Bachchan visited Haji Ali dargah after recovering from Coronavirus is FALSE,0
More than 30 people are allowed to protest – Full Fact,0
Child health concerns didn’t prompt new Pfizer vaccine ingredient,0
Fact Check: Drinking alcohol can impair immunity but it won't protect you against COVID-19,0
No Entry Restrictions for Unvaccinated People in Kuwait | Misbar,0
Fact Check: Video Does NOT Prove A Microchip Reader Used For Pets Found A Chip In A Vaccinated Woman's Arm,0
An old image is being shared as ‘COVID-19 infected woman hugged her child for the last time before death’,0
"Were NSW's coronavirus numbers higher than Victoria's thresholds for lifting curfew, as Scott Morrison said?",0
This photo has circulated online since 2019 in reports about gun violence -- it does not relate to the coronavirus pandemic,0
School Textbook Lists Cure For Coronavirus? A FactCheck | BOOM,0
Coronavirus pandemic is not ‘effectively over’ as op-ed claims,0
Did Australian Stores Ban Chinese Customers Due To COVID-19? | BOOM,0
Fact check: India's COVID-19 surge not connected to vaccinations,0
Fact check: Morel mushrooms do not increase coronavirus susceptibility,0
Blog post wrong on what Bill Gates said about COVID vaccine,0
VERA FILES FACT CHECK: Post on PH having ‘fewer’ COVID-19 cases vs Italy MISLEADING,0
Inaccurate Covid vaccine ‘Q&A’: fact checked – Full Fact,0
Experts reject claim that supplements can counter Covid-19 vaccines,0
Fact check: Posts on WHO's stance on vaccinating children lack context,0
Health authority dismisses claim Canadian child died after Covid-19 vaccination,0
False claim circulates on Facebook in Myanmar that chewing betel quid can prevent Covid-19 infection,0
"PCR tests for COVID-19 are specific for the novel coronavirus SARS-CoV-2 and do not detect other coronaviruses, contrary to claims in viral article and video",0
"Posts mislead about coronavirus response in Canada, Japan, Germany",0
"Claims about Russia, Covid-19 and 5G are almost all false – Full Fact",0
An Australian professor didn’t say Covid-19 vaccines aren’t vaccines – Full Fact,0
Philippine health experts dismiss misleading online claim that tinospora crispa plants can treat novel coronavirus,0
Ron Paul wrong to say no basis for coronavirus death rate,0
False posts claim Sri Lankan regulators approved traditional medicine as Covid-19 cure,0
"COVID-19 Variants Named After Greek Letters, Not Military Code | Misbar",0
"No, the President hasn't suspended rentals during lockdown",0
This video has circulated online since at least 2013 and shows people receiving Bibles,0
Claim that Florida is undercounting COVID-19 deaths uses flawed comparison,0
"No, Food Donations Were Not Made In Turkey During COVID-19 'Lockdown' | BOOM",0
There’s no sign the COVID vaccines’ spike protein is toxic,0
"Chiropractor Again Peddles False, Misleading COVID-19 Claims",0
Was 'Curb Your Enthusiasm' Filming Season 11 During COVID-19 Pandemic?,0
"Flawed Paper on COVID-19 Vaccines, Deaths Spreads Widely Before Retraction",0
WebQoof Recap: Trolls Target Safoora; Experts on AC During COVID,0
"No, the BBC didn’t interview a ‘crisis actor’ in a news report",0
FALSE: COVID-19 vaccines ‘weapons of mass destruction’,0
Fact Check: President Donald Trump Claims Coronavirus Only Affects Elderly With Comorbidities,0
Fact Check: Dermatopathologist Ryan Cole Does NOT Back With Data His Claim That Pfizer Vaccine Weakens Patients' Immune Systems,0
Fact Check: The post claiming tonic water and zinc will kill COVID-19 is misleading - Vishvas News,0
Ivermectin has not been approved as a Covid-19 treatment in South Africa,0
Unsupported claim that COVID-19 vaccines caused hundreds of serious reactions among military veterans misuses VAERS reports,0
Fact Check: Bogus info about govt spraying chemicals to kill coronavirus goes viral,0
No evidence of Coronavirus in chicken is found. It's a fake message.,0
There is no graphene oxide in the Covid-19 vaccines – Full Fact,0
VERA FILES FACT CHECK: Conspiracy theories on COVID-19 vaccines having microchips revived,0
Tromethamine in the Pfizer-BioNTech COVID-19 vaccine for children acts to improve the stability of the vaccine; it isn’t in the vaccine as a heart medication,0
Video From Lahore Passed Off as COVID-19 Norms Flouted in Delhi,0
Facebook posts promote false conspiracy that coronavirus testing patent was submitted in 2015,0
VERA FILES FACT CHECK: Salty and sour foods DO NOT cause SARS-CoV-2 to ‘explode and dissolve’,0
COVID-19 variants tested through genome sequencing,0
MISSING CONTEXT: 10 dead in Germany after receiving Pfizer vaccine,0
Testing by Canadian doctor does not prove Covid-19 shots cause clots,0
Antibiotic ointment not effective against COVID-19,0
Does Video Show Chinese Children Wearing Hazmat Suits?,0
Is the government 'sneakily' trying to change encryption rules?,0
Fact Check: Bill Gates Did NOT Write Open Letter Saying COVID-19 Reminds 'We Are All Equal',0
FACT CHECK: Does The Pfizer COVID-19 Vaccine Contain Graphene Oxide?,0
Fact check: Trump could have been exposed to COVID-19 before debate,0
COVID-19: Old Video from Azerbaijan Shared as Lockdown in Spain,0
VERA FILES FACT CHECK: COVID-19 vaccines are NOT dangerous,0
Did 85 Babies Under Age 1 Test Positive for COVID-19 in Single Texas County?,0
Ohio doctor didn’t die from COVID-19 vaccine,0
Irish agency says poster listing ‘death’ as COVID vaccine side effect is fake,0
‘Russophobic’: Kremlin Denies Evidence of Russian COVID-19 Disinformation Campaign,0
This video has been falsely subtitled to claim North Korea executed a Covid-19 patient,0
Posts mislead on Pfizer’s new COVID-19 vaccine formula,0
Viral Video of Amitabh Bachchan Thanking Nanavati Medics is Old,0
"Facebook post about Italy, coronavirus and 5G is almost all false – Full Fact",0
"VERA FILES FACT CHECK: Anti-vax doctor, ex-education Usec peddle falsehoods about COVID-19 jabs",0
Germany Did Not Halt COVID-19 Vaccines nor Claim They Are Unsafe | Misbar,0
The Covid-19 vaccines have not only been tested on healthy people as claimed – Full Fact,0
"No evidence to support these 'statistics' about effectiveness of face masks, expert says",0
Fact Check: Did Gavin Newsom Develop Bell's Palsy in Reaction to Booster?,0
Misleading claim circulates about the accuracy of COVID-19 tests in Australia,0
This CT Scan report does not represent the lungs of a COVID-19 vaccinated person,0
Old video recirculates online in misleading posts about Philippine economy during Covid-19 pandemic,0
"No scientific evidence that neem leaves can 'cure’ COVID-19 and its symptoms, doctors say",0
Why No Ads for COVID-19 Vaccines? (Hint: It Has Nothing To Do with Side Effects),0
Scientists warn against over-the-counter coronavirus ‘cures’,0
Fact Check: 2019 video of Swachh Sabarmati mission shared as Hindus destroying idols during Covid,0
"Cloth masks do not stop smoke particles, still effective against COVID-19",0
"Fact Check: Cattle vaccine not related to COVID 19, Misleading post getting viral - Vishvas News",0
Are US Schools Closing Again Due To Rising COVID-19 Cases? A Fact Check | BOOM,0
Trump’s False Claims About His Response to the Coronavirus (Published 2020),0
Canadian doctors make inaccurate Covid-19 claims in video,0
Facebook post cites doctors’ widely disputed calculations on COVID-19 death rate,0
More than 10 people are dying of Covid-19 each week in the UK – Full Fact,0
Message Claiming Coronavirus Can Last Up To 8 Hours In Air Is Misleading | BOOM,0
2019 Photo From Prayagraj Shared As Kumbh 2021 Amid COVID-19 Surge,0
Fact check: COVID-19 vaccine isn’t advertised on TV due to emergency authorization,0
Viral video misidentifies COVID-19 patient as Canadian PM’s wife,0
"No, The Simpsons Did Not Predict Delayed COVID-19 Vaccine Rollout | BOOM",0
Did Trump Say 'Nobody Likes Me'?,0
COVID-19 Vaccines Don't Have Patient-Tracking Devices,0
Covid-19 vaccines do not contain DNA-altering robots,0
A comparison of daily deaths from Covid-19 and non-Covid causes is incorrect – Full Fact,0
Doctor Makes False Claim About Stillbirths in Canadian Hospitals,0
"Fact Check: Govt Is Giving Rs 1.5 L to Municipality for each Covid patient? NO, viral claim is fake",0
Misleading video portrays EAM Jaishankar meeting G7 delegates after COVID scare,0
The Wuhan Lab and the Gain-of-Function Disagreement,0
This video of Indonesian officials dancing was taken before the country detected its first Covid-19 case,0
Madhya Pradesh’s largest COVID-19 care centre was not built by RSS,0
Donald Trump’s false claim that COVID-19 is less deadly than the flu,0
Vaccine being developed for COVID-19 won’t alter a person’s DNA,0
Research suggesting increased Covid-19 risk for dog-owners may be barking up the wrong tree – Full Fact,0
Back-to-school claim misuses 2017 Chinese seniors photo,0
"Unvaccinated individuals now account for the vast majority of COVID-19 hospitalizations and deaths in the U.S., according to available data",0
The evidence shows surgical masks do offer protection from Covid-19 – Full Fact,0
The Nuremberg Code doesn’t apply to COVID-19 vaccinations,0
Will Over Half A Million Sharks Be Killed for COVID-19 Vaccine?,0
Did an Ohio Man Die of COVID-19 After Vowing Not To Wear a Face Mask?,0
"Old, unrelated photo shared as family commits suicide in Surat due to hunger during lockdown",0
"Fact Check: Pine Needle Tea, Suramin Are NOT Cures For Autism Nor 'Antidote' For COVID Vaccine Side Effects",0
"No, Refugees In Malaysia Are Not Resisting COVID-19 Testing | BOOM",0
False claim circulates online that Australian government paid nursing homes to register deaths as caused by COVID-19,0
Fact Check: This decoction cannot cure COVID-19 in 24 hours; however it can help in boosting immunity - Vishvas News,0
"No, Wisconsin is not “clearly seeing a decline in COVID infections”",0
Selective: Asymptomatic COVID Transmission | Misbar,0
Was a Fatal Motorcycle Crash Listed Among COVID-19 Deaths in Florida?,0
COVID-19 vaccines offer benefits even to those previously infected,0
"No confirmed cases of the novel coronavirus have been recorded in Ethiopia (as of February 17, 2020)",0
"Coronavirus: The bogus meme targeting Dr Fauci, and other fake claims",0
False: Indian Health Minister Slapping Non-mask Wearers | Misbar,0
"Fact check: Study falsely claiming face masks are harmful, ineffective is not linked to Stanford",0
This photo has circulated in reports about the coffins of earthquake victims in Italy in 2009,0
"Video misrepresents Biden statements, policies on guns",0
Fake Messages Claim Shaheen Bagh Protester Tested Positive For Coronavirus | BOOM,0
Is This 'Barack + Hussein + Obama = COVID-19' Protest Sign Real?,0
This video actually shows a scene from a Mexican television drama,0
"No, Saudi Arabians Are Not Celebrating Lifting Of COVID-19 Lockdown | BOOM",0
"No, empty hospital beds do not indicate COVID-19 is a hoax",0
Ticketmaster won’t demand proof of a Covid-19 vaccine for concert entry – Full Fact,0
Fact-Check: Viral image claiming to be RSS Covid centre is that of Qatar stadium,0
Lower death rate doesn’t make delta variant less dangerous,0
UP Tops In Managing COVID-19? News Outlets Misreport Johns Hopkins Study | BOOM,0
Fact Check: These officials posing for Covid-19 vaccine is not what it looks like,0
No evidence of Coronavirus in Mutton was found. There is no harm in consuming thoroughly cooked meat,0
"VERA FILES FACT CHECK: Filipina vlogger’s claim on vaccines causing COVID-19 cases, hospitalizations FALSE",0
No evidence Pfizer Covid-19 vaccine affects women’s fertility – Full Fact,0
Irish Professor Makes Unfounded Claims About Long-Term Effects of mRNA Vaccines,0
"No, Pfizer’s head of research didn’t say the COVID-19 vaccine will make women infertile",0
Vaccines Provide Protection Against Delta Variant | Misbar,0
Fact-checking Sotomayor on kids with severe COVID-19,0
Pfizer CEO Has Not Taken COVID Vaccine | Misbar,0
Fact Check: Will liquor shops open in Telangana from March 29?,0
Did Georgia Capt. Jay Baker Promote 'Imported Virus From Chy-na' Shirts?,0
"Steineke’s actions, words don’t match on COVID-19 bill",0
Does Johns Hopkins University's Coronavirus Map Contain Malware?,0
Fact check: British boy's death not tied to COVID-19 vaccine,0
No scientific evidence indicates that cannabis can prevent or cure COVID-19 in patients,0
Doctors Don't Recommend Injecting COVID Vaccine Into Genitals | Misbar,0
Australian Navy vaccine side-effects post is all at sea,0
FACT CHECK: Viral Video Claims To Show Looting In Mexico During The Coronavirus Pandemic,0
Fact Check of Claims Made By Trump and Biden in Presidential Debate: Trump-Biden Presidential Debate Riddled With Factual Inaccuracies,0
Fact Check: WHO Tests For Coronavirus Do NOT Automatically Deliver False Positive Every Time,0
"Not all coronaviruses are seasonal, contrary to pathologist Ryan Cole’s claim; COVID-19 vaccines are effective at preventing illness",0
The Covid-19 vaccines have not only been tested on healthy people as claimed – Full Fact,0
Face Masks Don't Cause Legionnaires' Disease,0
Fact check: Pfizer's FDA-approved vaccine is available in US,0
Fact Check: Can this anti-tuberculosis vaccine prevent coronavirus?,0
"No, Nanavati Hospital does not recommend lemon, turmeric for COVID ""treatment""",0
COVID vaccination mandates do not contravene Australia’s human rights laws,0
Fact Check: Claim about Ram Mandir trust chief testing positive for COVID-19 is TRUE,0
This photo was taken in South Africa in 2016 -- it is unrelated to the coronavirus pandemic,0
"Yes, Austria Announced Compulsory Nationwide COVID-19 Vaccination",0
"Russian nurses are not working in their underwear, photos show isolated incident",0
"Fact Check: There Is NO Proof 2,000 People Died From The COVID-19 Vaccine And People Over 60 Do NOT Need To Have Someone With Them For 20 Days After The Shot For Health Precautions",0
Doctor who challenged Sajid Javid made misleading claims about vaccines – Full Fact,0
Cristiano Ronaldo is not converting his hotels into hospitals to treat COVID-19 patients,0
The evidence shows surgical masks do offer protection from Covid-19 – Full Fact,0
Lorraine Kelly and her guests were wrong about Covid-19 patients – Full Fact,0
Posts mislead on Israel vaccine data,0
Fact Check: Official Data Does NOT Show More People Have Died From The Vaccines Than From COVID-19,0
Does This Video Show A Series Of Landmarks In Wuhan? A Fact Check | BOOM,0
Fact check: French hospitals not using mannequins as COVID-19 patients,0
Trafalgar Square “Freedom Rally” speech littered with false claims – Full Fact,0
Misleading claims on pre-existing conditions and Covid-19 deaths go viral – Full Fact,0
Viral tweet cites made-up CDC ‘COVID-19 survival rates’ to downplay vaccine,0
Coronavirus: How a misleading map went global,0
Fact check: Pennsylvania voters exposed to COVID-19 can still vote,0
CDC encourages use of new tests that detect both COVID-19 and the flu,0
Why your phone has ‘COVID-19 exposure logging’,0
Fact Check: Old picture from Prayagraj shared as Haridwar Kumbh Mela with Covid twist,0
COVID-19 is more deadly and more contagious than seasonal flu and may also cause long-lasting damage to survivors,0
Maryland not waiving income requirements on food stamps,0
"Fact Check: Covaxin has not been approved for children above 12 years, yet",0
Email asking people to pay for Omicron Covid-19 tests is a scam – Full Fact,0
Fact Check: Did Hyderabad society members applaud a Gandhi Hospital doctor for her Covid-19 duty?,0
Posts Misleadingly Compare Severity Of COVID-19 With Swine Flu | BOOM,0
Satirical article about Pfizer-BioNTech Covid-19 vaccine ‘upgrade’ misleads Facebook users,0
More than 10 people are dying of Covid-19 each week in the UK – Full Fact,0
Facebook post cites doctors’ widely disputed calculations on COVID-19 death rate,0
"VERA FILES FACT CHECK: Post makes WRONG claims about ‘toxic substances’ in COVID-19 vaccines, repeats old falsehoods",0
South African heart surgeon uses webinar to spread Covid-19 vaccine misinformation,0
Fact Check of BJP Leaders Meeting Dilip Ghosh Without Mask: Old Pic Passed Off as BJP Leaders Meeting COVID-Positive Dilip Ghosh,0
"US Osteopath Claims COVID Vaccine Has ‘Tentacled Organism’, Experts Call Her Experiment Flawed",0
Gargling Water With Salt Won't 'Eliminate' Coronavirus,0
Are schoolchildren not vectors for COVID-19 as Florida Gov. Ron DeSantis said?,0
Fact Check: Does video show Coronavirus leaving the world ?,0
Israeli scientists have not developed a COVID-19 vaccine -- they were still working to develop one in February 2020,0
"No scientific basis for claims of ivermectin’s success in Uttar Pradesh, India",0
Did a Doctor in Italy Warn Coronavirus Wasn't Just a 'Bad Flu'?,0
Canadian doctors make inaccurate Covid-19 claims in video,0
Patanjali Ayurved Ltd has not yet received approval from Ministry of AYUSH for its COVID-19 medicine,0
Drug Pfizer is studying for COVID-19 not ‘suspiciously similar’ to ivermectin,0
"No, Fauci didn’t say 40%-50% of CDC, FDA staff refuse shots",0
Did Norway Reclassify COVID-19 as the Flu?,0
Covid-19 victims cannot be cremated against their wishes – Full Fact,0
New York Man Throws Money In Tribute To Friend Dead From COVID-19? Not Quite | BOOM,0
Trump’s False Claims About His Response to the Coronavirus (Published 2020),0
Instagram post gets it wrong about Covid-19 vaccines and animal testing – Full Fact,0
Are US Schools Closing Again Due To Rising COVID-19 Cases? A Fact Check | BOOM,0
"Fact Check: Cattle vaccine not related to COVID 19, Misleading post getting viral - Vishvas News",0
"Cloth masks do not stop smoke particles, still effective against COVID-19",0
Vaccines do not make patients more susceptible to delta variant,0
Currency Notes Strewn in Indore to Spread COVID-19? It’s Fake News,0
David Icke interview resurfaces with multiple false claims about Covid-19,0
Fact Check: 2019 video of Swachh Sabarmati mission shared as Hindus destroying idols during Covid,0
"No, This Is Not The Family Portrait Of COVID-19 Vaccine Developer | BOOM",0
Fact Check: This viral '1950s public service announcement' on Covid-19 is not what it seems,0
Why No Ads for COVID-19 Vaccines? (Hint: It Has Nothing To Do with Side Effects),0
More Studies Needed to Understand if Pets Spread Coronavirus | Misbar,0
"The first SARS-CoV-2 infections in humans occurred during fall 2019, but not enough evidence exists to confirm a global spread before early 2020",0
Pfizer’s new pill to prevent COVID-19 is not the same as ivermectin,0
"This ‘cellphone giveaway’ is a scam, Samsung Indonesia says",0
COVID-19 is Ten Times More Deadly Than H1N1 | Misbar,0
Some COVID-19 deaths have been children,0
Fact Check: Many Studies Find Masks DO Work Against The Spread Of COVID-19,0
Misleading claim circulates about the accuracy of COVID-19 tests in Australia,0
Australian hardware store Bunnings said this was an ‘isolated’ case and admit they 'got it wrong',0
Video of an assault on Woman volunteer of an NGO is being shared with a communal narrative,0
Suggestion vaccinated COVID-19 patients dominate Israel hospitals is ‘fake news’,0
Fact Check: Did Gavin Newsom Develop Bell's Palsy in Reaction to Booster?,0
The Covid-19 vaccines have not only been tested on healthy people as claimed – Full Fact,0
Experts refute misleading claims about Apple and Google’s coronavirus contact tracing interface,0
Germany Did Not Halt COVID-19 Vaccines nor Claim They Are Unsafe | Misbar,0
Facebook Users Wrongly Tie Dog Vaccine to Novel Coronavirus,0
"VERA FILES FACT CHECK: Viral posts FALSELY claim COVID-19 is thrombosis, bacterial in nature",0
Viral Video of Amitabh Bachchan Thanking Nanavati Medics is Old,0
It’s not true that 58% of Covid-19 deaths in Scotland were in care homes – Full Fact,0
Wisconsin schools leader on the mark with claim that masks are factor in mitigating COVID spread,0
Is This Timeline of Trump's Coronavirus Responses Accurate?,0
"No, PM Modi Is Not Heading an International Task Force on COVID-19",0
Fact Check: Are COVID-Positive Migrants Allowed to Cross Border Into U.S.?,0
This video has been falsely subtitled to claim North Korea executed a Covid-19 patient,0
False claims circulate around Italian COVID-19 study,0
People who received the COVID-19 vaccine aren’t more likely to develop facial paralysis than people who didn’t receive the vaccine,0
"No evidence that using a face mask helps coronavirus enter the brain, contrary to claim by Russell Blaylock",0
"Video shows German farmers' protest from 2019, not a rally against Covid rules",0
The Covid-19 vaccines do protect against severe disease – Full Fact,0
‘Russophobic’: Kremlin Denies Evidence of Russian COVID-19 Disinformation Campaign,0
Nigerian pastor falsely claims Covid-19 jabs are 'death warrants' and mandatory in the country,0
Irish agency says poster listing ‘death’ as COVID vaccine side effect is fake,0
Posts mislead on proportion of vaccinated Covid-19 victims in Australian state's hospitals,0
"VERA FILES FACT CHECK: COVID-19 vaccines DO NOT cause ‘stronger infection’, variants",0
Ohio doctor didn’t die from COVID-19 vaccine,0
"Delhi school converted into COVID ward, not Lucknow",0
Misinformation on COVID-19 Death Protocols in New York,0
False and unverified COVID-19 claims are being circulated in the name of UNICEF,0
VERA FILES FACT CHECK: COVID-19 vaccines are NOT dangerous,0
"There’s no scientific proof that a tonic of onions, ginger, garlic and lemon can cure Covid-19",0
Viral Posts Claiming Vaccines For Coronavirus Have Been Developed Are False | BOOM,0
COVID-19: Old Video from Azerbaijan Shared as Lockdown in Spain,0
Fact check: Trump could have been exposed to COVID-19 before debate,0
FACT CHECK: Does The Pfizer COVID-19 Vaccine Contain Graphene Oxide?,0
Fact Check: Bill Gates Did NOT Write Open Letter Saying COVID-19 Reminds 'We Are All Equal',0
South Korean health authorities' seizure of Covid-19 vaccines sparks false claims online,0
Are the COVID Vaccines Experimental? Did They Skip Animal Trials?,0
China has a vaccine and new cases have been reported there,0
Is Ohio's $1M COVID-19 Vaccine Lottery Real?,0
Is the government 'sneakily' trying to change encryption rules?,0
"Why Trump’s comments on using disinfectants, sunlight to treat COVID-19 are wrong",0
COVID-19 Vaccine Pill Set For Clinical Trials | Misbar,0
"Claims on CDC data for COVID-19 incorrect, say experts",0
This video shows a rally in Hamburg -- it has circulated online since at least January 2020,0
"UP ‘Tops’ COVID Management Across the World? Govt, Media Misreport",0
Ad invokes COVID in claiming Garcia said people should fend for themselves,0
"False: China Seeks Court Approval To Kill Over 20,000 Coronavirus Patients",0
Viral letter on Covid-19 testing in Liverpool school was real but has been withdrawn – Full Fact,0
Did Kenya Have Maasai Tribe Whip People To Enforce Curfew?,0
Face mask recommendations aimed at stopping spread of COVID-19,0
This is not a genuine newspaper article about a Sri Lankan opposition leader,0
Consuming silver particles will not prevent or treat novel coronavirus,0
Does Video Show Chinese Children Wearing Hazmat Suits?,0
Is Florida Giving COVID-19 Vaccines to Canadians to Increase Tourism?,0
Fact Check: There Are Currently NO Vaccines Available For COVID-19 In the U.S.,0
Deaths of JetBlue pilots falsely connected to COVID-19 vaccine,0
Claim that mouthwash could reduce the spread of COVID-19 has not yet been confirmed by clinical trials in humans,0
Online posts falsely claim Thai tourists can get free Covid-19 vaccines in neighbouring Laos,0
The Phantom Comic Speech Bubble Doctored To Make Reference To COVID-19 | BOOM,0
Still no evidence that hydroxychloroquine can cure or prevent COVID-19,0
"David Clarke rants coronavirus is just “the damn flu""",0
"Claim blaming COVID vaccine for Hank Aaron, Marvin Hagler deaths lacks evidence",0
Antibiotic ointment not effective against COVID-19,0
Is Detroit Zoo Administering COVID-19 Vaccines to Animals?,0
Testing by Canadian doctor does not prove Covid-19 shots cause clots,0
There is no evidence that COVID-19 vaccines contain graphene or parasites,0
Dominic Raab did not say Covid-19 tests have a 93% false positive rate – Full Fact,0
MISSING CONTEXT: 10 dead in Germany after receiving Pfizer vaccine,0
Fact check: Doctors say Hilary Duff likely didn't contract pink eye from COVID-19 tests,0
Long-touted COVID-19 ‘survival rate’ figure is overdue to expire,0
Fact-checking unproven claims that rapper DMX suffered heart attack after getting COVID-19 vaccine,0
Conspiracy Theory on Floyd's Death Disproved by Footage,0
"Young people are being hospitalized for COVID-19, too. Let’s look at the numbers",0
No proof that antibacterial soap is mightier than plain soap,0
Misinformation and fake “predicament” in claims about COVID-19 and a vaccine that isn’t available,0
"Change of needles is not evidence that Malaysian PM ‘faked’ Covid-19 vaccination, experts say",0
Children to families to community COVID transmissibility claim falls short,0
Canadian doctor's remark misrepresented as evidence of inflated Covid-19 count,0
"Fact Check: No, Wearing Mask To Protect From COVID-19 Doesn't Cause Fungal Lung Infection; Fake Claim Going Viral - Vishvas News",0
COVID-19 variants tested through genome sequencing,0
Were Ventilators Found 'Stashed' in a Warehouse in New York?,0
VERA FILES FACT CHECK: Salty and sour foods DO NOT cause SARS-CoV-2 to ‘explode and dissolve’,0
Fact Check: German Newspaper Bild Did NOT Apologize For 'Covid Hysteria',0
Does COVID Stand for 'Certificate of Vaccination ID'?,0
No scientific evidence to prove that inhaling dry ginger powder could cure COVID-19,0
These photos circulated online before the Philippines imposed a lockdown on its main island,0
Facebook posts promote false conspiracy that coronavirus testing patent was submitted in 2015,0
"P20,000 per SSS member during COVID-19 crisis a hoax",0
Hecklers at Twickenham Stadium vaccine drive spout false claims – Full Fact,0
PM Modi has not said that his government provided treatment for one crore COVID-19 patients,0
Old Image of a dead Mother being carried on a bike is falsely linked to Oxygen shortage during current COVID-19 crisis,0
The World Health Organisation did not know about the Covid-19 virus before the current outbreak – Full Fact,0
A higher death rate from vaccines than COVID-19 for kids? No,0
Sharjah ruler Sultan bin Muhammad Al-Qasimi did not ban the burial of COVID-19 victims in April 2020,0
COVID-19 vaccines don’t cause immunodeficiency syndrome,0
"No, Bill Gates Did Not Call for Withdrawal of 'Dangerous' COVID-19 Vaccines",0
Was COVID-19 Discovered in the US and South Korea on the Same Day?,0
Video From Lahore Passed Off as COVID-19 Norms Flouted in Delhi,0
Tromethamine in the Pfizer-BioNTech COVID-19 vaccine for children acts to improve the stability of the vaccine; it isn’t in the vaccine as a heart medication,0
VERA FILES FACT CHECK: Conspiracy theories on COVID-19 vaccines having microchips revived,0
Image of Lab Tech Faking COVID Reports Shared With Communal Twist,0
Is Hobby Lobby Refusing To Close Stores Because of a Message from God?,0
Fact Check: There Is NOT Guidance That Women Cannot Bear Children Within Six Months Of COVID-19 Vaccine,0
Fact Check: There Were NOT Fewer Deaths In 2020 With COVID-19 Versus 2019 Without The Virus,0
Fact-checking Trump's town hall health care claims,0
Floyd’s death wasn’t filmed before the pandemic,0
Facebook Posts Misleadingly Claim Only One Politician Has Died Of Covid-19 | BOOM,0
"No, the COVID-19 Vaccine Did Not Cause the New Variant in UK",0
Does Video Show Athletes Fainting Due to COVID-19 Vaccine?,0
Madagascar’s President Promised a Miracle Coronavirus Cure. It Didn’t Work.,0
Apple and Google’s ‘Exposure Notifications System’ works on your phone only if you opt for it,0
"Tingog party shares outdated, falsely captioned Duterte ‘live’ video",0
Fact Check: Bogus info about govt spraying chemicals to kill coronavirus goes viral,0
Altered photo falsely claims vaccine site urged parents to donate kids’ organs,0
Fact Check: Did Democrats Block COVID Relief 40 Times as Republicans Claim?,0
Does Bill Gates Want To 'Microchip COVID-19 Vaccine? Not Really | BOOM,0
Ivermectin has not been approved as a Covid-19 treatment in South Africa,0
Fact Check: The post claiming tonic water and zinc will kill COVID-19 is misleading - Vishvas News,0
"Ivermectin Won the 2015 Nobel Prize for Parasites, Not COVID | Misbar",0
Visuals Of 2020 Vizag Gas Leak Shared As Second Wave COVID-19 Impact | BOOM,0
Fact Check: Dermatopathologist Ryan Cole Does NOT Back With Data His Claim That Pfizer Vaccine Weakens Patients' Immune Systems,0
Fact Check: President Donald Trump Claims Coronavirus Only Affects Elderly With Comorbidities,0
Pre-pandemic video shared in misleading posts about girl 'collapsing after Covid-19 vaccine',0
"No, the BBC didn’t interview a ‘crisis actor’ in a news report",0
Hoax circulates in India that government has banned coronavirus-related posts on social media,0
WebQoof Recap: Trolls Target Safoora; Experts on AC During COVID,0
Trump's False Claim on Coronavirus Harm,0
Canada Still on Track for 4M Pfizer Doses by March | Misbar,0
Claim On Pune’s Steam Bar Treating or Preventing COVID-19 Is False,0
"COVID-19 Far More Lethal Than a Cold, Contrary to Suggestion in Viral Video",0
"Flawed Paper on COVID-19 Vaccines, Deaths Spreads Widely Before Retraction",0
"COVID-19 Tests Don't Cost Over $3,000",0
Edited Clip From Justin Trudeau's Interview Shared With False COVID-19 Claim | BOOM,0
VERA FILES FACT CHECK: Online posts on adverse reactions in WHO’s VigiBase NEED CONTEXT,0
Analysis | Fact-checking President Trump’s coronavirus news conference,0
Fact Check: Does this herbal medicine from Tanzania cure Covid-19?,0
Was 'Curb Your Enthusiasm' Filming Season 11 During COVID-19 Pandemic?,0
Did 4 of 'Deadliest Days in American History' Occur in December 2020?,0
"Kamala Harris Said Those Dying With COVID-19 Vaccinated? No, Video Is Edited",0
"Chiropractor Again Peddles False, Misleading COVID-19 Claims",0
Fact Check: Image of Queen Elizabeth II thanking PM Modi for Covid vaccines is morphed,0
There’s no sign the COVID vaccines’ spike protein is toxic,0
"FALSE: Vaccine available, 'no more coronavirus death'",0
Fact Check: CDC Already Provides From/With COVID US Deaths Data - No Need To 'Begin' Doing It,0
Claim that Florida is undercounting COVID-19 deaths uses flawed comparison,0
"False claims about COVID-19, 5G and a vaccine that doesn’t exist yet",0
"No, the President hasn't suspended rentals during lockdown",0
Did Gov. Cuomo Say It Was 'Bad News' Pfizer Vaccine Progress Came Under Trump?,0
This photo has circulated in reports about an Irish teenager who died in 2017,0
How much did New York’s revenue suffer in the pandemic year?,0
FACT-CHECK: COVID-19 vaccines do not alter your DNA,0
2018 Video Shared As Crowded Kolkata Station During COVID-19,0
"COVID-19 Variants Named After Greek Letters, Not Military Code | Misbar",0
A fall in death rates doesn’t prove Covid-19 isn’t killing anyone – Full Fact,0
Fact Check: Post claiming COVID-19 breeds rapidly in toilet paper is fake - Vishvas News,0
Fact Check: Alkaline Diet Does NOT Prevent You From Getting Coronavirus,0
Democrats Don't Want to Shut Churches Down Permanently | Misbar,0
Did Ohio Man Who Called COVID-19 a 'Political Ploy' Die from Disease?,0
"Doctors have not projected 11 million people quarantined in Wuhan, China, will die from coronavirus",0
Fact Check: Four British Airways Pilots Did NOT Die In One Week And There Is NO Proof Deaths Were From COVID-19 Vaccine,0
Coronavirus: Details about the 6 confirmed cases in Ghana,0
VERA FILES FACT CHECK: Roque turns around on finality of Sinovac deal,0
Fact Check: Zelenko 'Vaccine Death Report' Does NOT Show Credible Data -- It Rehashes Disproven COVID Vaccine Claims,0
Philippine health experts dismiss misleading online claim that tinospora crispa plants can treat novel coronavirus,0
An Australian professor didn’t say Covid-19 vaccines aren’t vaccines – Full Fact,0
Did Imran Khan's Non-Profit Hospital Charge Patients For COVID-19 Tests? | BOOM,0
Did Betsy DeVos Say COVID-19 Will 'Only' Kill .02% of US Students?,0
Physician Assistant Makes False Claims About COVID-19 In Texas Testimony | BOOM,0
Is Seasonal Flu More Deadly Than COVID-19?,0
"Claims about Russia, Covid-19 and 5G are almost all false – Full Fact",0
This poster has been doctored from a health notice promoting the coronavirus jab,0
"Posts mislead about coronavirus response in Canada, Japan, Germany",0
"PCR tests for COVID-19 are specific for the novel coronavirus SARS-CoV-2 and do not detect other coronaviruses, contrary to claims in viral article and video",0
False claim circulates on Facebook in Myanmar that chewing betel quid can prevent Covid-19 infection,0
Health authority dismisses claim Canadian child died after Covid-19 vaccination,0
Fact check: Posts on WHO's stance on vaccinating children lack context,0
Fact Check: Tweets Replicating ER Doc's Lament About Rising Delta Variant Caseload Are NOT All Pro-Vaccination -- Examples Show Anti-Vaccine Gaslighting,0
Experts reject claim that supplements can counter Covid-19 vaccines,0
"No, 'The Omicron Variant’ movie does not exist",0
The video has circulated in reports about police assaulting an intoxicated man in India,0
Imposter Account of Advani Criticises Modi Govt; Tweets Go Viral,0
"Fact Check: No, Netflix Isn't Giving Free 1-Year Subscription Due to COVID-19; Fake Post Going Viral - Vishvas News",0
COVID-19 vaccine ‘gene therapy’ suggestion diagnosed as false,0
No scientific evidence for claim by pathologist Ryan Cole that COVID-19 vaccines weaken the immune system,0
Hoax message from 'Dallas nurse' circulates online about COVID-19 death tolls in Texas,0
Inaccurate Covid vaccine ‘Q&A’: fact checked – Full Fact,0
Altered video twists Kamala Harris statements on COVID vaccines,0
VERA FILES FACT CHECK: Post on PH having ‘fewer’ COVID-19 cases vs Italy MISLEADING,0
Flawed study misrepresents Covid-19 vaccination fatality rate,0
Video Of Boy Calling Out To Dead Mother Shot Before COVID-19 Pandemic,0
Fact Check: The message claiming Jio offering free 25GB data daily during COVID-19 lockdown is fake - Vishvas News,0
Video of COVID-19 patient from London shared as Surat woman who recently tested postive,0
Fact check: India's COVID-19 surge not connected to vaccinations,0
Singaporean authorities refute hoax about 'spot fines' for people violating social distancing orders,0
False: The COVID-19 Fits Pattern Of Viral Outbreak Every 100 Years | BOOM,0
It hasn’t been confirmed that Joe Exotic has COVID-19,0
Bakersfield physicians underestimate COVID-19 mortality using flawed statistics; wrongly claim sheltering in place causes weak immune system,0
Did Australian Stores Ban Chinese Customers Due To COVID-19? | BOOM,0
Video makes false claims about Morgellons disease and COVID-19 tests,0
Did Trump Receive COVID-19 Vaccination Before Leaving Office?,0
School Textbook Lists Cure For Coronavirus? A FactCheck | BOOM,0
VERA FILES FACT CHECK: Satire on Pope Francis saying COVID-19 vaccine needed to enter heaven FALSELY posted as real news,0
This photo has circulated online since 2019 in reports about gun violence -- it does not relate to the coronavirus pandemic,0
The video shows an interfaith prayer in Italy in remembrance of COVID-19 victims,0
Boris Johnson Has Not Had Three COVID-19 Vaccines | Misbar,0
"Were NSW's coronavirus numbers higher than Victoria's thresholds for lifting curfew, as Scott Morrison said?",0
US protest photo again misrepresented as image of Montreal rally,0
Phone antennas outside a college aren’t a new addition to the neighbourhood,0
Old Video Clips Falsely Shared As Indians Throwing Idols Of God On The Street Amid COVID-19,0
It’s not true that 58% of Covid-19 deaths in Scotland were in care homes – Full Fact,0
No evidence Nostradamus predicted novel coronavirus,0
Covid vaccines aren’t comparable to thalidomide scandal – Full Fact,0
Video falsely claims that you cannot refuse the Covid-19 vaccines – Full Fact,0
Fact Brief: Are more Republicans dying of COVID-19 than Democrats?,0
Old Video From Gujarat Viral As Muslim Mob Attacking Cop In Hyderabad,0
Fact Check: Sen. Thom Tillis Contracted The Coronavirus And WAS Unmasked During Part Of The SCOTUS Rose Garden Event,0
FALSE: COVID-19 mRNA vaccines cause infertility,0
FALSE: British doctors call for a cessation of COVID-19 vaccination because they're unsafe,0
Outdated guidance on masks circulates on Facebook in Manitoba,0
The coronavirus that causes COVID-19 is real; the story that claims otherwise is a work of fiction,0
"Health Minister Himanta Biswa Sarma Falsely Claims No COVID In Assam, So “Why Create Unnecessary Panic?”",0
Barack Obama Has Endorsed COVID-19 Vaccines | BOOM,0
Fact Check: Rahul and Priyanka Gandhi's old video shared with coronavirus twist,0
"FACT-CHECK: COVID-19 mRNA vaccines are NOT ""gene therapy"" and recipients are NOT ""guinea pigs""",0
Fact Check: Video Does NOT Prove A Microchip Reader Used For Pets Found A Chip In A Vaccinated Woman's Arm,0
No Entry Restrictions for Unvaccinated People in Kuwait | Misbar,0
Fact Check: COVID-19 Vaccines Are NOT 'Weapons of Mass Destruction',0
Orwell's 1984 Did Not Predict COVID-19 Restrictions | Misbar,0
Fact Check: Drinking alcohol can impair immunity but it won't protect you against COVID-19,0
Is USPS Closing Soon Because of COVID-19?,0
Fact Check: COVID-19 Vaccines Are NOT Hidden in Salad Greens,0
No evidence of ‘delayed killswitch’ in mRNA vaccines,0
This video shows victims of a gas leak at an Indian chemical plant,0
Did the Trump Administration Send 18 Tons of PPE to China in Early 2020?,0
"No, PCR tests for COVID-19 won’t give you cancer",0
More people have probably been killed by coronavirus than were killed during the Blitz – Full Fact,0
Video of Kamala Harris manipulated to include anti-vaccine message,0
"Italy didn’t lower its COVID-19 death toll ‘by over 97%.’ The count exceeds 132,000",0
An edited video falsely claims that eating bananas can prevent COVID-19,0
"No, clinical trials have not been completed for potential Russian COVID-19 vaccine",0
Instagram Post Misrepresents FDA Document About Monitoring Vaccine Safety,0
Covid-19: What’s the harm of ‘funny’ anti-vaccine memes?,0
Fact Check: Vladimir Putin's Daughter Did NOT Die After Second Dose Of COVID-19 Vaccine,0
"Did Amitabh Bachchan visit Haji Ali Dargah post Covid recovery? No, viral claim is fake",0
Placebo recipients are treated as vaccinated for 16 weeks once trials end – Full Fact,0
Nobel winner Denis Mukwege rejects 'fake patients' quote circulating online,0
"No, Four British Airways Pilots Did Not Die From COVID-19 Vaccine",0
Several laboratories in Spain have cultured and isolated the virus SARS-CoV-2; the claim that the virus doesn’t exist is false,0
Jim Chalmers says two-thirds of the debt in the budget was borrowed before the start of the pandemic. Is he correct?,0
Child health concerns didn’t prompt new Pfizer vaccine ingredient,0
Prank Posts Falsely Suggest Second Stimulus Payment Is Approved,0
More than 30 people are allowed to protest – Full Fact,0
Old video of interfaith service viral as Donald Trump offers Islamic prayers amid coronavirus pandemic,0
Fact Check: Amitabh Bachchan visited Haji Ali dargah after recovering from Coronavirus is FALSE,0
"No, the Israeli Health Ministry Didn't Say This About the Pfizer Vaccine",0
Did CDC Tell Parents To Prepare for 'Sudden Sleepover' at Schools Due to COVID-19?,0
"Image shows Brazil’s president crying, not Italy’s prime minister",0
Internet providers offer free internet amid coronavirus,0
Did CDC Say That COVID-19 Vaccines Are 'Failing'?,0
"No, COVID-19 vaccines don’t cause infertility – Australian Associated Press",0
What is the difference between coronavirus and COVID-19?,0
Corona Outbreak: Did Zimbabwe Police Beat Up Churchgoers? | BOOM,0
Joe Rogan interview with Peter McCullough contains multiple false and unsubstantiated claims about the COVID-19 pandemic and vaccines,0
China air quality projections used to promote coronavirus cremation hoax,0
"This video has circulated in reports since at least February 2020, weeks before the incident at a coronavirus quarantine facility in India",0
Popular Nigerian pastor falsely claims Covid-19 vaccines alter DNA,0
Safer to skip COVID-19 vaccine to avoid side effects? No,0
Do Videos Show Magnets Sticking to People's Arms After COVID-19 Vaccine?,0
Vaccine boosters help maintain protection provided by initial vaccination; boosters have been used for routine vaccinations like tetanus and polio for decades,0
"In Australia, the vaccination status of hospitalized COVID-19 patients doesn’t tell the whole story",0
Online reports mislead on vaccination door-knocking efforts,0
Spanish politician misidentified in posts saying soccer players should find novel coronavirus cure,0
"Labeled swabs in photo are for quality control, not a sign COVID-19 tests are fixed",0
US Authorities Have Not Stopped Using RT-PCR Tests For COVID-19 Detection | BOOM,0
Fact Check: Did Joe Biden Spread Misinformation on COVID Vaccines?,0
Fact Check: COVID-19 cannot be transmitted from smoke released during cremation of victims,0
2014 Photo Revived And Shared With COVID-19 Lockdown Spin | BOOM,0
"Portugal Did Not Revise Its COVID Death Statistics from 17,000 to 152 | Misbar",0
This graphic has been doctored to include a fabricated quote from Leni Robredo,0
UNHCR condemns fake notice which claimed refugees in Malaysia are resisting COVID-19 tests,0
There’s no proof steam inhalation cures Covid-19 – Full Fact,0
Disgraced US researcher makes false claims about vaccine safety,0
Does COVID-19 Vaccine Increase Penis Size And Prolong Erections? | BOOM,0
Does This Video Show A Series Of Landmarks In Wuhan? A Fact Check | BOOM,0
Fact check: Are teenagers with COVID-19 ending up in hospital at a rate of one in thirty?,0
BBC correspondent denies reporting first coronavirus case in Ghana,0
"Italy Has Not Found The Cure For Coronavirus, Nor Is It A Bacteria",0
Misleading claims resurface online about hydroxychloroquine's efficacy against COVID-19,0
British Airways is not in ‘crisis talks’ with the government about vaccinated pilots – Full Fact,0
"This video of a man escaping health and police officials is from Kerala, not Telangana",0
Hoax circulates online that Taiwanese doctors have discovered COVID-19 is a ‘combination of SARS and AIDS’,0
Did Dr. Rajendra Kapila Die From COVID-19 After Vaccination?,0
Facebook post on Ireland’s plans for exiting lockdown goes viral – Full Fact,0
"No, the coronavirus did not reduce death rate in Chicago",0
Politicians Have Died of COVID-19,0
Tucker Carlson Misleadingly Links COVID-19 Restrictions With Vaccine Efficacy | BOOM,0
Fake CNN Report: COVID Vaccine Recipients Become Cannibals,0
Did Fauci Praise Trump's Handling of COVID-19 Pandemic?,0
A kiwi fruit did not test “positive” for Covid – Full Fact,0
FALSE: COVID-19 vaccine can modify DNA,0
No evidence that COVID-19 vaccines cause more severe disease; antibody-dependent enhancement has not been observed in clinical trials,0
An old image is being shared as ‘COVID-19 infected woman hugged her child for the last time before death’,0
"The main cause of death in COVID-19 patients is respiratory insufficiency arising from viral pneumonia, not clotting disorder as claimed in viral social media posts",0
Did Dr. Rob Oswald Claim COVID-19 Was a Hoax?,0
Coronavirus pandemic is not ‘effectively over’ as op-ed claims,0
"A European Database Has Not Found 4,000 Deaths Caused By Vaccines | Misbar",0
Walmart Hasn't Adopted 'Staggered Shopping' Based on Age,0
Some people have died after Covid-19 vaccination—not because of it – Full Fact,0
Fact Check On Coronavirus Effect in Italy: Photos of Croatia Quake Aftermath Viral As COVID-19 Effect in Italy,0
Fact check: Morel mushrooms do not increase coronavirus susceptibility,0
"Fact Check: NO Evidence FDA, CDC & WHO Hid Ivermectin Efficacy Data, And Natural Immunity NOT Superior To COVID Vaccine",0
Blog post wrong on what Bill Gates said about COVID vaccine,0
Ron Paul wrong to say no basis for coronavirus death rate,0
COVID-19 Will Continue Until The Vaccine is Distributed | Misbar,0
False posts claim Sri Lankan regulators approved traditional medicine as Covid-19 cure,0
VERA FILES FACT CHECK: Viral FB post claiming Canada is now “COVID-19 free” FALSE,0
This video has circulated online since at least 2013 and shows people receiving Bibles,0
Gujarat CM's understanding of ICMR guidelines on recording COVID deaths is flawed,0
"No, Food Donations Were Not Made In Turkey During COVID-19 'Lockdown' | BOOM",0
Breast Milk Contains Coronavirus Antibodies | Misbar,0
Unverified Message Claims Israel Has Found the Cure For COVID-19,0
FALSE: COVID-19 vaccines ‘weapons of mass destruction’,0
Canadian doctor’s open letter about Covid-19 contains false claims,0
Trafalgar Square “Freedom Rally” speech littered with false claims – Full Fact,0
Fact check: COVID-19 vaccine recipients can donate plasma with the American Red Cross,0
"Fact Check: No, Dr. V.K. Srinivasan of Bharath Biotech didn't take the Covid-19 vaccine",0
Unsupported claim that COVID-19 vaccines caused hundreds of serious reactions among military veterans misuses VAERS reports,0
Godfrey Bloom video makes false claims about vaccines – Full Fact,0
Flu shot will not make you test positive for COVID-19,0
No evidence of Coronavirus in chicken is found. It's a fake message.,0
Fact check: No evidence vaccinated pilots are dying during flights,0
There is no graphene oxide in the Covid-19 vaccines – Full Fact,0
Misleading: Gov. Hogan and South Korean COVID-19 Tests | Misbar,0
No clear evidence that COVID-19 vaccines have caused any deaths in the US,0
Fact Check: Fenugreek seed tape isn’t COVID-19 cure; health experts refute viral claim,0
International health experts refute claim that coronavirus death rate is lower than that of the flu,0
COVID-19 Can Spread Through Infected People And Contaminated Surfaces | BOOM,0
Did 85 Babies Under Age 1 Test Positive for COVID-19 in Single Texas County?,0
South African newspaper clarifies it used photo of British woman receiving Covid-19 vaccine in satirical article,0
"No, Having Raw Onions And Salt Cannot Cure Coronavirus",0
Does Photo Show iPads Used for Virtual End-of-Life Visits for COVID?,0
"Fact Check: No, Facebook is not using your pictures and posts in lawsuits against it amid COVID-19 pandemic - Vishvas News",0
Posts mislead on Pfizer’s new COVID-19 vaccine formula,0
"Facebook post about Italy, coronavirus and 5G is almost all false – Full Fact",0
"VERA FILES FACT CHECK: Anti-vax doctor, ex-education Usec peddle falsehoods about COVID-19 jabs",0
"No, Dr Fauci Hasn’t Been ‘Fired’ Amid Probe Into COVID-19 Origins",0
"No, World Economic Forum Did Not Schedule Release Of Omicron Variant",0
Fact Check: Nobel laureate Luc Montagnier didn’t say Covid vaccine recipients will die in two years,0
"No evidence to support these 'statistics' about effectiveness of face masks, expert says",0
This CT Scan report does not represent the lungs of a COVID-19 vaccinated person,0
COVID-19 vaccines are not called ‘Luciferase’,0
Old video recirculates online in misleading posts about Philippine economy during Covid-19 pandemic,0
Post falsely claims Johnson & Johnson didn't update public after vaccine trial volunteer fell ill,0
University of Queensland COVID-19 vaccine claims fail truth test,0
"HOAX: Melcom is not giving out GH₵ 2,000 gift cards to every Ghanaian in response to COVID-19",0
"No scientific evidence that neem leaves can 'cure’ COVID-19 and its symptoms, doctors say",0
Fake WHO document shared in anti-mask posts,0
"Fact Check | No, India Did Not Administer the Highest Number of Vaccines in a Single Day in the World",0
A Bangladesh study doesn’t show that depression follows Covid-19 – Full Fact,0
Unrelated old videos shared as visuals of Indians destroying idols due to their anger over COVID-19,0
Scientists warn against over-the-counter coronavirus ‘cures’,0
Did Seattle Woman Die from Rare Blood Clotting Condition After COVID Vax?,0
Quick Fact Check: Fake Post About Indian Student Finding COVID-19 Cure And Its Acceptance By WHO Resurfaces - Vishvas News,0
"No, the UN Didn’t Blame COVID-19 on the Patriarchy | Misbar",0
"COVIDsafe app location detection post is a hoax message, says Department of Health",0
This fabricated headline was added to a screenshot of a CNN interview,0
Misleading claim circulates online that video shows Thailand’s exiled former PM giving speech on economic impact of coronavirus pandemic,0
"Are 20 million black South Africans unemployed, compared to 1.6 million in 1994? Viral graphic gets it wrong",0
Fact-checking a TikTok about the risk of dying from COVID,0
"Kin of employees, who die of COVID-19, eligible for reimbursement under EDLI",0
The UK Isn't Banning Casual Romantic Relationships | Misbar,0
This clip shows the Jakarta governor speaking as part of a global online summit about the coronavirus pandemic response,0
Fake Message Of COVID-19 Cure Found By Pondicherry Student Revived | BOOM,0
Message Claiming Coronavirus Can Last Up To 8 Hours In Air Is Misleading | BOOM,0
2019 Photo From Prayagraj Shared As Kumbh 2021 Amid COVID-19 Surge,0
"Posts Distort Facts on Coronavirus Air Transmission, Masks",0
Results of Covid-19 vaccine trials have been published and peer-reviewed – Full Fact,0
"VERA FILES FACT CHECK: FB posts float CONSPIRACY theory on 5G, RFID link to COVID-19",0
CDC Employees Aren't Refusing Vaccine | Misbar,0
Roque wrongly claims lower PH COVID rankings,0
This image shows Liverpool fans celebrating their team’s UEFA Champions League win in 2005,0
Do 90 Percent of COVID-19 Patients Treated With Hydroxychloroquine Recover Successfully?,0
Madhya Pradesh’s largest COVID-19 care centre was not built by RSS,0
People who do not show COVID-19 symptoms can and do transmit it to others; physical distancing and face masks effectively reduce the risk of transmission,0
Back-to-school claim misuses 2017 Chinese seniors photo,0
Fact Check: COVID-19 Vaccines Are NOT Full Of Exclusive Nanotechnology To Create 'Slave Species',0
Did 'Yardi Gras' Replace Mardi Gras Parades in New Orleans?,0
The Nuremberg Code doesn’t apply to COVID-19 vaccinations,0
Needle not capped when Pence received Covid-19 vaccine,0
Hoax circulates that the WHO has approved Indian student's ginger juice 'COVID-19 remedy',0
Article misleads on Merck’s decision to drop Covid-19 vaccines,0
Fact Check: Did Singapore government conduct autopsy on bodies of COVID victims?,0
"Old, unrelated photo shared as family commits suicide in Surat due to hunger during lockdown",0
Is West Virginia Giving Away Free Guns to Those Who Get Vaccinated?,0
"Pathologist falsely claims COVID-19 is a hoax, no worse than the flu",0
VERA FILES FACT CHECK: Viral photo of newly-developed COVID-19 ‘vaccine’ NOT TRUE; it’s a testing kit,0
Joe Rogan Misinterprets Study To Claim Vaccinated People Create Variants | BOOM,0
"Facebook posts make misleading claim that 220,000 coronavirus fatalities in US were caused by other medical conditions",0
Viral video spreads misinformation about ethylene oxide and Ivermectin – Full Fact,0
VERA FILES FACT CHECK: Claim on COVID-19 vaccines hiding graphene oxide NOT TRUE,0
What the 'Choosing Your COVID-19 Vaccine' Meme Gets Wrong,0
Fact Check: This decoction cannot cure COVID-19 in 24 hours; however it can help in boosting immunity - Vishvas News,0
Fact Check: Countries With High Rates Of Childhood Vaccinations Are NOT Hardest Hit With Coronavirus,0
COVID-19 test kits were not purchased in 2017 and 2018; claim is based on mislabeled data,0
The Facts on Coronavirus Testing,0
Posts target parents with misleading COVID-19 hospital visit rules,0
Fact Check: Does Biden's COVID-19 Relief Plan Penalize Single Parents?,0
Not all the countries severely affected by COVID-19 are on the 40-degree North latitude,0
COVID-19 vaccines offer benefits even to those previously infected,0
Fact Check: Singapore has not changed Covid treatment protocols challenging WHO findings,0
Vaccine Ingredient SM-102 Is Safe,0
Coronil lacks scientific basis as a cure for COVID-19 based on evidence shared by Patanjali,0
Fact Check: The World Bank Did NOT Document Existence Of COVID-19 Test Kits Since 2017,0
Claims that Covid vaccine spike proteins are harmful are unevidenced – Full Fact,0
Sri Lankan health authorities said COVID-19 survivor sought shelter at a relative's home after consulting with them,0
The message claiming three positive Coronavirus cases in Kothapet (Hyderabad) is fake,0
Australia's Department of Health did not issue a warning that 'using petrol pumps can spread COVID-19',0
School-Turned-COVID Ward in Delhi Passed off as ‘Beds in Lucknow’,0
Coronavirus: Face mask exemption cards and other US claims fact-checked,0
Fact Check: Coronavirus Test DOES Require Swab To Be Inserted Clear Through Nasal Passage,0
"Video misrepresents Biden statements, policies on guns",0
Plane Full of Coronavirus Patients Fact Check: Video of Rescue Drill Shared as Passengers Infected with COVID-19,0
Did Ice Cream Test Positive for COVID-19?,0
Manila Times post on ‘medical’ strike INACCURATE,0
Is This 'Barack + Hussein + Obama = COVID-19' Protest Sign Real?,0
This video actually shows a scene from a Mexican television drama,0
"No, empty hospital beds do not indicate COVID-19 is a hoax",0
Ticketmaster won’t demand proof of a Covid-19 vaccine for concert entry – Full Fact,0
FACT-CHECK: COVID-19 vaccines were not developed to kill Africans,0
"Fake Graphic Claims 10,000 Deaths Caused By COVID-19 Vaccines in Europe | BOOM",0
No evidence of Coronavirus in Mutton was found. There is no harm in consuming thoroughly cooked meat,0
Social media posts mislead on filtration efficiency labels of face masks,0
FactCheck: Can a common cold cause a positive Covid-19 test?,0
FactCheck: Has the drug ivermectin been proven to be effective against Covid-19?,0
Russia has not unleashed 500 lions to stop people going outdoors – Full Fact,0
No evidence Pfizer Covid-19 vaccine affects women’s fertility – Full Fact,0
Fact Check: Video claims that COVID 19 is a bacteria and can be treated by antibiotics are FALSE,0
Vaccines Provide Protection Against Delta Variant | Misbar,0
Infection-induced immunity versus vaccine-induced immunity: Weighing the benefits and risks,0
Pfizer CEO Has Not Taken COVID Vaccine | Misbar,0
Russian News Site Distorts U.S. Coronavirus Poll,0
Pace of U.S. Vaccinations vs. the World,0
Video of mentally unstable woman viral with false claim of attempting to spread coronavirus,0
VERA FILES FACT CHECK: Party-list group’s FB post on ivermectin use for COVID-19 needs context,0
"No, Internet Sensation Anahita Hashemzadeh Is Not Suffering From COVID-19",0
"'Positive' and 'negative' control swabs in Covid-19 test kits only used for quality control, experts say",0
Does Johns Hopkins University's Coronavirus Map Contain Malware?,0
This text message is not an official government communication – Full Fact,0
Video of Sufi ritual falsely viral as mass sneezing in Nizamuddin mosque to spread coronavirus infection,0
Online posts mislead on Covid-19 vaccinations in Europe,0
Fact check: British boy's death not tied to COVID-19 vaccine,0
"Covid vaccine booking only to be made through Cowin portal, Arogya Setu",0
"Fact Check: No, this Thane lab is not sealed over false-positive COVID19 testing - Vishvas News",0
The Covid-19 vaccines have not only been tested on healthy people as claimed – Full Fact,0
Fact Check: Can this anti-tuberculosis vaccine prevent coronavirus?,0
"Air India crash: Malappuram Collector terms news of 40 passengers testing COVID positive ""fake news""",0
Some fast-food chains turn away truckers at drive-thru windows. One has offered a solution,0
Photo doesn’t show Covid protest in Paris – Full Fact,0
Fact Check: Video of COVID-19 victims piled up not from Gandhi Hospital,0
Fact Check: Claim about Ram Mandir trust chief testing positive for COVID-19 is TRUE,0
"No, COVID-19 vaccines do not ‘shed’",0
Did Trump Criticize Biden for Saying He'll 'Listen to the Scientists'?,0
Fact check: False claim that Australia is freezing bank accounts of unvaccinated,0
Covid-19 victims cannot be cremated against their wishes – Full Fact,0
Fact Check: COVID-19 Death Rate In NYC Is NOT 200 Times Higher Than World's 10 Largest Cities,0
VERA FILES FACT CHECK: Post claiming protests caused spike in COVID-19 cases BASELESS,0
"Fact Check: There Is NO Proof 2,000 People Died From The COVID-19 Vaccine And People Over 60 Do NOT Need To Have Someone With Them For 20 Days After The Shot For Health Precautions",0
Posts mislead on Israel vaccine data,0
Fact check: Playboi Carti did not predict COVID-19 in 2018 song,0
Was This Anti-Semitic Sign Seen at a COVID-19 Lockdown Protest?,0
Misleading claim spreads online that New Zealand has authorised troops to enter homes to enforce COVID-19 quarantine,0
Biden Adviser Didn't Propose Requiring COVID-19 Vaccine for Food Stamps,0
Scientists warn against 'bogus' COVID-19 removal cards,0
The Covid-19 vaccines have not only been tested on healthy people as claimed – Full Fact,0
Video from 2015 shared as woman commits suicide in US due to coronavirus infection,0
Germany Did Not Halt COVID-19 Vaccines nor Claim They Are Unsafe | Misbar,0
Robert Malone's statements on The Dana Show about vaccine safety and virus variants are inaccurate and unsupported,0
Viral Video of Amitabh Bachchan Thanking Nanavati Medics is Old,0
This video has been falsely subtitled to claim North Korea executed a Covid-19 patient,0
Doctor who vaccinated Pelosi didn’t leave cap on syringe,0
Radical Pakistan party leader misleadingly claims praying at Muslim shrine can cure Covid-19,0
Fact-checking Donald Trump’s ABC News town hall,0
Fact Check: The old textbook doesn't mention COVID-19 cure; misleading post going viral - Vishvas News,0
Girl receiving COVID-19 vaccine shot in viral video is NOT Putin's daughter,0
Post Offers Misleading Advice on Mandatory Vaccines and Unemployment Benefits,0
‘Russophobic’: Kremlin Denies Evidence of Russian COVID-19 Disinformation Campaign,0
"No, Bill Gates Did Not Call For Withdrawal Of COVID-19 Vaccines | BOOM",0
COVID-19 vaccines do not wipe out antibodies,0
Does Drinking 'Kashayam' Cure COVID-19? A Factcheck | BOOM,0
Fact check: COVID-19 vaccine won't jeopardize life insurance coverage,0
Funeral procession from Uttar Pradesh is passed off as Muslims celebrating Iftar in Hyderabad,0
Irish agency says poster listing ‘death’ as COVID vaccine side effect is fake,0
Paul Misleads on Natural Infection and COVID-19 Vaccines,0
"VERA FILES FACT CHECK: This girl was a 2014 victim of domestic abuse, NOT COVID-19",0
The benefits of getting the COVID-19 vaccine outweigh its risks; there is no increased mortality rate among vaccinated people relative to unvaccinated people,0
Ohio doctor didn’t die from COVID-19 vaccine,0
Baseless claims about COVID-19 vaccine paralysis and Celine Dion spread online,0
VERA FILES FACT CHECK: COVID-19 vaccines are NOT dangerous,0
"No, Don't Use Ivermectin-Soaked Tampons as COVID-19 Prevention",0
COVID-19: Old Video from Azerbaijan Shared as Lockdown in Spain,0
Sweden’s COVID-19 mortality is higher than in most European countries; no evidence whether or how the absence of lockdown impacted this outcome,0
Did COVID-19 Originate in Market 400 Meters From CCP Lab Studying Coronaviruses?,0
Trump wrongly blames Obama for limits on coronavirus testing,0
"Chloroquine is not banned in Michigan, New York and Nevada",0
Study On COVID-19 Vaccines Misleadingly Linked To Miscarriages | BOOM,0
Coronavirus: Ghana’s President announces two-week partial lockdown,0
Fact check: Trump could have been exposed to COVID-19 before debate,0
"VERA FILES FACT CHECK: After long absence from public view, Duterte makes three inaccurate claims in April 12 talk",0
Fact Check: Has China lifted ban on Quran following Coronavirus outbreak?,0
"New 'Plandemic' Video Peddles Misinformation, Conspiracies",0
COVID-19 tests are not ‘scientifically meaningless’,0
FACT CHECK: Does The Pfizer COVID-19 Vaccine Contain Graphene Oxide?,0
Fact Check: Bill Gates Did NOT Write Open Letter Saying COVID-19 Reminds 'We Are All Equal',0
"No, hospitalised COVID-19 patients in NSW aren’t all vaccinated",0
The message that a worker of Prince hotel in Hyderabad has tested positive for Coronavirus is fake,0
Is the government 'sneakily' trying to change encryption rules?,0
"Man Killed Himself In Italy After Losing Family To Coronavirus Fact Check; This old video is being circulated on Twitter, Facebook, and WhatsApp.",0
"Covid-19 is an infectious disease, and a video claiming it isn’t is wrong – Full Fact",0
Does Video Show Chinese Children Wearing Hazmat Suits?,0
Did 'Head of Pfizer Research' Say COVID-19 Vaccine 'Is Female Sterilization'?,0
Nine people have died from the coronavirus in the U.S.,0
This video shows victims of a gas leak at an Indian chemical plant in 2020,0
Influencer video full of untrue vaccine claims – Full Fact,0
Antibiotic ointment not effective against COVID-19,0
Testing by Canadian doctor does not prove Covid-19 shots cause clots,0
Will Lemons and Hot Water Cure or Prevent COVID-19?,0
Fact Check: Old Images of Alleged Kidney Stealing In Muzaffarnagar Viral With COVID-19 Spin - Vishvas News,0
MISSING CONTEXT: 10 dead in Germany after receiving Pfizer vaccine,0
‘Poison’ post delivers dose of misleading info on vaccine safety,0
"No, Pfizer-BioNTech COVID-19 Vaccine Does Not Contain Nanotechnology | BOOM",0
"No, COVID Vaccine Doesn’t Contain Chips to Control & Track People",0
This image has circulated in reports about China testing a potential COVID-19 vaccine that has not been approved by health authorities,0
Protest video spreads false claims in South Africa about Covid-19 and vaccines,0
Ketchup did not ‘test positive’ for Covid-19 – Full Fact,0
Aardvark logo on COVID testing trucks mistaken for an Egyptian god of death,0
Misleading claim circulates that Thailand tops global index for COVID-19 reponse and has lowest number of coronavirus cases,0
Video Of Man Holding A Circuit Board With COV-19 Inscribed Is Not For A 5G Mast,0
COVID-19 variants tested through genome sequencing,0
Fact Check: Luc Montagnier Did Not Say COVID Vaccine Recipients To Die In 2 Years | BOOM,0
What you need to know about the claims 23 people died after getting the Covid-19 vaccine in Norway – Full Fact,0
Fact Check: Video of Muslims offering namaaz goes viral with wrong claim,0
Indian health authority refutes hoax report of coronavirus case in Uttar Pradesh district,0
Schools in Ohio suburb aren’t vaccinating kids without parental consent,0
VERA FILES FACT CHECK: Salty and sour foods DO NOT cause SARS-CoV-2 to ‘explode and dissolve’,0
Facebook posts promote false conspiracy that coronavirus testing patent was submitted in 2015,0
Did An American CEO Draw This Map To Praise Indian Govt.'s COVID-19 Response? | BOOM,0
British Airways hasn’t told their pilots they don’t need Covid-19 vaccine – Full Fact,0
"Fact-Check | No, Indian Hindus Are Not Throwing Idols of Gods on Streets Due To Anger; Both Clips Are Old.",0
False claims about COVID tests and famous New Zealand visitors,0
'Quarantine Detector Dog' Assaulted During Coronavirus Pandemic? | BOOM,0
List of unsubstantiated COVID-19 treatments circulates online,0
Video From Lahore Passed Off as COVID-19 Norms Flouted in Delhi,0
Johnson & Johnson Creates New Vaccine | Misbar,0
Posts mislead on 'first vaccine-related death in India',0
Tromethamine in the Pfizer-BioNTech COVID-19 vaccine for children acts to improve the stability of the vaccine; it isn’t in the vaccine as a heart medication,0
VERA FILES FACT CHECK: Conspiracy theories on COVID-19 vaccines having microchips revived,0
FACT-CHECK: No evidence mRNA COVID-19 vaccines reduce life expectancy or cause infertility,0
COVID-19 Swab Tests Do Not Damage The Blood-brain Barrier | BOOM,0
FACT CHECK: Viral Image Claims To Show Train Car With COVID-19 Marking,0
Fact Check: Bogus info about govt spraying chemicals to kill coronavirus goes viral,0
Video Of A Child Being Separated From Her Father Is Unrelated To Coronavirus | Misbar,0
Hoax circulates about 'Latin translation' of COVID-19,0
This photo has circulated in reports about a couple at an airport in Barcelona in March 2020,0
Ivermectin has not been approved as a Covid-19 treatment in South Africa,0
Fact Check: The post claiming tonic water and zinc will kill COVID-19 is misleading - Vishvas News,0
Fact Check: Dermatopathologist Ryan Cole Does NOT Back With Data His Claim That Pfizer Vaccine Weakens Patients' Immune Systems,0
Misleading social media posts circulate claiming a Covid-19 vaccination centre in Jakarta is open to all,0
Video shows huge Madrid protest – but it’s not over COVID-19,0
Fact check: Jamaica has recorded over 38K COVID-19 cases,0
Fact Check: President Donald Trump Claims Coronavirus Only Affects Elderly With Comorbidities,0
"No, the BBC didn’t interview a ‘crisis actor’ in a news report",0
Did Fauci Say Wearing Two Masks Is Better Than One?,0
WebQoof Recap: Trolls Target Safoora; Experts on AC During COVID,0
VERA FILES FACT CHECK: These posts DON’T show Indians throwing away Hindu idols amid COVID-19 pandemic,0
MISSING CONTEXT: 2.7% of Pfizer vaccine recipients are unable to work,0
FACT CHECK: Did Glenn Youngkin Call COVID-19 Relief ‘Unnecessary’ In A May 12 Interview?,0
Administering COVID Vaccine Does Not Make You A War Criminal | Misbar,0
Doctored news graphic falsely claims Filipino official advised giving China's Sinovac vaccine to poor people,0
Fact Check: Did VK Singh tweet seeking hospital bed for his own ‘Covid-positive’ brother?,0
"Flawed Paper on COVID-19 Vaccines, Deaths Spreads Widely Before Retraction",0
"Herman Cain Died of COVID-19, Not Cancer",0
Was 'Curb Your Enthusiasm' Filming Season 11 During COVID-19 Pandemic?,0
"This video shows a Brazil carnival in 2018, not a party in Italy",0
"Chiropractor Again Peddles False, Misleading COVID-19 Claims",0
Immunologist’s misinterpretation of data fuels misleading Covid-19 vaccine claims,0
There’s no sign the COVID vaccines’ spike protein is toxic,0
"No, these magnet videos don’t prove the COVID-19 vaccines contain microchips",0
Posts misrepresent CDC study examining mask use,0
A report that a teen died after a COVID shot isn’t confirmed,0
The US National Institutes of Health did not recommend ivermectin to treat Covid-19 patients,0
Fact Check: Pfizer's COVID-19 Vaccine Candidate Does NOT Contain Nanoparticles Never Used Before In Vaccines; Ingredients Are NOT Lethal,0
Claim that Florida is undercounting COVID-19 deaths uses flawed comparison,0
List of unproven COVID-19 treatments debunked by health experts,0
"No, the President hasn't suspended rentals during lockdown",0
This may not be the best time to visit a hair salon – but there is no proof they have caused almost half of coronavirus deaths,0
Dr Ryan Cole Makes False Claims About COVID-19 mRNA Vaccines In Viral Video | BOOM,0
False reports claim John Cena died from Covid-19,0
COVID-19 vaccines don’t destroy T cells or weaken immune system,0
Fact Check: Can inhaling steam kill coronavirus?,0
"COVID-19 Variants Named After Greek Letters, Not Military Code | Misbar",0
Daily cancer deaths not higher than those from Covid during last 40 days – Full Fact,0
FACT-CHECK: Holding your breathe for 10 seconds without coughing DOES NOT mean you are free from COVID-19,0
Did 'The Simpsons' Predict Events of 2020 Back in 1993?,0
A claim of kids killed by COVID-19 vaccines is Pants on Fire,0
"Louisiana governor is right, there was no suggestion Mardi Gras had to be canceled",0
Philippine health experts dismiss misleading online claim that tinospora crispa plants can treat novel coronavirus,0
An Australian professor didn’t say Covid-19 vaccines aren’t vaccines – Full Fact,0
"Italy hasn’t changed its Covid-19 death toll from 130,000 to under 4,000 – Full Fact",0
"Fact Check: CDC Did NOT Document 3,848 Deaths Due To COVID Injections",0
Vladimir Putin's 2012 Visit To Cancer Centre Viral With Sputnik V Claim | BOOM,0
Trey Gowdy Said He Was 'Madder Than Hell' at Pelosi Virus Remarks?,0
There’s no evidence Covid-19 vaccines make the disease worse – Full Fact,0
China Outsources Fort Detrick Pandemic Conspiracy To Philippines,0
"The CDC did not illegally change mortality count rules, inflate Covid-19 toll",0
Doctors giving COVID-19 vaccines aren’t guilty of war crimes,0
New York pension fund does not need a federal bailout,0
Viral Photo Listing 'Release Dates' of COVID-19 Variants is Fake,0
Viral message claims Madurai doctor died one month after vaccination; Fact Check,0
"Lower flu activity this season likely due to COVID-19 restrictions, increased flu vaccination, and other factors, not to misdiagnosis of flu cases as COVID-19",0
"Claims about Russia, Covid-19 and 5G are almost all false – Full Fact",0
Has drug problem worsened under COVID-19?,0
"10,000-bed Sardar Patel COVID Care Centre in Delhi is a joint effort by multiple agencies including Central and State govt.",0
FACT-CHECK: COVID-19 vaccines were not developed to kill Africans,0
Japan has not approved ivermectin as Covid-19 treatment,0
Joe Rogan falsely says mRNA vaccines are ‘gene therapy’,0
Discredited Researcher Perpetuates COVID-19 Hoaxes In Plandemic Video | BOOM,0
"Posts mislead about coronavirus response in Canada, Japan, Germany",0
"PCR tests for COVID-19 are specific for the novel coronavirus SARS-CoV-2 and do not detect other coronaviruses, contrary to claims in viral article and video",0
"Reopening universities will almost certainly not cause 50,000 deaths – Full Fact",0
It’s Not True That 10 Of Londoners Are Infected With Omicron Variant | Misbar,0
False claim circulates on Facebook in Myanmar that chewing betel quid can prevent Covid-19 infection,0
Health authority dismisses claim Canadian child died after Covid-19 vaccination,0
Fact check: Posts on WHO's stance on vaccinating children lack context,0
Experts reject claim that supplements can counter Covid-19 vaccines,0
Video of women spitting inside houses in Rajasthan's Kota given false Muslim angle,0
South Korea does not count Covid cases in double-jabbed as 'unvaccinated infections',0
Inaccurate Covid vaccine ‘Q&A’: fact checked – Full Fact,0
VERA FILES FACT CHECK: Post on PH having ‘fewer’ COVID-19 cases vs Italy MISLEADING,0
"Experts say soap and water is preferable, but high alcohol sanitiser does work – Full Fact",0
Video in a car shares misinformation about Covid-19 vaccines – Full Fact,0
These photos show India’s annual cow dung festival in October 2019 -- weeks before the coronavirus outbreak,0
Congress didn’t give itself a raise in coronavirus stimulus,0
"No, the US Senate has not declared the novel coronavirus is 'a scam'",0
Fact check: India's COVID-19 surge not connected to vaccinations,0
"In Brazil, an Outgoing Health Minister’s Alternate COVID-19 Reality",0
FACT CHECK: South Indian actor's picture shared as doctor who succumbed to Covid-19,0
"No, Kennedy Center and PBS didn’t make COVID-19 kickbacks",0
Did Budweiser Announce Plan To Opt Out of Super Bowl Ads in 2021?,0
Current COVID-19 mortality rate does not predict the future probability of dying from the disease,0
It’s misleading to compare the effectiveness of Covid-19 vaccines and the death rate – Full Fact,0
Funeral director’s viral claims about vaccinated people not based in fact – Full Fact,0
Posts tout unproven remedies for Covid-19 vaccination side effects,0
Fact check: Dr. Dan Stock's COVID-19 vaccine claims are false,0
The Chinese donation consisted of general medical supplies to help fight COVID-19,0
"Fact Check: Over 100,000 Children Are NOT In Serious Condition From COVID-19 As Supreme Court Justice Said",0
Did 13 'Nuns' Die of COVID-19 at a US Convent?,0
Posts misrepresent CDC study on mask mandates,0
This photo actually shows victims of the 2004 Boxing Day tsunami in Thailand,0
Did Australian Stores Ban Chinese Customers Due To COVID-19? | BOOM,0
Study led by UCSF researchers didn’t study vaccinated people’s susceptibility to variants; it found vaccine breakthrough cases to be a minority of infections,0
School Textbook Lists Cure For Coronavirus? A FactCheck | BOOM,0
Old Video Of Deer On A Beach Resurfaces With COVID-19 Lockdown Spin | BOOM,0
This photo has circulated online since 2019 in reports about gun violence -- it does not relate to the coronavirus pandemic,0
Analysis | DeSantis’s effort to blame Biden for the covid surge in Florida,0
Fake CNN Report On Obese COVID-19 Patient Dying Goes Viral | BOOM,0
"Were NSW's coronavirus numbers higher than Victoria's thresholds for lifting curfew, as Scott Morrison said?",0
"No, Biden didn’t ‘fire’ more than 200 Marines",0
Coronavirus: Contact-tracing rumours debunked,0
Marijuana Kills Coronavirus? Meme Viral With False Claims,0
Fact-checking Donald Trump’s criticism of the World Health Organization,0
Fact Check: Video Does NOT Prove A Microchip Reader Used For Pets Found A Chip In A Vaccinated Woman's Arm,0
Govt Spraying Medicine in the Air to Kill COVID-19? It’s Fake!,0
No Entry Restrictions for Unvaccinated People in Kuwait | Misbar,0
"COVID-19 is at least an order of magnitude more deadly than seasonal flu, according to current estimates",0
Fact Check: Drinking alcohol can impair immunity but it won't protect you against COVID-19,0
The Hindu Article Erroneously Links Filovirus Study To Coronavirus,0
Misleading Anti-Mask ‘Study’ Claims They Don’t Prevent COVID-19,0
Child health concerns didn’t prompt new Pfizer vaccine ingredient,0
VERA FILES FACT CHECK: Netizens revive FALSE ‘Inday Sara’ statement vs LGUs on COVID-19 response,0
Pre-pandemic photo recirculates in false posts about Covid-19 outbreak linked to Hong Kong gym,0
More than 30 people are allowed to protest – Full Fact,0
Fact Check: Amitabh Bachchan visited Haji Ali dargah after recovering from Coronavirus is FALSE,0
COVID-19 related deaths are covered under PMJJBY but not under PMSBY,0
Did CDC Tell Parents To Prepare for 'Sudden Sleepover' at Schools Due to COVID-19?,0
"Image shows Brazil’s president crying, not Italy’s prime minister",0
The American Journal of Medicine didn’t recommend hydroxychloroquine as a treatment for COVID-19; scientific evidence doesn’t show hydroxychloroquine is effective against COVID-19,0
Fact check: False claim about FDA and Pfizer's first vaccine dose,0
FB post falsely claims COVID first pandemic in a century,0
Coronaviruses were known to humans decades ago. SARS-CoV-2 (COVID-19) virus is just a new type of Coronavirus,0
Was 2020 a 'Typical Year' for US Deaths Despite COVID-19?,0
Internet providers offer free internet amid coronavirus,0
Does a Photograph Show Michigan Gov. Whitmer Without a Mask?,0
David Icke makes false claim that vaccines are ‘gene therapy’ – Full Fact,0
CDC did not say shots are riskier for children than Covid-19,0
"Cuss Word Used to Tell 3rd COVID Wave’s Impact? No, Pic’s Morphed!",0
New Zealand didn’t OK euthanasia for COVID-19 patients. Voters passed a law for the terminally ill,0
Joe Rogan interview with Peter McCullough contains multiple false and unsubstantiated claims about the COVID-19 pandemic and vaccines,0
This video shows an annual Hindu ritual and has nothing to do with coronavirus,0
"COVID-19 conspiracy about Hollywood arrests, CEO exits gets an F for “Fiction”",0
PNA report on COVID-19 vaccination rollout needs context,0
No evidence rapper DMX had Covid-19 vaccine before his death – Full Fact,0
"Fact Check: COVID-19 Vaccines Are NOT Illegally Called 'Vaccines', Are Effective Against Virus And Do Slow Spread",0
Viral Image Spreads Bogus Trump Quote on COVID-19 Recovery,0
Spanish politician misidentified in posts saying soccer players should find novel coronavirus cure,0
FACT-CHECK: Hydroxychloroquine and Ivermectin NOT proven COVID-19 treatment,0
"Labeled swabs in photo are for quality control, not a sign COVID-19 tests are fixed",0
Posts misrepresent Portugal’s COVID-19 death count,0
Video doesn’t show Indigenous people in Australia protesting vaccines,0
Nunavut Has COVID-19 Cases | Misbar,0
Fact check: Claim that Trump's positive COVID-19 test result is a 'con' has no basis in fact,0
Johnson claims there are no approved COVID vaccines,0
This graphic has been doctored to include a fabricated quote from Leni Robredo,0
"Evidence shows that lockdowns implemented to tackle the spread of COVID-19 have saved lives, contrary to claims in the New York Post",0
Hospital did not fake vaccination of Anthony Hopkins,0
Does This Video Show A Series Of Landmarks In Wuhan? A Fact Check | BOOM,0
The WHO Has Not Announced Any Effective Drugs Against All COVID Variants | Misbar,0
"Italy Has Not Found The Cure For Coronavirus, Nor Is It A Bacteria",0
Does Googling Any 3-Digit Number Followed by 'New Cases' Reveal COVID-19 Conspiracy?,0
"This video of a man escaping health and police officials is from Kerala, not Telangana",0
"FIT WebQoof: No, Tata Health Didn’t Share ‘COVID Medical Kit’ List",0
A Forbes article didn't say COVID vaccines are gene therapy,0
Tucker Carlson’s misleading claim about deaths after COVID-19 vaccine,0
"Did the Doherty modelling predict 80 deaths a day and 2,240 deaths a month after six months?",0
FALSE: No Havana teacher has tested positive for COVID-19,0
Fact check: Video of vaccination features a retractable needle,0
"VERA FILES FACT CHECK: Posts CONCOCT claim that Duterte is ‘angry’ with Duque, Domingo over ivermectin",0
Inaccurate Covid vaccine ‘Q&A’: fact checked – Full Fact,0
Fake CNN Report: COVID Vaccine Recipients Become Cannibals,0
Child hunger and COVID-19 deaths a flawed comparison,0
Is Jackie Chan Giving Cash To People Affected By COVID-19? Not Really | BOOM,0
Debunking the Covid deniers who enter hospitals,0
"Dueling Trump, Biden Claims on COVID-19 Vaccination Distribution",0
No evidence that COVID-19 vaccines cause more severe disease; antibody-dependent enhancement has not been observed in clinical trials,0
No Evidence COVID Vaccines Cause Miscarriages | Misbar,0
Did Anti-Vaccine Radio Host Dick Farrel Die of COVID-19?,0
"Roque errs in COVID data, wrongly classifies countries in WHO regional grouping",0
An old image is being shared as ‘COVID-19 infected woman hugged her child for the last time before death’,0
Is Thrombosis The Leading Cause Of COVID-19 Deaths? A FactCheck,0
Inaccurate posts target Toronto Covid-19 vaccine clinic,0
Coronavirus pandemic is not ‘effectively over’ as op-ed claims,0
FACT CHECK: Does This Video Show Members Of A Singapore Political Party Shaking Hands With Supporters During The Pandemic?,0
FALSE: COVID-19 vaccines cause the immune system to destroy the body,0
Fact check: Morel mushrooms do not increase coronavirus susceptibility,0
"Fact Check: Russia Did NOT Expose COVID-19 With Scientific Data As A Hoax, Did NOT Say It's A Fake Pandemic",0
"This photo circulated online in February 2020, weeks before the Philippine government imposed COVID-19 restrictions",0
No COVID Vaccine Contains Cells from Aborted Fetuses | Misbar,0
Blog post wrong on what Bill Gates said about COVID vaccine,0
Unvaccinated FEMA employees aren’t replacing noncompliant health care workers,0
Fact check: Proteins from COVID-19 vaccines aren't dangerous toxins,0
Fact Check: Did Germany send China a £130 billion bill for coronavirus damages?,0
Ron Paul wrong to say no basis for coronavirus death rate,0
False posts claim Sri Lankan regulators approved traditional medicine as Covid-19 cure,0
COVID Doesn't Have a 99.97 Recovery Rate | Misbar,0
Are Doctors and Hospitals Paid More for COVID-19 Patients?,0
Trump wrong to claim U.S. is padding COVID-19 stats,0
This photo shows South Korea’s governor taking part in a Covid-19 vaccination simulation exercise,0
Anti-Vaccine Posts Use Deceptively Edited Video Clip,0
"Fact Check: Fake MoHFW website seeks money for Covid-19 vaccine, Health Ministry initiates action",0
Fact Check: Do not believe this hoax about microchip implant in coronavirus vaccine,0
Fact-Check: Text Riddled With Falsehoods on Vaccines Goes Viral,0
This video has circulated online since at least 2013 and shows people receiving Bibles,0
Italy’s COVID-19 situation is dire but a photo of coffins is not from the coronavirus pandemic,0
"No, Food Donations Were Not Made In Turkey During COVID-19 'Lockdown' | BOOM",0
Conspiracy Insta post misrepresents Gates interview in false claims,0
"COVID-19 Swabs Sterilized With Ethylene Oxide Gas Are Safe, Experts Say | BOOM",0
No data available to suggest a link between India’s reduction of COVID-19 cases and the use of ivermectin,0
Coronavirus: it’s time to debunk claims that vitamin C could cure it,0
‘A step above injecting bleach’: Vitamin C cure for COVID-19 panned,0
FALSE: COVID-19 vaccines ‘weapons of mass destruction’,0
Unsupported claim that COVID-19 vaccines caused hundreds of serious reactions among military veterans misuses VAERS reports,0
"Is China Seeking Approval to Kill 20,000 Coronavirus Patients?",0
News outlets did not use photo of same boy to report on 3 COVID deaths,0
Virafin by Zydus doesn't have robust clinical data; got emergency approval from DGCI,0
Articles misrepresent data on teen deaths in the UK,0
"Public TV falsely claims Muslim youths in Karnataka refuse coronavirus testing for ""religious reasons""",0
Fake US hospital letter says alcohol reduces COVID-19 risks,0
Where the U.S. Ranks in COVID-19 Deaths Per Capita,0
No evidence of Coronavirus in chicken is found. It's a fake message.,0
Drinking and gargling water will not cure the new coronavirus – Full Fact,0
There is no graphene oxide in the Covid-19 vaccines – Full Fact,0
"An image shows 2018 French protests against a tax on fuel, not Covid-19 restrictions",0
"The Covid-19 test kits are not for use with water, manufacturer says",0
Conspiracy theorist Alex Jones falsely claims Australia and France ditched coronavirus vaccination drives,0
We don’t know exactly how many NHS workers have died from Covid-19 – Full Fact,0
Facebook posts falsely claim the US arrested a Chinese scientist who “created” coronavirus,0
Trump’s ridiculous statement about “total” authority neglects Constitution,0
Did Biden Say You Won't Get COVID if You're Vaccinated?,0
There’s no plot to microchip people during COVID-19 tests,0
Fact Check: New Mask Study Did NOT Prove 'Mask Wearing Basically Doesn't Do A Damn Thing',0
Quick Fact Check: Fake Post Claiming Fenugreek Seed Tape Can Cure Throat Infection During COVID-19 Resurfaces,0
The White House Isn't Selling Coronavirus Coins,0
"COVID-19 is still a virus, not a bacterium as post claims",0
Facebook posts falsely claim Dr. Fauci has millions invested in a coronavirus vaccine,0
"COVID Doesn't Kill More People than Guns, Car Crashes, and the Flu Combined | Misbar",0
COVID-19 mRNA Vaccines Won't Promote Cancer | Misbar,0
"COVID-19 vaccines don’t increase the incidence of poor outcomes during pregnancy, according to current safety data on COVID-19 vaccines",0
"1,102 people haven’t died ‘of’ the Covid-19 vaccine – Full Fact",0
Mass cremation video is not from Hyderabad's Langer House,0
Fact Check: The Little Girl In The Viral Photo Asking For Prayers Does NOT Have Coronavirus - The Sign In The Picture Is Photoshopped,0
Did 85 Babies Under Age 1 Test Positive for COVID-19 in Single Texas County?,0
FactChecking Biden's Town Hall,0
Posts mislead on Pfizer’s new COVID-19 vaccine formula,0
"Fauci Didn't Invent, Won't Profit from Remdesivir",0
Fact Check: Did South African Epidemiologist Accurately Predict Nation's COVID Surge?,0
"Facebook post about Italy, coronavirus and 5G is almost all false – Full Fact",0
Fact check: COVID-19 VAERS death reports not verified,0
Posts mislead about vaccine outreach report,0
"VERA FILES FACT CHECK: Anti-vax doctor, ex-education Usec peddle falsehoods about COVID-19 jabs",0
Fact Check: Are Copper Masks Effective Against Coronavirus?,0
Ukrainian soldiers have not died after having an American Covid-19 vaccine – Full Fact,0
Brazilian MP was angry because new COVID-19 hospital was not operating yet,0
Did 7 Children Die in Senegal from COVID-19 Vaccine?,0
Video Misrepresents the Science Behind Face Masks,0
Saint Luke’s Hospital notice recommending alcohol consumption to reduce the risk of COVID-19 infection is fake,0
Trump Spins ER Statistic to Claim U.S. Is in 'Great Shape' on COVID-19,0
Coronavirus: Dated Photos Of Kanika Kapoor Meeting Prince Charles Surface With False Claim,0
Mayim Bialik and Sons Got COVID-19 Vaccine,0
Fact Check: NO Evidence Of 'Epidemic Of Plane Crashes Linked To COVID-19 Jab',0
Fake News: 'High-Level Exercise' Conducted 3 Months Ago Did NOT Show That A Coronavirus Pandemic Could Kill 65 Million People,0
"No evidence to support these 'statistics' about effectiveness of face masks, expert says",0
Quick Fact Check: Fake Post Claiming China Seeks Court’s Approval To Kill 20000 Coronavirus Patients Resurfaces - Vishvas News,0
Fact Brief: Do COVID-19 vaccines contain exclusive nanotechnology to create a 'slave species'?,0
This CT Scan report does not represent the lungs of a COVID-19 vaccinated person,0
Indigenous Americans Have Higher COVID Rates | Misbar,0
COVID-19 survival rate not proof vaccine unnecessary,0
Was Joe Biden Warning About Coronavirus Back in January?,0
This Morning guest makes misleading claims on vaccine efficacy – Full Fact,0
Is US COVID-19 Case Total Highest Globally Due to 'Great Testing'?,0
VERA FILES FACT CHECK: ‘Memo’ of US hospital to drink alcohol to ‘reduce risk’ of COVID-19 FAKE,0
Current data from clinical trials offer no reliable evidence that ivermectin is effective against COVID-19; better-quality clinical trials are needed to resolve this question,0
Old video recirculates online in misleading posts about Philippine economy during Covid-19 pandemic,0
Data on how far people travel to get a Covid-19 test isn’t all that useful – Full Fact,0
Did McDonald's Announce 'Huge Changes' to Their Restaurants Due to COVID?,0
This is an old picture taken before the pandemic,0
WHO has not accepted any Indian student’s home remedy for COVID-19 cure,0
Michael Davitt GAC offered as a coronavirus field hospital?,0
Mask wearing doesn’t cause bacterial pneumonia – Full Fact,0
"No, fight against coronavirus isn't rounding the corner",0
"Trump Falsely Says COVID-19 Surge 'Only' Due to Testing, Misleads on Deaths",0
"Fact Check: WHO didn't issue proposal for extending lockdowns to control COVID-19, fake post getting viral - Vishvas News",0
"No scientific evidence that neem leaves can 'cure’ COVID-19 and its symptoms, doctors say",0
Covid-19: Recent claims about cremations and vaccines fact-checked,0
Fact Check: Video Does NOT Prove COVID-19 Vaccine Contains A Magnetic Microchip,0
Scientists warn against over-the-counter coronavirus ‘cures’,0
FACT-CHECK: Claim that some COVID-19 vaccines are less effective than previously announced is FALSE,0
US regulatory document circulates in misleading Facebook posts that undermine the Pfizer-BioNTech Covid-19 vaccine,0
Can COVID-19 Vaccines Cause Neurodegenerative Diseases? A FactCheck | BOOM,0
Fact Check: 2017 Fictional 'SPARS Pandemic Scenario' Document Is NOT Proof Of A Planned Pandemic,0
Did a 2-Year-Old in Virginia Die After Getting COVID-19 Vaccination?,0
Biden Hasn't Reduced COVID-19 Testing at the Border,0
COVID-19 vaccines effectively prevent severe disease; haven’t shown signs of antibody-dependent enhancement as claimed by Robert Malone,0
Trump Jr. Did Not Get Banned From Twitter | Misbar,0
Fact Check: FB video by German scientist claiming chlorine dioxide can act against coronavirus is false,0
This Photo Isn't in Berlin | Misbar,0
Will Flu Vaccine Make You Test Positive For COVID-19? A Fact Check | BOOM,0
Message Claiming Coronavirus Can Last Up To 8 Hours In Air Is Misleading | BOOM,0
Macron didn’t say he would no longer sacrifice his life for people who refuse Covid-19 vaccines – Full Fact,0
2019 Photo From Prayagraj Shared As Kumbh 2021 Amid COVID-19 Surge,0
Are the COVID Vaccines Experimental? Did They Skip Animal Trials?,0
Did Labour turn a big surplus into deficit before COVID-19 struck NZ?,0
Fact Check: Image of Bangladeshi immigrants in Malaysia viral as plight of 'Hindus' in India,0
VERA FILES FACT CHECK: ‘Hindi vaccine kundi asin’ post touts FALSE COVID-19 cure,0
"VERA FILES FACT CHECK: Anti-vaccine advocate spreads FALSE claims on COVID-19 vaccine, face masks",0
Facebook posts falsely link Astroworld deaths to Covid-19 vaccines,0
Did Betsy DeVos Say Schools Can't Plan for a COVID-19 Outbreak That 'Hasn't Happened Yet'?,0
Madhya Pradesh’s largest COVID-19 care centre was not built by RSS,0
‘Hidden’ COVID-19 vaccine reactions data is far from secret,0
This Facebook post isn’t by tennis player Serena Williams – Full Fact,0
Fake Ministry of Health 'advisory' about Coronavirus viral on social media,0
Did the Same Person 'Die Twice' from COVID-19?,0
Incarcerated People Will Get Relief Checks | Misbar,0
Fact check: Doctored video falsifies VP Harris' ​comments on vaccine,0
Back-to-school claim misuses 2017 Chinese seniors photo,0
"As COVID-19 cases spike in US, mask misinformation also spreads",0
Why masks for COVID-19 don’t need to go in biohazard bins,0
False COVID-19 hotline number shared on Facebook in Ontario,0
Video in a car shares misinformation about Covid-19 vaccines – Full Fact,0
The Nuremberg Code doesn’t apply to COVID-19 vaccinations,0
Testing positive for Covid-19 doesn’t necessarily mean you’ll get ill – Full Fact,0
Fact Check: Video of mufti challenging lockdown order is from Pakistan and not India,0
Chloroquine/SARS study doesn’t prove hydroxychloroquine works against COVID-19,0
"Old, unrelated photo shared as family commits suicide in Surat due to hunger during lockdown",0
Fact Check: This decoction cannot cure COVID-19 in 24 hours; however it can help in boosting immunity - Vishvas News,0
Fact Check: Milkha Singh has not died of COVID-19,0
Ivermectin isn’t a highly effective drug for treating COVID-19,0
COVID-19 vaccines offer benefits even to those previously infected,0
"Video misrepresents Biden statements, policies on guns",0
Is This 'Barack + Hussein + Obama = COVID-19' Protest Sign Real?,0
"No, churchgoers don’t have to register with the government",0
This video actually shows a scene from a Mexican television drama,0
COVID-19 vaccine microchip and magnet claims don’t stick,0
Fake Message Claims JJ Hospital Giving COVID-19 Vaccines To All Above 45 | BOOM,0
"No, empty hospital beds do not indicate COVID-19 is a hoax",0
Ticketmaster won’t demand proof of a Covid-19 vaccine for concert entry – Full Fact,0
No evidence of Coronavirus in Mutton was found. There is no harm in consuming thoroughly cooked meat,0
Infowars video on Australia’s COVID vaccine program misfires,0
No evidence Pfizer Covid-19 vaccine affects women’s fertility – Full Fact,0
Cardinal Malcom Ranjith Didn’t File a FR Petition Challenging the Cremation of Catholics Due to COVID19,0
Fact-Check of LED Lights Up at COVID-19 Vaccination Spot: Viral Video Claims LED Bulb Lights Up at COVID-19 Vaccination Spot.,0
Vaccines Provide Protection Against Delta Variant | Misbar,0
Pfizer CEO Has Not Taken COVID Vaccine | Misbar,0
Fake 'roadmap' for India's plans to relax coronavirus lockdown circulates online,0
"Vaccines are highly effective against COVID-19, but unvaccinated people can still endanger vaccinated people, contrary to Tucker Carlson’s claim on Fox News",0
False posts claim a woman's menstrual cycle affects efficacy of Covid-19 vaccination,0
"No Lockdown Extension Announcement Yet, Fake Bulletin Goes Viral!",0
Fact Check: COVID Vaccines Do NOT Contain Hydrogel Nanobots Capable Of Reproducing And Of Implanting False Memories,0
Fact Check: NO Evidence San Francisco Hospital Faked Positive COVID-19 Tests,0
Does Johns Hopkins University's Coronavirus Map Contain Malware?,0
FACT CHECK: Has A Vaccine For The Novel Coronavirus Been Used On Cows ‘For Years’?,0
"Fact Check: No, This Photo Has No Connection With COVID-19 Vaccination; Viral Post Is Fake - Vishvas News",0
This clip was edited for a TV show -- the full video shows Pence joking about empty boxes,0
Did Trump Decry Low-Flow Showers and Dishwashers During a Pandemic?,0
Coronavirus: The fake health advice you should ignore,0
Why It's Easy to Misinterpret Numbers of Deaths Among the Vaccinated,0
Fact check: British boy's death not tied to COVID-19 vaccine,0
The Covid-19 vaccines have not only been tested on healthy people as claimed – Full Fact,0
Will Garlic Water Cure Coronavirus?,0
Flu shots aren’t causing false positive COVID-19 tests,0
Fact Check: Can this anti-tuberculosis vaccine prevent coronavirus?,0
Social media video makes false claims about Covid-19 – Full Fact,0
Fact Check: Claim about Ram Mandir trust chief testing positive for COVID-19 is TRUE,0
Does 'ABA' Letter Prove Anyone Making COVID-19 Masks Can Be Sued?,0
Your pets almost certainly won’t give you Covid-19 – Full Fact,0
Fact Check: Johns Hopkins Student Paper Retracted Because CDC Data DOES Show Excess Deaths Caused By Covid-19,0
Fact check: Neither Biden nor Trump is calling for mandated COVID-19 vaccines,0
"Fact check: No, two drops of lemon juice in your nostrils cannot cure COVID-19",0
"Fact Check: There Is NO Proof 2,000 People Died From The COVID-19 Vaccine And People Over 60 Do NOT Need To Have Someone With Them For 20 Days After The Shot For Health Precautions",0
False claim circulates online in the Philippines that Canada is ‘free’ of the novel coronavirus,0
CCTV from 2020 falsely viral as COVID patient killed in Bengaluru's Oxford hospital,0
"Fact Check of Coronavirus Press Release by PMO: No, the Press Release Circulating on Social Media Is Not From PMO",0
Posts mislead on Israel vaccine data,0
Covid-19: Debunking the latest wave of medical misinformation,0
Fact check: Pennsylvania voters exposed to COVID-19 can still vote,0
Did a Gymnast Celebrate by Showing Off Vaccination Card?,0
Fact check: Medicare pays hospitals more money for COVID-19 patients,0
CDC encourages use of new tests that detect both COVID-19 and the flu,0
Fact-checking viral video alleging some New York hospitals are ‘murdering’ COVID-19 patients,0
South Korean Facebook users share false Covid-19 prevention tips,0
Social media posts misrepresent Pfizer-BioNTech Covid-19 vaccinations in Germany,0
"No, the WHO has not ranked Zimbabwe highly on COVID-19 response as claimed by Mnangagwa",0
Why your phone has ‘COVID-19 exposure logging’,0
"No, the kidneys were not robbed by this Mumbai hospital on the pretext of COVID-19",0
Fact Check: Old picture from Prayagraj shared as Haridwar Kumbh Mela with Covid twist,0
Did A Study Find A Link Between COVID-19 mRNA Vaccines And Cancer? | BOOM,0
"No, you don’t have to pay back your stimulus check",0
Bill Gates wasn’t in NZ this year and those microchip claims have already been debunked,0
Did Musician Dr. Creep Predict the COVID Pandemic in a 2013 Song?,0
Unvaccinated people are among those dying of Covid-19 – Full Fact,0
"No, Daniel Radcliffe does not have the coronavirus",0
No reports Queen Elizabeth tested positive for COVID-19,0
No evidence that Pfizer COVID-19 vaccine causes blood clots,0
Satire: Pope Comments on Vaccine and Heaven | Misbar,0
"Fact check: Fauci didn't say half of CDC, FDA employees refused COVID-19 vaccine",0
"ABP News quotes ICMR study to praise lockdown, ICMR says no such study published",0
FACT CHECK: Did The CDC Say PCR Tests Do Not Distinguish Between COVID-19 And The Flu?,0
"VERA FILES FACT CHECK: After long absence from public view, Duterte makes three inaccurate claims in April 12 talk",0
FALSE: Ghana’s National Service Secretariat withholds payments to personnel until COVID-19 is over,0
VAERS data misused to spread fears about vaccine’s impact on fetal health,0
Italy didn’t arrest a doctor for murdering COVID-19 patients,0
Fact-checking President Donald Trump on the coronavirus,0
"FAKE: Ghana's total confirmed cases of coronavirus not 1,064",0
Hydroxychloroquine is Not a Safe Treatment for COVID-19 | Misbar,0
Meme Misconstrues Efficacy of Face Masks in Spread of COVID-19,0
Did First COVID-19 Vaccine Recipient Suspiciously Appear in News Report Months Earlier?,0
Germany Did Not Halt COVID-19 Vaccines nor Claim They Are Unsafe | Misbar,0
Viral Video of Amitabh Bachchan Thanking Nanavati Medics is Old,0
"False claims from funeral director about facemasks, vaccines and the pandemic – Full Fact",0
"Fact Check: No, COVID-19 Doesn't Mean 'See A Sheep Surrender' In Latin, Viral Claim On Etymology Of COVID-19 Is Fake",0
"Debunked: No, the media has not been told when future Covid-19 variants will be 'released'",0
Florida local coronavirus measures still in place despite prohibitions on fines,0
This video has been falsely subtitled to claim North Korea executed a Covid-19 patient,0
‘Russophobic’: Kremlin Denies Evidence of Russian COVID-19 Disinformation Campaign,0
Did Greta Thunberg Appear as Coronavirus 'Expert' on CNN?,0
False claims that Nigeria is coronavirus-free circulate online,0
Irish agency says poster listing ‘death’ as COVID vaccine side effect is fake,0
Was COVID-19 Found in Packages of Toilet Paper?,0
Ohio doctor didn’t die from COVID-19 vaccine,0
Experts dismiss purported doctor's 'ridiculous' claim that ingesting semen could cure COVID-19,0
VERA FILES FACT CHECK: COVID-19 vaccines are NOT dangerous,0
COVID-19: Old Video from Azerbaijan Shared as Lockdown in Spain,0
Fact check: Trump could have been exposed to COVID-19 before debate,0
Independent SAGE’s estimated death rate is too high – Full Fact,0
Did Vladimir Putin's Daughter Die After Taking COVID-19 Vaccine?,0
Dexamethasone May Help COVID-19 Infections | Misbar,0
FACT CHECK: Does The Pfizer COVID-19 Vaccine Contain Graphene Oxide?,0
Fact Check: Bill Gates Did NOT Write Open Letter Saying COVID-19 Reminds 'We Are All Equal',0
Is the government 'sneakily' trying to change encryption rules?,0
Global charity patches together stat about African teen lockdown pregnancies,0
Experts dismiss claim that holding your breath helps test for COVID-19,0
Pfizer phone message about vaccine approval misrepresented,0
Fact check: COVID-19 vaccine not associated with neurodegenerative disease,0
Does Video Show Chinese Children Wearing Hazmat Suits?,0
FALSE: Photos of religious statues discarded in India due to COVID-19 crisis,0
U.K. Pol Misleads on COVID-19 Vaccine and DNA,0
This Pakistani bank said no employees had tested positive for COVID-19 and its branches remained open,0
This video shows a hospital in India,0
Joe Biden overstates how well vaccines prevent person-to-person virus spread,0
Fact check: COVID-19 vaccines won't cause a zombie apocalypse,0
No evidence to support claim Tanzania’s virus-sceptic president was murdered,0
Did Trump Say in February 2020 That COVID-19 Is Deadlier Than the Flu?,0
Antibiotic ointment not effective against COVID-19,0
