spokesperson,question,answer
Karoline Leavitt,Good afternoon.,How are we today?
Karoline Leavitt,Good.,"Good.During his inaugural address, President Trump promised that America would be a manufacturing nation once again, and liberal pundits mocked him for it, but those critics were proven wrong once again. On the heels of President Trump's Oval Office meeting with Apple CEO Tim Cook last week, Apple just announced its largest-ever commitment to American jobs in industry with plans to spend and invest more than $500 billion in America over the next four years.Over the course of the current Trump administration, Apple plans to hire around 20,000 new workers, creating high-paying jobs right here in America. And the investment isn't limited to one specific region of our country. Apple teams and facilities will expand all over our country: in Arizona, California, Iowa, Nevada, North Carolina, Michigan, Oregon, Texas, and Washington. With President Trump in charge, America is open for business.Apple CEO Tim Cook said it best in the company's announcement, We are bullish on the future of American innovation.On top of this incredible Apple announcement, President Trump already announced more than $1 trillion in pledged investments into the United States.And on another important note that the American people entrusted President Trump to fulfill, this administration's efforts to seal the border continue to prove extraordinarily successful.In President Trump's first month back in office alone, illegal border crossings hit lows not seen in decades, down 94 percent over the past year, while interior arrests are up 134 percent.And this past Saturday -- this is a significant statistic that I wanted to share with all of you -- there were only 220 illegal border crossings on Saturday. This is a 15-year low. Think about that in comparison to the amount of illegal border crossings we saw under the previous administration.Fox recently reported that a San Diego migrant shelter is closing its doors after saying they have not received new asylum-seeking families or individuals since January 20th. We all know what happened on January 20th, don't we?And yesterday, New York City Mayor Eric Adams announced that the massive Roosevelt Hotel migrant shelter in Manhattan will shut down in the next few months.We're also seeing a reverse migration effect. There are now verified reports from the Associated Press of migrants abandoning their journey to the United States and heading back home. This is the first time the Border Patrol has received these reports since 2020, during President Trump's first term. The returning migrants claimed in interviews that the new heavy security posture adopted by the Trump administration was a significant reason for their decision to return to the countries of their origin.Overall, the American people continue to overwhelmingly give President Trump very positive marks. Nearly every one of President Trump's policy initiatives are receiving strong majority support, and I have noted that in every briefing since Inauguration Day.81 percent of Americans support deporting illegal migrant criminals from our nation's interior.76 percent of Americans support the DOGE-led efforts of a full-scale investigation to find and eliminate fraud and waste in government expenditures.Again, this is from a Harvard/Harris poll, a very legitimate pollster.76 percent of Americans support closing the border.69 percent of Americans support President Trump's commonsense efforts to ban men from women's sports. As you all know, we celebrated that executive order at the White House a couple of weeks ago.65 percent of Americans support the president's efforts to eliminate all preferences by race in the hiring and awarding of government contracts, which is another pledge that DOGE is working hard to fulfill.And 61 percent of Americans -- the vast majority -- support the president's plan for reciprocal tariffs to ensure that other countries are treating us the way we have always been treated.Despite what many Democrats and media members want you to believe, the Trump agenda is not only necessary, but it is overwhelmingly popular. Why? Because it's driven by common sense.And finally, as you all saw yesterday, a federal judge denied the Associated Press's emergency motion for a temporary restraining order against myself; our deputy chief of staff, Taylor Budowich; and our chief of staff, Susie Wiles, for our decision to remove the Associated Press from the White House press pool for certain and special events.The judge's ruling upholding our decision to deny the Associated Press such privileged access reinforces the truth, and it reiterates what I said from this podium last week when that suit was filed: asking the president of the United States questions in limited spaces, such as the Oval Office and Air Force One, is a privilege that unfortunately has only been granted to a few. It is not a legal right for all.The Trump Administration has already proven to be the most transparent ever and this president the most accessible in history. This is evidenced by President Trump's daily press conferences in the Oval Office, where he takes many questions from the journalists who have the honor and privilege of standing before the beautiful Resolute Desk.The president and this entire White House are committed to ensuring the American people continue to receive this same level of historic transparency, access, and visibility.In fact, we want to double down and give even greater access to the American people. We want more outlets and new outlets to have a chance to take part in the press pool, to cover this administration's unprecedented achievements up close, front and center.As you all know, for decades, a group of D.C.-based journalists, the White House Correspondents' Association, has long dictated which journalists get to ask questions of the president of the United States in these most intimate spaces. Not anymore.I am proud to announce that we are going to give the power back to the people who read your papers, who watch your television shows, and who listen to your radio stations.Moving forward, the White House press pool will be determined by the White House press team. Legacy outlets who have participated in the press pool for decades will still be allowed to join, fear not, but we will also be offering the privilege to well-deserving outlets who have never been allowed to share in this awesome responsibility.Just like we added a new media seat in this briefing room, legacy media outlets who have been here for years will still participate in the pool, but new voices are going to be welcomed in as well.As part of these changes, we will continue the rotation amongst the five major television networks to ensure the president's remarks are heard far and wide around this world. We will add additional streaming services, which reach different audiences than traditional cable and broadcast. This is the ever-changing landscape of the media in the United States today.We will continue to rotate a print pooler who has the great responsibility of quickly transcribing the president's remarks and disseminating them to the rest of the world. And we will add outlets to the print pool rotation who have long been denied the privilege to partake in this experience but are committed to covering this White House beat.We will continue to rotate a radio pooler and add other radio hosts who have been denied access, especially local radio hosts who serve as the heartbeat of our country.And we will add additional outlets and reporters who are well suited to cover the news of the day and ask substantive questions of the president of the United States, depending on the news he is making on that given day.This administration is shaking up Washington in more ways than one. That's what we were elected to do. As I have said since the first day behind this podium, it's beyond time that the White House press operation reflects the media habits of the American people in 2025, not 1925.A select group of D.C.-based journalists should no longer have a monopoly over the privilege of press access at the White House. All journalists, outlets, and voices deserve a seat at this highly coveted table.So, by deciding which outlets make up the limited press pool on a day-to-day basis, the White House will be restoring power back to the American people, who President Trump was elected to serve.So, in that note, in our new media seat today, we have Shelby Talcott, who is a White House reporter for Semafor. In 2022, Semafor launched as a global digital news platform with the aim of bringing meaningful innovations to the news industry. Today, they have nearly 1 million newsletter subscribers, spanning 11 separate editions.With that, Shelby, I will take your questions."
Karoline Leavitt,"Thanks, Karoline. I've got two for you. One on foreign policy. Over the weekend, the president's special missions envoy, Ric Grenell, was talking about Venezuela, and he said that the president isn't someone who wants regime change. Other administration officials have made clear that they don't see Maduro as the rightful leader. What is this administration's policy on a new government in Venezuela?",I think the president has made his position on Venezuela quite clear. He stands in opposition to the Maduro regime.And Secretary Rubio has spoken on this extensively as well.
Karoline Leavitt,"And then, on DOGE. Last night, Elon Musk said that a Failure to respond a second time will result in termination. Will there be additional rounds of the What did you do this week email from DOGE to federal workers? And what's the guidance on the federal workers who have been instructed by their agencies not to reply?","So, a couple of things on this. First of all, let's just take a step back and talk about this idea. The president sent out a Truth last weekend to Elon Musk saying he loves everything Elon is doing, and he wants him to be even more aggressive, because DOGE, thus far, has proven incredibly successful in making our government more efficient.And so, Elon and DOGE came up with this idea. Elon has implemented this at his private companies. It has proven successful. And it's a very simple idea, when you think about it. All the Office of Personnel Management is asking, all this administration is asking, President Trump is asking is for federal workers who live off of the American taxpayers' dime to send five bullet points of what they have done in the previous week. That is all we are asking for.And so, the Office of Personnel and Management sent out additional guidance last night. Those responses should be directed to agency leadership, and the president defers to his Cabinet secretaries, who he has obviously entrusted, to pursue the guidance relative to their specific workforce.And for some of the agencies that you've seen who have said please don't send these emails, it's in their best interest for that specific agency, and the president supports that.And let me be very clear, the president and Elon and his entire Cabinet are working as one unified team, and they are implementing these very commonsense solutions."
Karoline Leavitt,Thank you.,You're welcome.Jacqui.
Karoline Leavitt,"Thank you. One follow-up on her question. So, about the deadline, Alina Habba said that you have until tonight. Elon Musk said a Failure to respond a second time would result in termination. So, is that a real deadline? Should -- should federal workers be looking to that guidance, or should they be looking to the agency heads? Like, what is the actual deadline?","So, again, the agency heads will determine the best practices for their employees at their specific agencies.Again, this was an idea that Elon came up with. DOGE worked with OPM to actually implement the idea. And the secretaries are responsible for their specific workforce. And this is true of the hirings and the firings that have taken place.And we advise federal workers, unless your agency has dictated you not to, to respond to this email. In fact, I can announce that we've had more than 1 million workers who have chosen to participate in this very simple task of, again, sending five bullet points to your direct supervisor or manager, cc'ing OPM. I actually participated it in [it] myself. It took me about a minute and a half to think of five things I did last week. I do 5 things in about 10 minutes. And all federal workers should be working at the same pace that President Trump is working and moving.We have a country to save, and we want this federal government to be responsive to the needs of the American people who reelected this president to have historic, massive reform, and that's what the intention of this idea is."
Karoline Leavitt,"Can you clarify one thing, though, because Elon Musk also said that a reason that they wanted this five things email was just to see if people are actually alive, citing that there are some federal workers --",Yeah.
Karoline Leavitt,"-- who might not even be alive. So, meantime, NBC is reporting that these responses are going to go into an AI generator to evaluate whether these jobs are necessary. So, is it just to see if people are actually working, or is it an effort to maybe cut some of those jobs?","I have not seen that NBC News report, and I haven't heard that from DOGE or from Elon himself. Again, this is to ensure that federal workers are not ripping off American taxpayers, that they are showing up to the office, and that they are doing their jobs. That's what the American people expect, and it's a very simple task to complete.I did it myself, and I was more than happy to do it because I'm very grateful that I am serving the American people on the American taxpayers' dime."
Karoline Leavitt,"Do you think DOGE should hire a spokesperson, just so that Elon Musk doesn't put out tweets that then confuse federal workers?","Are my press briefings not good enough for you, Jacqui? (Laughter.)John."
Karoline Leavitt,"Karoline, thank you. In the -- in the ruling by Judge McFadden yesterday, who dismissed the lawsuit that AP brought against yourself and -- and your -- and your team members here and President Trump, in there, he said, Why not just do away with the entire White House Correspondents' Association along with it, because, essentially, they have no authority. They just usurped it. What is your reaction to that?","Well, first of all, John, it's great to see you."
Karoline Leavitt,Thank you.,And you are one of those individuals who has a streaming platform that hundreds of thousands of people tune into every day.
Karoline Leavitt,Thank you.,"So, it's great to see you in the briefing room.I did address that, actually, in my opening remarks by announcing that the White House press team and this administration will determine who gets to enjoy the very privileged and limited access in spaces such as Air Force One and the Oval Office.There are, as you know -- look at this room -- hundreds of journalists who show up to this building every single day and are not granted that luxury of flying on Air Force One and asking the president of the United States questions. And so, we want to ensure, again, everyone has a seat at that highly coveted table.But, alas, the legacy media outlets who have been doing this for quite some time and have invested resources into covering the White House, their spots will remain, just like they have in this briefing room as well."
Karoline Leavitt,Thank you.,Sure.Steve.
Karoline Leavitt,Could you give us an update on the negotiations around the Ukraine minerals deal? And -- and when is President Zelenskyy going to v- -- come visit?,"So, the president talked at length about this yesterday, the critical minerals deal, with President Macron --"
Karoline Leavitt,Yes.,"-- and in the more than hour-long press conference he gave all of you in the Oval Office himself.There hasn't been significant updates since the president's remarks last night, but I will just reiterate his position. It's critical that this deal is signed. He expects President Zelenskyy to sign a deal. This is to recoup American tax dollars that have been funding Ukraine's national defense. And it's also great for the Ukrainian people, who have been put through hell because of this war. And it will create a lasting economic partnership, as Ukraine will need to rebuild their country because of this brutal war."
Karoline Leavitt,And then just to follow. Has Steve Witkoff delayed his trip to the Middle East so he can concentrate on this minerals deal?,"I don't want to comment on Mr. Witkoff's travel plans or read anything out, just for obvious reasons.But he, you know, remains very much working. That man is working around the clock to secure this deal with Russia and Ukraine, alongside Secretary Rubio and Secretary Bessent, General Keith Kellogg.He's also working very hard to secure a peace deal in the Middle East as well. So, God bless him. And he's working alongside the president every single day.Sure."
Karoline Leavitt,"Thanks, Karoline. The president's executive order creating DOGE called for the naming of a DOGE administrator.",Mm-hmm.
Karoline Leavitt,Who is the DOGE administrator?,"So, the president tasked Elon Musk to oversee the DOGE effort. There are career officials and there are political appointees who are helping run DOGE on a day-to-day basis. There are also individuals who have onboarded as political appointees at every agency across the board to work alongside President Trump's Cabinet to find and identify waste, fraud, and abuse, and they are working on that effort every day.Reagan."
Karoline Leavitt,Thank you.,Reagan.
Karoline Leavitt,"Thanks, Karoline. I have two for you today, one on the border wall and one on the DHS investigation.",Sure.
Karoline Leavitt,"First, on the border wall. Border wall construction has restarted in Texas and California under contracts awarded under Trump's first term. Is the president looking to secure new contracts? And how is he defining success in terms of border wall construction in this administration?","The border wall is a signature promise of President Trump's campaign. He talked about it way back in 2015 and 2016, and people laughed at him for bringing up this idea. It's proven to be not only an idea that he delivered on in his first term and continues to deliver on in his second term, but it's also proven to be highly effective.In fact, we know where there were parts of President Trump's border wall built and standing under the previous administration, illegal border crossings dropped 87 percent where there was a border wall. So, the wall is an incredible deterrent factor for illegal migrant caravans.The president is committed to the continuation of the construction of the wall.And, you know, the previous administration actually sold off the resources that the Trump administration secured to build the wall, and that's an egregious misuse of the American taxpayers' money. They just let those resources rot on the southern border. They actually sold them for pennies on the dollar.So, this administration, DHS and ICE and Customs and Border Patrol and Tom Homan and all of the great people you know who are working on this effort are committed to continuing the construction of President Trump's border wall."
Karoline Leavitt,On the DHS investigation into people who might be leaking within the administration. Will the White House release the names of the individuals that DHS Secretary Noem said were caught leaking details of the ICE raid? And can you share how many leakers have been caught so far and what agency they were a part of?,"I would defer you to DHS on the leakers that they have identified, but I know the president and this White House commend Secretary Noem for launching an internal investigation to identify those leakers, because it's unacceptable for career bureaucrats who are standing in the way of the will of the American people in enacting President Trump's agenda.If they don't want to adhere to the will of the 77 million Americans who reelected President Trump, then they should go find another job. And if they continue to leak information, especially information that is critical to protecting Border Patrol agents and ICE agents who are out there doing jobs that not many people are willing to do, putting their lives on the line to protect our national security, then those individuals absolutely should be fired, and this administration is committed to finding them."
Karoline Leavitt,Karoline.,Sure.
Karoline Leavitt,"Karoline, two questions for you, one related to Guantanamo Bay, the other to the White House Correspondents' Dinner. I wanted to get your response to some Washington Post reporting of the migrants who stayed over at Guantanamo Bay for the last two weeks. They told the Post they were rarely let outside. They were shackled and placed in what they described as cages, and alleged that they were not treated as human beings. Does the White House have any response to those conditions?",At Guantanamo Bay?
Karoline Leavitt,Mm-hmm.,"It's a promise the president campaigned on, that if you invade our nation's borders, if you break our country's laws, and if then you further commit heinous, brutal crimes in the interior of our country, like raping and murdering innocent law-abiding women and girls and committing heinous acts of violence, then you are going to be deported from this country, and you may be held at Guantanamo Bay. These are criminals we are talking about. Don't forget that."
Karoline Leavitt,On the --,Sure.
Karoline Leavitt,"Yeah. Thank you. So, U.S. consumer confidence fell this month the most since August of 2021. What is your message for Americans who are concerned about the impact of things, such as tariffs, on prices?","Yeah, sure. Well, thank you for that question. It's obviously an important one.The president campaigned on reigniting the Trump economy and fixing the mess that was created by the previous administration. We know they created an economic and an inflation nightmare for the American people, and I'm not going to stand up here and lie to you like my predecessor did about the state of our economy.We understand there are people that are hurting, and this administration is wholeheartedly committed to ensuring that those individuals see relief and price reductions and tax cuts and in less regulations that are burdensome on their household and their businesses. And the president and this entire administration are focused on that every day.I can go through the very long list of economic actions this president has taken. I know you work for Bloomberg, so I'm sure you're well aware of them. But I can assure the American people that the president is very much focused on bringing down the cost-of-living crisis in this country that was created by the previous administration."
Karoline Leavitt,Thanks. If I could just ask a quick follow-up --,Sure.
Karoline Leavitt,"Is the president planning on whipping any votes to -- for support for the House budget vote? And if so, to whom is he making calls?","I'm not aware of any calls that he has made. I did talk to the president about his position on this just before coming down here, and he said that he's made it very clear to the Hill what his priorities for a budget are. He said it to the Speaker of the House. He said it to Leader Thune. The Senate and the House know what President Trump want and know what the American people want, and so he expects Congress to get it done.He's looking at the proposal from the House. He will also be looking at the proposal that, I believe, the Senate is drafting up as well."
Karoline Leavitt,Karoline.,Sure.
Karoline Leavitt,"Thank you. Thank you, Karoline. I have a few questions. Does the United States -- I'm sorry. Let me look at my notes.","Well, why don't you identify your question, and I'll come back to you."
Karoline Leavitt,"Karoline, can I follow up on the budget question?",Sure. Go ahead.
Karoline Leavitt,"Thank you. So, what guarantee that Israel will withdraw from Lebanon soil after two weeks as the ceasefire terms was -- like, indicates?","I'm not sure about the guarantee that you're referring to.I can tell you that this administration remains very much engaged. We know the deadline for the phase one ceasefire is imminent. So, Steve Witkoff, whom I mentioned earlier, and the president's administration and his team and the president himself remain very much engaged.We want to see the ceasefire continue. And the president has made it very clear he wants to see all of the hostages who have been held in captivity in Gaza returned home.Jeff."
Karoline Leavitt,"Karoline, I was wondering if -- is Elon Musk going to attend the president's first Cabinet meeting tomorrow?","He is, as a matter of fact. I spoke to the president about that before coming down here as well. And Elon, considering he is working alongside the president and our Cabinet secretaries, this entire administration will be in attendance tomorrow just to talk about DOGE's efforts and how all of the Cabinet secretaries are identifying waste, fraud, and abuse at their respective agencies.We look forward to the meeting tomorrow, and I think you'll be hearing from the president and his Cabinet when they're on campus tomorrow. I hope you guys are excited."
Karoline Leavitt,Since some of those Cabinet members were caught off guard by the email from Saturday --,Nobody was caught off guard.
Karoline Leavitt,"A few departments said they were caught off guard. The FBI was, the DOJ was, the Department of Defense was.",Did anonymous sources say that or did the Cabinet secretaries say that?
Karoline Leavitt,The Cabinet secretaries and others have said that they were not aware that this was happening.,"I would reject the premise of your question, Jeff. The Cabinet secretaries have not said that. I know anonymous sources, probably career bureaucrats, have leaked that to many of you in this room.But as I said at the beginning of this press conference, everybody is working as one team, and the president respects the decisions of his Cabinet secretaries to tell their staff not to respond to that email because they did so out of interests of national security and they don't want to, obviously, risk confidential information. It's pretty common sense.Dasha."
Karoline Leavitt,"Musk has obviously been doing a lot of work. He's been working every day and, a lot of the time, weekends. He is designated as a special government employee, which means that he can only work 130 days per year. Is the White House expecting him to limit his work to 130 days, or are you going to work around those rules? Do you want to see him extend beyond the 130 days?","So, today is February 25th, so I think we've been here about 35 days, roughly, so ask me in another 100 days.Daniel."
Karoline Leavitt,"Karoline, thank you. You opened up with a major announcement from Apple: $500 billion, 20,000 jobs, doubling its advanced manufacturing fund.",Yeah.
Karoline Leavitt,What does that signal that such a global brand would make what it called its largest-ever spend commitment just a month into President Trump's second term? What does that signal about his economic vision for the country?,"President Trump is a dealmaker, and he has restored confidence in business leaders around this entire world. Apple is one of the largest companies on the face of the planet. They employ hundreds of thousands of Americans, but the president wants to see more Americans employed, more investments here in the United States of America.And this is another fulfillment of the president's campaign promises. I recall President Trump at his rallies on the campaign telling the world that: If and when I am elected, America is going to be back, and we want your investments to be driven on shore. We want you to hire American workers, and you will have the lowest regulatory burden, the lowest tax cuts.And the president has already proven he's committed to slashing regulation. He's counting on Congress to implement those tax cuts.And so, people are encouraged by the president's -- again, as Tim Cook called it, they're bullish about American innovation because of the leadership of this president.And that's a stark contrast to the leadership of the previous administration, Joe Biden, who I don't think spent any time trying to recruit any investments or jobs here at home.Mary."
Karoline Leavitt,"Thanks, Karoline. We're hearing from some Republicans who are voicing concerns about how these cuts are being carried out. Congressman McCormick, a Republican from Georgia, tells us he's worried it's too rapid for real people to adapt to, and he says he's concerned that it could come off as discompassionate, in her -- in his words, that it could risk undercutting the strong message that he feels you're trying to send about the need to cut government waste.","Well, I think that that was one comment from one senator, and I think, as I cited in my opening remarks in the poll, the most important people are the American people, and 77 percent of Americans at home support a full investigation into the waste, fraud, and abuse that the federal government has been spending their tax dollars on. So, that's the people the president cares about most, and that's why we're fulfilling this pledge.And again, it should come as no secret to anybody. The president campaigned on doing this."
Karoline Leavitt,"I just want -- the president yesterday said if you don't respond to this email, you will be fired or semi-fired. What does it -- what does he mean by that?","Again, I've been asked and answered this question three times now. It is --"
Karoline Leavitt,"But semi-fired, what --",But it's --
Karoline Leavitt,-- does that mean?,"But it's in the memo. The president, again, has entrusted his Cabinet secretaries to oversee their workforce. That's why he nominated them to be Cabinet secretaries. And so, federal workers can be directed to their agency leadership."
Karoline Leavitt,Karoline.,Sure.
Karoline Leavitt,"Great. Thanks, Karoline. I wanted to ask about -- a federal judge yesterday was saying that they didn't know who the DOGE administrator was and was asking the -- the lawyer for the administration who it was, and the lawyer responded, I don't know the answer to that. Can you tell us who the administrator of DOGE is?","Again, I've been asked and answered this question. Elon Musk is overseeing DOGE. There are career offi- --"
Karoline Leavitt,"So, he's the administrator?","There are -- no. Elon Musk is a special government employee, which I've also been asked and have answered that question as well."
Karoline Leavitt,"So, who is the administrator?",There are career officials at DOGE. There are political appointees at DOGE. I am not going to reveal the name of that individual from this podium. I am happy to follow up and provide that to you.But we've been incredibly transparent about the way that DOGE is working.
Karoline Leavitt,And if I could just ask about the --,Jon.(Cross-talk.)
Karoline Leavitt,"Thanks, Karoline.",Jon.
Karoline Leavitt,"Thanks a lot, Karoline. Since your last briefing, there have been some personnel moves that have been announced by the president, and I wanted to ask you about them. One was the president replacing the Chairman of the Joint Chiefs of Staff, General CQ Brown, Jr. What was the reason for the president naming a replacement for General Brown?","He thinks he's doing a bad job, and it's time for a shake-up at the Pentagon. They failed seven audits in a row. The trust in our United States military, amongst the war fighters, is low. The president is shaking up the Pentagon and the Department of Defense, of course with Secretary Hegseth leading. And he has the right to do that. It's actually quite common from administration to administration to do such a thing."
Karoline Leavitt,"The president, when he swore him in as the chief of staff for the Air Force, called him a great man and a great gentleman. Does he distance himself from the remarks that he made back in August of 2020?",I think replacing him speaks for itself.
Karoline Leavitt,And then on --,James.
Karoline Leavitt,"One other one, if -- I'm sor- -- thank you. On the FBI, the president also announced a new deputy director of the FBI, Dan Bongino. From what has been reported, and maybe this is not accurate reporting -- you can tell me -- the FBI director, Kash Patel, informed Republican senators that it would be an individual named as the deputy who was a special agent currently at the FBI. And, of course, Mr. Bongino is not. What was the reason for naming Mr. Bongino to this position? And was Mr. Patel not correct in making that assurance to those senators?","I'm not sure if anybody in this room has listened to Mr. Bongino when he talks about the past corruption at the FBI, when he talks about his experience serving the United States Secret Service. This is a man who loves his country and who has honorably served our country in ways that many people have not. He understands the depth of the corruption at these institutions, which the American people reelected President Trump to shake up.And I think it's quite despicable to see many networks in this room who have had chyrons on their television screens labeling Mr. Bongino as a far-right podcaster. He is not. He is a former law enforcement agent. He is a former Secret Service agent who put his life on the line to protect this country. And that is why the president of the United States has entrusted him for this important role.He's also an outsider to this Washington swamp, and we often see that when outsiders are appointed to such coveted positions, a lot of people in this city get very, very nervous. And they should be, because Dan Bongino and Kash Patel and Attorney General Bondi are focused on rooting out the corruption at these agencies and ending the weaponization of government once and for all.I'd like to end with something. As you all know --"
Karoline Leavitt,"Calling on James, as you were just about to do before you called on Jon.","You know what, James. I'm feeling generous. Go ahead. (Laughter.)"
Karoline Leavitt,"Thank you. I will take it. Thank you, Karoline.",Sure.
Karoline Leavitt,I wanted to ask about --,Don't make me regret this. (Laughter.)
Karoline Leavitt,I -- I wanted to ask about the Macron visit and the -- the Russia-Ukraine talks in general.,Sure.
Karoline Leavitt,"It was pretty clear to my eye that President Macron was performing a kind of delicate dance, lavishing praise on the president while seeking in his own remarks to try to bind President Trump to positions and even specific language that the president has not committed to heretofore.","the minerals deal, the abandonment of their NATO ambitions, and other elements. So far, we have not heard any administration officials suggest a single concession that the Russians should be prepared to make.And so, I wonder if you could assure us, at a minimum, that this negotiation process will not be as one-sided as the Europeans seem to think it is and that, in fact, President Putin will also be made to engage in some concessions to reach this deal.MS. LEAVITT: Well, I think the president knows how to make a deal better than anyone who has ever assumed the office of the American presidency. And in order to make a deal, you have to bring both sides to the table. And typically, when you make a good deal, both sides leave that table a little bit unhappy.I'm not going to outline the concessions that the president and his team are engaged in discussing. These are obviously ongoing negotiations, and it would be unwise of me to impede them from this podium.But the president has made significant improvements in ending this conflict. He is committed to seeing an end to the war. He wants to see the bloodshed and the killing stopped. He wants to stop seeing young men being killed and slaughtered. This has been going on for far too long. The president inherited this mess because of the incompetence of the previous administration, and he's committed to fixing it.And he's made, you know, some of those concessions clear, but I'm not going to get ahead of him on additional ones. But he is wholeheartedly committed to striking a peace deal in Russia and Ukraine, also in the Middle East.Thank you very much, guys. Good to see you."
Karoline Leavitt,Thank you.,We'll see you later.
Karoline Leavitt,"All right. Thank you very much. I am sitting in for a thriving ecosystem of journalists, independent and -- and emerging news organizations who do depend on X for publicity, for a business model. And so, I look forward to seeing many of them in this seat in months and years to come.",Sure.
Karoline Leavitt,"For about more than 10 years, I've been fascinated, like all -- like many, with what's going on. I was in Northern Europe working out of the Baltics when Crimea was annexed and was -- a lot -- a lot of this came on Twitter. The platform used to be known as Twitter. Was -- a lot of European leaders would -- would talk about their disappointment and -- and solidarity with Ukraine, but when it came to actually doing something, it felt like they were passing a hot potato and sent it over the Atlantic.",Yeah.
Karoline Leavitt,-- and your confidence in the competence of this administration to d- -- go toe to toe with Vladimir Putin.,"Well, if there's an- -- I'll take the l- -- second question first. If there's anybody in this world that can go toe to toe with Putin, that could go toe to toe with Xi, that could go toe to toe with Kim Jong Un -- and we could keep going down the list -- it's Donald J. Trump. He is the dealmaker in chief. There is no question that he is the commander in chief.And I, for one -- and I think all Americans and around the world should have no doubt about his ability to not only handle Putin but to handle the complexity of driving this war to an end.And then on your first piece on Europe, I'll take you back to 2014. You're right. There was a lot of hand-wringing in Europe and not a lot of action. There was also a lot of hand-wringing here in Washington under the Obama administration and not a lot of action. They literally threw blankets at the problem.And so, I'll remind everyone that Putin had, you know, some type of conflict, invasion, or issue with their neighbor under President Bush, with Georgia; under President Obama, with Ukraine in 2014; not under President Trump, 45; and again with President Biden in 2022. The war should have been deterred. The war should have never happened, and I have no doubt it would not have happened under President Trump and will stop under President -- President Trump again.But I just want to push back on this notion of our European allies not being consulted as we've entered into this process. I already mentioned the immediate phone call President Trump made to President Zelenskyy. He has talked to President Macron of France repeatedly last week. President Macron convened European leaders and then is coming here on Monday. Prime Minister Starmer is coming next Thursday.We've also -- I've talked to every one of my national security -- national security advisor counterparts across -- across the spectrum in Europe. I've talked to Secretary-General Rutte, the -- the leader of NATO, the secretary-general of NATO. We have repeatedly -- oh, by the way, we had half our Cabinet -- seven Cabinet officials, including the vice president, at the Munich Security Conference, all engaging, all listening, and all making sure our allies were heard.However, we've also made it clear for years -- decades, even -- that it is unacceptable that the United States and the United States taxpayer continues to bear the burden not only of the cost of the war in Ukraine but of the defense of -- of Europe. We fully support our NATO Allies. We fully support the Article 5 commitment. But it's time for our European allies to step up.And one of the things that Secretary-General Rutte said on our call was this last couple of weeks have been a real wake-up call. And I asked him, What have you been missing the last couple of years?The fact that we are going to enter into a NATO summit this June with a third of our NATO Allies still not meeting the 2 percent minimum, a commitment they made a decade ago -- literally a decade ago -- with a war on their doorstep -- the largest war that they're all extremely concerned about -- but yet it's Well, somebody else needs to pay. We've got other domestic priorities. It's unacceptable. President Trump has made that clear.And the minimum needs to be met. We need to be at 100 percent in -- this June at the NATO summit. And then let's talk about exceeding it, which what -- is what President Trump has been talking about, with 5 percent of GDP.Europe needs to step up for their own defense as a partner. And we can be friends and allies and have those tough conversations.MS. LEAVITT: Great. Peter."
Karoline Leavitt,"Thank you, Karoline. I have a Ukraine one and a DOGE one. Who can talk DOGE?","Stephen, go ahead."
Karoline Leavitt,"Well, so -- so, Stephen, we're hearing about these DOGE dividend checks that would be 20 percent back to taxpayers, 20 percent to pay down the debt. Sixty percent is left. Who gets that?","Well, the way that it works is when you achieve savings, you can either return it to taxpayers, you can return it to our debtors, or it can be cycled into next year's budget, and then it just lowers the overall baseline for next year. So, in other words, you can just transfer it into the next fiscal window and then lower the overall spending level. And that means that you can achieve a permanent savings that way, and that reduces the deficit."
Karoline Leavitt,And when is it that people might see those checks?,"Well, this is all going to be worked on through the reconciliation process with Congress that's going underway right now, as you've seen. The Senate is moving a bill. The House is moving a bill. The president has great confidence in both chambers to deliver on his priorities.I would just take this opportunity to note that President Trump has made a historic commitment to the working class of this country to fight for a major tax relief and major price relief. And cutting spending, as DOGE is doing, and cutting taxes is the key to delivering on both of those promises. And President Trump is resolutely committed to doing both."
Karoline Leavitt,"Thank you. And on Ukraine. I guess, this is for Mike.",Sure.
Karoline Leavitt,"After the president's post on Truth Social yesterday, need to know: Who does he think is more responsible for the Russian invasion of Ukraine, Putin or Zelenskyy?","Well, look, his -- his goal, Peter, is to bring this war to an end, period. And there has been ongoing fighting on both sides. It is World War I-style trench warfare.His frustration with President Zelenskyy is -- that you've heard -- is multifold. One, there needs to be a deep appreciation for what the American people, what the American taxpayer, what President Trump did in -- in his first term, and what we've done since. So, some of the rhetoric coming out of Kyiv, frankly, and -- and insults to President Trump were unacceptable. Number one.Number two, our own secretary of Treasury personally made the trip to offer the Ukrainians what is -- can only be described as a historic opportunity -- that is for America to coinvest with Ukraine in their minerals, in their resources, to truly grow the pie.So, case in point, there's a foundry that processes aluminum in Ukraine. It's -- it's been damaged. It's not at its current capacity. If that is restored, it would account for America's entire imports of aluminum for an entire year -- that one foundry.There are tremendous resources there. Not only is that long-term security for Ukraine, not only do we help them grow the pie with investments, but, you know, we do have an obligation to the American taxpayer in helping them recoup the hundreds of billions that ha- -- that have occurred.So, you know, rather than enter -- enter into some constructive conversations about what that deal should be going forward, we got a lot of rhetoric in the media that was -- that was incredibly unfortunate.And I could just tell you, Peter, you know, as a veteran, as somebody who's been in combat, this war is horrific. And I think we've lost sight of that, of the literally thousands of people that are dying a day, families that are going without the next generation.And I find it kind of, you know, frankly, ridiculous. So many people in Washington that were just demanding, pounding the table for a ceasefire in Gaza are suddenly aghast that the president would demand one and both sides come to the table when it talks to -- when it comes to Ukraine, a war that has been arguably far greater in -- in scope and scale and far more dangerous in terms of global escalation to U.S. security."
Karoline Leavitt,And I do have one for Karoline.,Sure.
Karoline Leavitt,"Does President Trump have a bet with Trudeau about this USA-Canada hockey game tonight? (Laughter.) And when there is a big hockey game on, is the president watching for the goals or for the fights?","(Laughs.) Probably both. I think he's watching for the United States to win tonight. I know he talked to the USA hockey team this morning. He talked to the players after their morning practice, around 10 o'clock. And I also spoke to some folks from that team after. They were jubilant over President Trump's comments to the team. I believe they're going to put out a video of that call.So, he looks forward to watching the game tonight, and we look forward to the United States beating our soon-to-be 51st state, Canada. (Laughter.)Bloomberg, go ahead."
Karoline Leavitt,"My question is for Mike Waltz. Can you give us a readout of Kellogg's meeting with Zelenskyy that just wrapped up? And, in particular, Zelenskyy publicly rejected this deal about the rare earth minerals. Where -- where does that stand?","Well, we're going to continue to have -- he needs to come back to the table, and we're going to continue to have discussions about where that deal is going.Again, we have an obligation to the taxpayer. I think this is an opportunity. The president thinks this is an opportunity for Ukraine going forward. There can be, in my view, nothing better for Ukraine's future and for their security than -- than to have the United States invested in their prosperity long-term. And then a key piece of this has also been security guarantees.Look, the -- the reality that we're talking about here is: Is it in Ukraine's interest? Is it in Europe's interest? It certainly isn't in Russia's interest or in the American people's interest for this war to grind on forever and ever and ever.So, a key part of his conversation was helping President Zelenskyy understand this war needs to come to an end. This kind of open-ended mantra that we've had under the Biden administration, that's over. And I think a lot of people are having a hard time accepting that.And then the other piece is there's been discussions from Prime Minister Starmer and also President Macron about European-led security guarantees. We welcome that. We've been asking Europe to step up and secure its own prosperity, safety, and security. So, we certainly welcome that.And we certainly welcome more European assistance. As I told my counterparts, Come to the table with more, if -- if you want a bigger seat at the table. And we've been asking for that for quite some time."
Karoline Leavitt,And has Russia pushed for sanctions in your talks with them? And have you consulted with international partners and allies about potentially rolling back sanctions in these negotiations to end the war?,"Those -- the talks with -- with our Russian counterparts -- both with my counterpart, the national security advisor; Secretary Rubio's counterpart, the Foreign Minister, Foreign Minister Lavrov -- you know, it -- it really were -- was quite broad, focused on what is the goals for our broader relationship, but very clear that the fighting has to stop to get to any of those brighter goals.And as a first step, we're just going to do some commonsense things, like restore the -- the ability of both of our embassies to function.And, again, you know, this is -- this was common sense. In -- in foreign policy world, they call it shuttle diplomacy. We have to talk to both sides in order to get to both sides to the table, and both sides have said only President Trump could do that.MS. LEAVITT: Diana."
Karoline Leavitt,Thank you. And my question is for Mike Waltz. (Laughter.),All right.
Karoline Leavitt,The president has called Zelenskyy a dictator. Does he view Putin as a dictator?,"Well, most of our weapons that have gone to Ukraine have been part of a drawdown authority, where we've literally taken them out of our stocks and then, eventually, through appropriations, started buying them again to refill our stocks.I'll, you know, just state that there has been a lag in a lot of that process. So, many of our stocks, as we look at our operations around the world, are becoming more depleted. That's one of the reasons many people have had a lot of concern about: When does this end? How much is it going to take? How many lives will be lost? How much will we be -- how much will we spend?As a member of Congress, we repeatedly asked the Biden administration those questions, and we never got a satisfactory answer.Look, President Trump is obviously very frustrated right now with President Zelenskyy -- the fact that -- that he hasn't come to the table, that he hasn't been willing to take this opportunity that we have offered. I think he eventually will get to that point, and I hope so very quickly.But President Trump is -- as we made clear to our Russian counterparts, and I want to make clear today -- he's focused on stopping the fighting and moving forward. And we could argue all day long about what's happened in the past.MS. LEAVITT: Reagan."
Karoline Leavitt,Thanks. I have a question for Stephen --,(Cross-talk.)
Karoline Leavitt,-- and a question for Mike.,"Excuse me, I just called on Reagan. Reagan, go ahead."
Karoline Leavitt,I have a question for Stephen and a question for Mike.,Sure.
Karoline Leavitt,"Stephen, I can start with you. There have been reports --",Thank you.
Karoline Leavitt,"-- that Trump is unhappy with the rate of deportations and he wants them to be higher. Is the president happy with the rate of deportations, and are there any plans to speed up the process?","Well, first of all, we all appreciate the encouragement from the media to deport as many illegal aliens as humanly possible. So, thank you.And I will promise you that the full might of the Department of Homeland Security, the Department of Justice, the Department of Defense, and every element and instrument of national power will be used to remove, with speed, all criminal illegals from the soil of the United States of America, to enforce final removal orders, and to ensure that this country is for American citizens and those who legally belong in this country.We inherited an ICE that was completely shuttered. We inherited a Department of Homeland Security whose sole mission was to resettle illegal aliens within the United States of America.In 30 days, the president sealed the border shut, declared the cartels to be terrorist organizations, has increased ICE deportations to levels not seen in decades, and we are shortly on the verge of achieving a pace and speed of deportations this country has never before seen.Thank you."
Karoline Leavitt,And Mike.,Mm-hmm.
Karoline Leavitt,"There have been reports that there's some underground opposition to Trump's pick for Undersecretary of Defense for Policy, Elbridge Colby. Have you or anyone from the administration been personally lobbying senators to support Elbridge Colby?","Look, I've worked with Bridge Co- -- Colby in the past. He has the president's full support to be the Undersecretary of policy, which will be a critical policy arm for Secretary Hegseth going forward that will implement a lot of these policies.And -- and really, that's -- that's been the extent of it. I think there's been a lot of kind of, you know, breathless -- I don't know -- back-and-forth in the -- in the press, but we're full speed ahead to get the president's team in place so we can implement his America First policy.MS. LEAVITT: Thank you. Mike has spoken pretty extensively. Does anybody have questions for Stephen or for Mr. Hassett?"
Karoline Leavitt,I do.,Nobody wants to talk about the economy? (Laughter.)(Cross-talk.)MS. LEAVITT: Sure.
Karoline Leavitt,IRS.,IRS. Okay. Go ahead.
Karoline Leavitt,"And this would be for either one of you. So, we have reported, several other outlets have reported that about 3,500 people are due to be -- lose their jobs at the IRS by the end of the week. If the goal of these spending cuts across the federal government has been to reduce the debt, why impose some of the deepest cuts we've seen so far at the agency responsible for raising revenue for the federal government?","Well, I think our objective is to make sure that the employees that we pay are being productive and effective. And there are many, many -- more than 100,000 people working to collect taxes, and not all of them are fully occupied. And the Treasury secretary is studying the matter and feels like 3,500 is a small number and probably can get bigger, especially as we improve the IT at the IRS.And so -- so, I think that it's absolutely something that is on the table for good reasons. And the point is that -- don't just talk about the IRS. Talk about all of government, that there are so many places -- I live in D.C.; you maybe live in D.C. -- where you never -- there -- nobody -- nobody is going into the buildings. People aren't commuting because nobody is doing their job. We look back and we see that there are all these people doing two jobs while they're getting a government payroll -- on the payroll.So, the point is, we're fixing that, and the IRS is a small part of that picture."
Karoline Leavitt,"So, you're saying that everybody who's being let go was doing a bad job?","I'm saying that we're studying every agency and deciding who to let go and why, and we're doing so very rationally with a lot of support from analysis."
Karoline Leavitt,"Because we're being told by a lot of people who have been let go at other agencies that they were told they were being dismissed because of poor performance, when, in some cases, they haven't even had a performance review yet because they've only been on the job a couple of months.","Yeah, I've never seen a person who was laid off for poor performance say that they were performing poorly. (Laughter.) Okay?"
Karoline Leavitt,Karoline.,"Good point. Sure, Kaitlan."
Karoline Leavitt,"I have a question. I'll start with you, Kevin Hassett. Thank you for being here. And then I've got a question for Mr. Waltz.","Oh, absolutely not, because imagine if we don't spend government money and we give it back to people, then the -- you know, if they spend it all, then you're even. But they're probably going to save a lot of it, in which case, you're reducing inflation."
Karoline Leavitt,"Okay. So, you're not --","And also, when the government spends a lot, that's what creates inflation. We learned that from Joe Biden. And so, if we reduce government spending, then that's -- you know, reduces inflation. And if you give people money, then they're going to save a bunch of it. And -- and when they save it, then that also reduces demand and reduces inflation."
Karoline Leavitt,"Okay. So, you're not worried about it.","No, I'm not."
Karoline Leavitt,"And, Mr. Waltz, to follow up on Peter's question, you wrote in an op-ed in the fall of 2023 that, quote, Putin is to blame, certainly, like al Qaeda was to blame for 9/11.",Mm-hmm.
Karoline Leavitt,"Do you still feel that way now, or do you share the president's assessment, as he says Ukraine is to blame for the start of this war?","Well, it shouldn't surprise you that I share the president's assessment on all kinds of issues. What I wrote as a Member of Congress is -- was as a former Member of Congress.Look, what I share the president's assessment on is that the war has to end. And what comes with that? What comes with that should be, at some point, elections. What comes with that should be peace. What comes with that is prosperity that we've just offered in this natural resources and economic partnership arrangement: an end to the killing and European security and security for the world. The President is not only determined to do that in Europe, he's determined to do it in the Middle East.And just a few months ago, we had an administration that had tried for 15 months, week after week, sitting with you here, and couldn't get us to a ceasefire, couldn't get our hostages out. Now we're at that point. We're back to the maximum pressure on Iran.And we will -- we have just begun, and we will drive towards a ceasefire and all of those other steps. I'm not going to pre-negotiate or get ahead of the sequencing of all of that. It's a very delicate situation.But this is a president of peace. And who here would argue against peace?"
Karoline Leavitt,"Okay. So, you do share that assessment.","No. Go ahead, Jordan."
Karoline Leavitt,-- then-President Trump --,"Go ahead, Jordan."
Karoline Leavitt,Thank you. So --,"You just had two questions, Kaitlan."
Karoline Leavitt,May I -- can I just --,"Jordan, go ahead."
Karoline Leavitt,Mr. -- Mr. Hassett --,Thank you.
Karoline Leavitt,I have an important follow-up for Mike Waltz.,"Jordan, go ahead. Go ahead."
Karoline Leavitt,"So, Mr. Hassett, you were speaking about tariff revenue, and you also addressed a question about the R- -- IRS. President Trump has spoken about replacing income tax with tariff revenue, especially with all this waste, fraud, and abuse that we're seeing cut. Is that a possibility?","Absolutely. And, in fact, if you think about the China tariff revenue that we're estimating is coming in from the 10 percent that we just added, plus the de minimis thing, that it's between $500 billion and a trillion dollars over 10 years, is our estimate. And that's something that is outside of the reductions that markets are seeing through the negotiations up on the Hill.And so, we expect that the tariff revenue is actually going to make it much easier for Republicans to pass a bill, and that was the President's plan all along.Thank you."
Karoline Leavitt,"And I -- I have a question for Stephen Miller about DOGE. So, you -- you spoke about DOGE. You said roughly $50 billion is set to be cut in a year of waste, fraud, and abuse by unelected bureaucrats. We're hearing this ironic narrative from the President's critics and the left-wing media that Elon Musk is an unelected bureaucrat, and he's doing all this terrible stuff. Isn't one of DOGE's objectives to get -- get rid of the federal bureaucracy, the -- the deep state? And also, who was running the White House when Joe Biden was in office --",(Laughs.)
Karoline Leavitt,-- because I don't know a single person who believes it was Joe Biden?,"Yes. You're -- you're tempting me to say -- (laughs) -- some very harsh things about some of our media friends. The -- yes, it is true that many of the people in this room, for four years, failed to cover the fact that Joe Biden was mentally incompetent and was not running the country.It is also true that many people in this room who have used this talking point that Elon is not elected fail to understand how government works. So, I'm glad for the opportunity for a brief civics lesson.A president is elected by the whole American people. He's the only official in the entire government that is elected by the entire nation. Right? Judges are appointed. Members of Congress are elected at the district or state level. Just one man.And the Constitution, Article Two, has a clause, known as the vesting clause, and it says, The executive power shall be vested in a president, singular. The whole will of democracy is imbued into the elected president. That president then appoints staff to then impose that democratic will onto the government.The threat to democracy -- indeed, the existential threat to democracy -- is the unelected bureaucracy of lifetime, tenured civil servants who believe they answer to no one, who believe they can do whatever they want without consequence, who believe they can set their own agenda no matter what Americans vote for.So, Americans vote for radical FBI reform, and FBI agents say they don't want to change. Or Americans vote for radical reform in our energy policies, but EPA bureaucrats say they don't want to change. Or Americans vote to end DEI -- racist DEI policies, and lawyers in the Department of Justice say they don't want to change.What President Trump is doing is he is removing federal bureaucrats who are defying democracy by failing to implement his lawful orders, which are the will of the whole American people.Thank you."
Karoline Leavitt,Karoline.,"Thank you very much, everybody. I'm looking at the clock. We've almost had an hour of time.(Cross-talk.)MS. LEAVITT: I know a couple of these individuals have a meeting to get to at 2:00 p.m. So, you're welcome to follow up with my team for further questions. We're going to let these guys get back to running the United States government.And we will see you all later. President Trump will be speaking at 3 o'clock at the Black History Month reception.So, thank you. It's good to see you. We'll see you in a bit. Thanks."
Karoline Leavitt,Are there indictments coming for all the fraud we've found?,I'd love to follow up with you. Just set up a time with Karoline.
Karoline Leavitt,Good afternoon.,"It's great to see all of you on this very newsy day, to say the least. I have a couple of updates for you this afternoon.As you know, this morning, the president spoke to President Putin of Russia. They spoke at length, and the president released a statement following that conversation in great detail. I can also confirm that the president just recently got off the phone with President Zelenskyy of Ukraine.His Truth is as follows: I just spoke to President Zelenskyy of Ukraine. The conversation went very well. He, like President Putin, wants to make peace. We discussed a variety of topics having to do with the war, but mostly the meeting that is being set up on Friday in Munich, where Vice President JD Vance and Secretary of State Marco Rubio will lead the delegation. I am hopeful that the results of that meeting will be positive. It is time to stop this ridiculous war where there has been massive and totally unnecessary death and destruction. God bless the people of Russia and Ukraine.I, myself, just spoke to the president about these calls, and he told me to tell all of you they were very good calls. They were very positive. And the administration is wholeheartedly committed to a peace deal to end, once and for all, the Russia-Ukraine war.More on that later. I'm sure you'll have more questions to ask.This week, the president has continued to deliver on his promises to the American people. According to new polling that was released at the beginning of this week by CBS News, an overwhelming 70 percent of Americans said that President Trump is following through on what he pledged to do during his historic campaign.The poll also revealed that Americans see President Trump as a tough, energetic, focused, and effective leader fighting hard to improve their lives and our country. And yesterday, in particular, was a truly special day for the United States of America.Thanks to the great leadership of President Trump and the strong and tough leadership of President Trump, Marc Fogel, an American teacher detained by Russia, was returned to American soil and met with the president here at the White House last night.Special Envoy Steve Witkoff and the rest of President Trump's incredible national security team helped to negotiate the exchange that secured Marc Fogel's release.This event shows a good-faith effort from Russia, and it's a sign, as I just said, that we are moving in the right direction to end this brutal war.Malphine Fogel, Marc's 95-year-old mother, was understandably very worried that she would never see her son again after his arrest in 2021. Mrs. Fogel was actually slated to join President Trump on stage at the July 13th Butler, Pennsylvania, rally to speak out for Marc, and then the infamous assassination attempt against President Trump took place.But that day, before the rally, President Trump promised Marc's mother that when he returned to the White House he would bring her son home. God saved President Trump's life on that day in Butler, Pennsylvania, and now Marc Fogel is back home safely with his family as a result. God is good.The president also continues to bring back common sense to our government. This week, he signed an EO to end the procurement and forced use of paper straws. Taxpayer dollars were wasted on these non-functional and massively unpopular products for no other reason than it made radical activists feel good about themselves.And on trade, President Trump continues to take bold action to protect America's critical steel and aluminum industries, much like he did in his first term. And the president signed proclamations to close existing loopholes and exemptions to restore a true 25 percent tariff on steel and elevate the tariff on aluminum to 25 percent as well. This administration believes these tariffs will protect our national security and put American workers first.And in the Oval Office yesterday with Elon Musk, President Trump took further action to make our federal government more efficient and effective. He signed an EO implementing the DOGE Workforce Optimization Initiative. Now agency heads will coordinate and consult with DOGE to significantly shrink the size of the federal workforce and limit hiring to essential positions only. The unaccountable bureaucracy will finally be reined in.On another important matter, this morning, Senate Republicans continued to confirm President Trump's exceptionally qualified nominees -- most recently, Director of National Intelligence Tulsi Gabbard, who will be joining us later at the White House for her swearing-in ceremony.It's imperative that the remainder of the president's Cabinet nominees are confirmed as quickly as possible.On another important matter this week, illegal alien criminals continue to be arrested and sent home as part of the ongoing mass deportation effort of the Trump administration. Just this week, two planes with 190 Venezuelan illegal aliens arrived in the Venezuelan capital from Fort Bliss, Texas.Here are some of the criminal illegal aliens who were arrested in the country this past week. ICE Atlanta arrested a citizen of Nigeria who had been convicted of money laundering. ICE San Antonio arrested a citizen of Mexico who had been convicted of assault. ICE Denver arrested a citizen of Mexico who had been convicted of aggravated assault. And ICE Houston arrested a citizen of Mexico who had been convicted of aggravated assault.Now, before I take questions, I would like to address an extremely dishonest narrative that we've seen emerging over the past few days.Many outlets in this room have been fearmongering the American people into believing there is a constitutional crisis taking place here at the White House. I've been hearing those words a lot lately. But, in fact, the real constitutional crisis is taking place within our judicial branch, where district court judges in liberal districts across the country are abusing their power to unilaterally block President Trump's basic executive authority.We believe these judges are acting as judicial activists rather than honest arbiters of the law, and they have issued at least 12 injunctions against this administration in the past 14 days, often without citing any evidence or grounds for their lawsuits.This is part of a larger concerted effort by Democrat activists and nothing more than the continuation of the weaponization of justice against President Trump.Quick news flash to these liberal judges who are supporting their obstructionist efforts, 77 million Americans voted to elect this president, and each injunction is an abuse of the rule of law and an attempt to thwart the will of the people.As the president clearly stated in the Oval Office yesterday, we will comply with the law and the courts, but we will also continue to seek every legal remedy to ultimately overturn these radical injunctions and ensure President Trump's policies can be enacted.So, here in our new media seat today, we have Chris Pavlovski, an entrepreneur who has a strong passion for protecting freedom of speech. Chris started the video-sharing platform Rumble in 2013 with a mission of protecting a free and open Internet from censorship by Big Tech and governments around the globe.The platform has always been a place for independent creators to share their authentic opinions, and they have always included President Trump, in contrast to the way he was censored by other platforms in years past.Since its founding, Rumble has grown exponentially, recently marking 67 million monthly active users. That's a lot of users.If you're watching right now and interested in sitting in this seat, you can apply: WhiteHouse.gov/NewMedia.With that, I will take your questions. And, Chris, why don't you kick us off on this very busy news day?"
Karoline Leavitt,"Karoline, thank you very much to -- to you and President Trump.",Sure.
Karoline Leavitt,It's an honor to be sitting here in the new media seat for the White House press briefing and to be able to demonstrate why freedom of expression is so important.,"Sure. Well, thanks for the very important question. And I think that free speech and ending censorship, both here at home and also abroad, is an important part of President Trump's agenda.I think, first, President Trump has led by example on this front as the leader of the free world, the president of the United States, with his show of access and transparency on a daily basis. The president takes questions from all of you almost every single day and really reveals what he's thinking and feeling. And I think that serves as a great example to the rest of the world.As for tangible actions that the president has signed, he did sign an executive order, I believe on day one -- certainly within the first week of this administration -- to restore free speech and stop government-sponsored censorship here at home. And the EO made it very clear that federal employees are not allowed to engage in any activity that would infringe upon the American people's right of free expression. So, I think the president has led quite strongly on this.And I would just add, this is part of the reason we have a new media seat to invite new voices into this room. Again, we're going to need to expand this room because so many people are interested, and we're very excited about that. It's a privilege to cover this White House, but we want all voices to be heard.So, thanks for being us with -- here, Chris."
Karoline Leavitt,Thank you.,And I hope you enjoy the briefing. Sure.Jordan.
Karoline Leavitt,"Thanks, Karoline. Data out this morning showed that consumer prices were up across a variety of goods. And just before that report, though, President Trump called for lower interest rates. The Fed said it's holding rates steady to try and tamp down further inflation. So, how would lowering rates help keep inflation in check for the American people?","Sure. Well, first of all, on the inflation point. We did receive those numbers, and they were worse than expected, which tells us that the Biden administration indeed left us with a mess to deal with. It's far worse than I think anybody anticipated because, unfortunately, the previous administration was not transparent in where the economy truly was.We know people at this very podium told the American people that inflation was transitory and that it would go away. That was not the case. And now the last report of the Biden administration, as revealed today, shows that inflation is still about 4.5 percent higher over the past three months. This is an indictment on the Biden administration's mismanagement of the inflation crisis and their lack of transparency in addressing it.As for tackling inflation and interest rates, the president has made his position on this very clear. He wants interest rates to be lower, he wants inflation to be lower, and he believes that the whole-of-government economic approach that this administration is taking will result in lower inflation. I have said that from this podium many times.The president had record-low interest rates and inflation rates in his first term. He believes that the economy can handle it and withstand it. And we're doing a lot to tackle the inflation effort on this front. It's a whole-of-government economic approach. And I've talked about what we're doing to tackle inflation quite a few times from this podium."
Karoline Leavitt,"Can you update us on reciprocal tariffs, if that's going to come before Prime Minister Modi's visit tomorrow?","I do believe it will come before the prime minister's visit tomorrow, and I will let the president discuss the details on the reciprocal tariff front.But this is something he believes strongly in, and it's very simple logic as to why the president wants to impose reciprocal tariffs. It's the golden rule, which we all learned when we were growing up in school: Treat others the way you want to be treated.And far too many nations around this world have been ripping off the United States of America for far too long, and that's why the president believes this will be a great policy that will benefit American workers and improve our national security.JJ."
Karoline Leavitt,"On DOGE and the fraud claims. Elon Musk, in the Oval yesterday, gave us some information on that. We're just wondering if there's some proof, evidence. Is the White House willing to share evidence of those fraud claims, or can Elon Musk come to the briefing room and share material evidence of what he's talking about?","Sure. I would love for Elon Musk to come to the briefing room. That's why we had him go to the Oval Office yesterday, where I think he provided great answers. He was speaking in layman's terms, speaking common sense to all of you in the media but also to Americans at home. But I would say especially to all of you in the media, because I think it's a real fallacy that there's this alleged lack of transparency when it comes to DOGE.President Trump and Elon Musk have been incredibly transparent on what DOGE is doing. There is an X account with a DOGE handle. They are tweeting out what they are doing on a daily basis. They have a website where they are posting the receipts of the contracts that they are reviewing and the payments that they have stopped from going out the door -- the secretaries of our departments have stopped from going out the door.And I would also say that before it was Elon Musk making our government efficient and accountable, it was some unnamed bureaucrat that none of you knew. Elon Musk is the richest man in the world. He's also now one of the most highly scrutinized men in the world, alongside President Trump, because of what he's doing and the access that he is allowing. So, there's great transparency.As for the actual receipts, we are happy to provide them, and I actually brought some today, because all of you know I love to bring the receipts. We have contracts upon contracts that we can send and provide this information to you.Let me be very clear: We are not trying to hide anything. We have been incredibly transparent, and we will continue to be.These are screenshots of contracts that DOGE found across our government. This is a DEI contract: $36,000 for U.S. Citizenship and Immigration Services. That is against the president's policies in his America First agenda.This is a $3.4 million contract, a Council for Inclusive Innovation at the U.S. Patent and Trademark Office, Department of Commerce -- another DEI contract that DOGE identified.I can continue to go through these. Oh, I love this one: 57,000 bucks for climate change in Sri Lanka. What is this doing to continue the interests of the American people? Absolutely nothing.These are the line items across the federal government that DOGE is identifying daily. They're moving very fast. There's a lot of paper that we can show you, but we're happy to do it.This administration has been more than transparent about what DOGE is doing. And here's one of their tweets that they posted about the mine -- I believe this is in Pennsylvania -- where the Federal Employee Retirement System is being processed. Did anybody know this was even happening in our country before Elon Musk talked about it in the Oval Office yesterday? A lot of Americans didn't.So, we are providing transparency and accessibility on a daily basis when it comes to DOGE. And I also have a DOGE daily report, if anybody would like it, on all of the things that w- -- they are identifying and finding. We're happy to provide this information to you."
Karoline Leavitt,One quick follow-up.,We're talking about it every single day.
Karoline Leavitt,"Is -- are all those things you just mentioned fraud, or are they waste, or are they just contrary to the president's policies?","I would argue that all of these things are fraudulent, they are wasteful, and they are an abuse of the American taxpayers' dollar. This is not what the government should be spending money on. It's contrary to the president's priorities and agenda.And, again, we can continue to provide you the receipts for all of the fraud, waste, and abuse. And if anybody in here wants to argue that the federal government is not fraudulent in some capacity, be my guest, because I think the American people watching at home would beg to differ."
Karoline Leavitt,Karoline --,Mary.
Karoline Leavitt,Hey. More on the judges. Does the White House believe the courts have the authority to issue these nationwide injunctions?,"We believe that the injunctions that have been issued by these judges have no basis in the law and have no grounds. And we will, again, as the president said very clearly yesterday, comply with these orders, but it is the administration's position that we will ultimately be vindicated. And the president's executive actions that he took were completely within the law. They were constitutional. And we look forward to the day where he can continue to implement his agenda.And I would just add, it's our view that this is the continuation of the weaponization of justice that we have seen against President Trump. He fought it for two years on the campaign trail. It won't stop him now.Brian."
Karoline Leavitt,"Yes. I want to go back to DOGE just for a second. Earlier, the subcommittee head- -- headed by Chairman Marjorie Taylor Greene, her and her staff discovered $2.7 trillion in improper payments to Medicare, Medicaid, overseas to people who should not have gotten it. Some in this room might have missed that press conference. Can you elaborate on what the president is thinking at this point?","Well, again, that's another example. There's a very long list of the fraud, waste, and abuse that DOGE is identifying on a daily basis. Elon Musk also talked about yesterday, about Social Security payments that are going out the door for people who are no longer with us, unfortunately. I would say that is certainly fraud.There's also a lot of contracts they've identified that, just as a hypothetical example, are a million bucks, but only 500,000 went out the door. So, where's the rest of that cash?And so, that's the thing -- those are the things that DOGE is working on every single day. And I would just remind everybody in this room: This is what President Trump campaigned on doing. He's delivering on a promise that 77 million people elected him to do."
Karoline Leavitt,Karoline.,James.
Karoline Leavitt,"Thank you very much, Karoline. Two foreign policy questions, if I may.",Sure.
Karoline Leavitt,"First, the statement that was released after this morning's phone calls identified Mr. Witkoff as the special envoy who will be part of the delegation that undertakes to resolve the Russia-Ukraine war. I had thought that that individual was General Kellogg. And so, can you clear that up?","Sure, I'd be happy to. As you mentioned, the president, in his Truth, following the phone call with Vladimir Putin, said that he has asked Secretary of State Rubio; the director of the CIA, John Ratcliffe; our national security advisor here at the White House, Michael Waltz; and Steve Witkoff to lead the negotiations.As for General Keith Kellogg, he remains a critical part of this team and this effort. He's played a tremendous role in getting the negotiations to this point, and he's very much still part of the Trump administration."
Karoline Leavitt,"The other subject is Iran. I took note of President Trump's comments in his Super Bowl interview with our colleague, Bret Baier, to the effect that he wants to do a deal with Iran.",Mm-hmm.
Karoline Leavitt,"However, that interview appeared after the supreme leader of Iran, the Ayatollah Ali Khamenei, had already ruled out any additional negotiations with the United States.","Well, the president has made it very clear that he will never allow Iran to have nuclear capabilities. That is a redline that he has drawn, and he will not allow that to happen.But you asked why President Trump wants to make a deal. I would remind you he is the master of the art of the deal. He is America's dealmaker in chief. He leads from a position of securing peace through strength. And I think, time and time again, already, in just four weeks, we have seen the president being able to negotiate successful deals with our partners, our adversaries all around this world.You know, the release of Marc Fogel just last night is something that I think speaks to the president's dealmaking ability. This is something that the Biden administration allegedly tried to do for three and a half years. I think you all should go back and ask some of those Biden administration officials what they even tried to do and why weren't they successful. Because for three and a half years, Marc Fogel sat in a Russian prison, and it took President Trump three weeks to get him back on American soil.There's nobody better at making deals than Donald Trump."
Karoline Leavitt,Karoline.,Phil Wegmann.
Karoline Leavitt,"Thank you. Two foreign policy questions. Ukrainian President Zelenskyy has said, after the war, that he wants NATO membership or nuclear weapons. We heard Defense Secretary Hegseth say that NATO membership was unrealistic. What's the president's view on the other option, on a nuclear Ukraine?","I have not talked to President Trump about Ukraine's NATO membership or their nuclear capabilities. I would leave it to him to discuss, but I will tell you again that Secretary Rubio and also the vice president, JD Vance, will be meeting directly with President Zelenskyy in Munich on Friday, and I'm sure they will provide a readout of that conversation and that discussion."
Karoline Leavitt,"And then a second question. Given that this administration has called on Europe to take, you know, more responsibility for their own defense, I'm wondering: Will the EU or any other European nation, other than Ukraine, be involved in these peace talks?","I don't have any European nations who are involved currently to read out for you. Certainly, you know, the president has employed a very strong team -- or deployed a very strong team to continue these negotiations. And the fact that he was on the phone with both President Putin and President Zelenskyy today shows that he's very much involved in this effort as well."
Karoline Leavitt,"And then just a follow-up, I guess.",Sure.
Karoline Leavitt,Should we expect the president to negotiate in person with Zelenskyy and -- and Putin?,"I don't have anything to read out on that for you today.Maggie, good to see you."
Karoline Leavitt,"Thanks, Karoline. Thanks. Thanks for taking the question.","I have not seen the law that you are referring to. What I can tell you is that Elon Musk, as I have confirmed before, is a special government employee. He is filing the proper financial disclosure, and he is complying with all applicable federal laws.As you also heard, Elon addressed this directly yesterday in the alleged conflict of interest, and he said everything he's doing is very public, and if you all perceive a conflict of interest, you're welcome to bring that up.And as the president said, if he feels like Elon is engaging in something that's a conflict of interest, he will tell Elon not to do that. And the pr- -- and Elon also said yesterday that before he moves forward with anything, he consults with the president of the United States.So, we're very confident with the ethics and the guardrails that have been put in place here."
Karoline Leavitt,Okay. Thanks.,Kaitlan.
Karoline Leavitt,"Thanks, Karoline. I have a few things for you, but on the commitment by President Trump, he said that he and President Putin agreed to visit each other's respective nations. Are there any preconditions that President Trump has that President Putin must do before he goes and meets with him -- withdrawing some forces, withdrawing all forces, anything like that?","Not that I'm aware of. That doesn't mean they don't exist. But I was just talking with the president and our national security team. I wasn't made aware of any conditions, but if they exist, I'm happy to provide those."
Karoline Leavitt,"And on the president himself. You know, he styles himself as this master negotiator. He is now deploying these negotiations, saying that they start immediately. We did hear from the Defense secretary, Pete Hegseth, though, today saying that NATO membership is not realistic for Ukraine and neither is returning to pre-2014 borders. Aren't they giving away bargaining chips before these negotiations have even started?","Again, I haven't talked to the president about Ukraine's NATO membership, and he appointed several individuals to negotiate on his behalf. He's directly involved in these negotiations as well. And I'm sure if you ask him that question in the near future, when you're able to, he'll give you an answer. I just don't want to get ahead of him on it."
Karoline Leavitt,And final thing for you. Which White House official made the decision to bar the AP reporter from the Oval Office and the Diplomatic Reception Room last night?,"Well, first of all, let me just set the record straight. It is a privilege to cover this White House. It's a privilege to be the White House press secretary. And nobody has the right to go into the Oval Office and ask the president of the United States questions. That's an invitation that is given. And there are hundreds of outlets on this campus -- many of you in this room -- who don't have the privilege of being part of that pool every single day and getting to ask the president questions.We reserve the right to decide who gets to go into the Oval Office, and you all have credentials to be here, including the Associated Press, who is in this briefing room today."
Karoline Leavitt,"But isn't it retaliatory in nature is -- is the argument, because there is a reason that the AP was barred, which they said was because they're not using the phrase Gulf of America; they're using Gulf of Mexico, in line with their standards. And so, the question here is: Is this setting a precedent that this White House will retaliate against reporters who don't use the language that you guys believe reporters should use? And how does that align with the First Amendment commitment that you were just talking about?","I was very upfront in my briefing on day one that if we feel that there are lies being pushed by outlets in this room, we are going to hold those lies accountable. And it is a fact that the body of water off the coast of Louisiana is called the Gulf of America. And I'm not sure why news outlets don't want to call it that, but that is what it is.The secretary of Interior has made that the official designation in the geographical identification name server, and Apple has recognized that, Google has recognized that, pretty much every other outlet in this room has recognized that body of water as the Gulf of America. And it's very important to this administration that we get that right not just for people here at home but also for the rest of the world.Sure."
Karoline Leavitt,"Thank you, Karoline. The prisoner exchange with Russia coming at the same time as the president is now announcing negotiations to end the war in Ukraine -- the timing of that is hard to ignore. Was Ukraine discussed as part of this prisoner swap?","I was not involved in those discussions, so I can't comment on whether that came up or not. What I can say is that this was a very good deal for the United States of America and for the rest of the world.As you know, we have confirmed that the Russian who will be returning home very soon, Alexander Vinnik, was a nonviolent crypto criminal. And as part of this exchange, he has forfeited more than $100 million that he obtained in that illegal crime.And in exchange, of course, we got Marc Fogel, who is a middle school teacher, who kissed the American soil, kissed the ground last night when he returned to the United States of America. It was a great deal and a great day for our country. And I think everybody, regardless of political affiliation, agrees with that."
Karoline Leavitt,Was -- was Russia made aware ahead of time of the parameters that the administration and Secretary Hegseth was going to be announcing today?,The NATO parameters?
Karoline Leavitt,Yes.,I'm not sure. You'd have to ask Secretary Hegseth and the Defense Department on that --
Karoline Leavitt,"Karoline, follow-up --",-- since he announced them.
Karoline Leavitt,-- a follow-up on Russia.,Jacqui.
Karoline Leavitt,"Thank you, Karoline. Just to be clear, so when we're listening for a shift in position on U.S. policy, should we only listen to the president and maybe not the secretary of Defense? Because what he outlined today would represent a shift in U.S. policy.","I'm not saying that. I'm just saying I speak for the president of the United States behind this podium, and I will let him discuss that.Weijia."
Karoline Leavitt,Can you tell us any more about the next hostage releases? I understand another --,Yeah.
Karoline Leavitt,-- American is coming out today.,"Sure. I'm glad you asked. It speaks to President Trump's dealmaking ability. And we can confirm the safe release of one American and two individuals from Belarus, one of whom worked for Radio Liberty. Out of respect for the privacy of these individuals, their request, we have no further details to announce on their identities. But we can confirm that one American was released today, and it's a remarkable victory on the heels of Marc Fogel returning to America last night."
Karoline Leavitt,Anything on who the U.S. might be releasing in exchange?,I don't have details on that at this moment.
Karoline Leavitt,Are we releasing anyone in exchange?,I don't have details on that at this moment. I do know that these three individuals have been released and are on their way home to their respective countries.Weijia.
Karoline Leavitt,"Karoline, thank you so much. Can you explain how President Trump envisions the war in Russia and Ukraine coming to an end? Does he expect Ukraine to hand over all the territory in question?","Again, these negotiations are ongoing. I will allow the president to divulge any red lines that he may set. But I think as deals in the past have come to fruition, the president has proven one of the things that makes him a very effective negotiator is not revealing what he's anticipating from both sides. But he is at the forefront of these negotiations, in addition to the very qualified individuals who he's tasked with speaking to both President Putin and President Zelenskyy."
Karoline Leavitt,"And speaking of deals, a meeting with the president of the United States offers any foreign leader credibility. Was it part of the prisoner swap with Fogel that President Trump agreed to meet with Putin?","Again, I was already asked this question. I said I did -- I was not made aware of that. But we can certainly get you an answer on that. I'll check in with the NSC.Sure. Monica."
Karoline Leavitt,"Thanks, Karoline. It's clear that this administration is dedicated to both truth and transparency. We know that with DOGE, but we also know that because this administration recently announced it's going to declassify the assassinations of Martin Luther King, Jr.; JFK; and RFK. I'm wondering, is it likely that we're going to see more information regarding the assassination attempts on the president's life while he was on the campaign trail?","In regards to the assassination of the individuals you mentioned, President Trump signed that executive order directing the respective agencies to do it. I know that that process continues and is ongoing. He's committed to transparency and the declassification of these very important files that I think many Americans are not only interested in learning about but also have the right to know about.As for the two heinous assassination attempts on the president's life, he's spoken to this publicly. I've spoken to him about it privately. And, you know, as he said publicly to all of you, he feels he has a right to know about -- further information about the individuals who tried to kill him, tried to take his life.And so, if -- and when -- we get that information, I'll leave it up to the president to decide whether or not he would like to reveal it. But I believe, in the effort of transparency that we've seen consistently from this president, he certainly will.Daniel."
Karoline Leavitt,"Thanks, Karoline. I wanted to ask you about the $59 million that FEMA sent to New York City migrant hotels. Secretary Kristi Noem just put out a statement --",Yes.
Karoline Leavitt,"-- saying that she clawed back the full payment that FEMA activists unilaterally gave to NYC migrant hotels. She wrote, Mark my words, there will not be a single penny spent that goes against the interest and safety of the American people. What does the response of the Trump administration send to any federal bureaucrats that are thinking about obstructing the president's agenda?","They will be held accountable. The president is signing executive orders daily, and he expects all officials across the administration, regardless if they are a political appointee or if they are a career bureaucrat, to adhere to the will of the American people and the 77 million Americans who reelected President Trump.He is here for a reason, and he is focused every day on implementing his administration's goals. And sending 59 million bucks to a migrant hotel to house illegal immigrants when there are still people in North Carolina and California who have not received FEMA funding is not something that this administration is going to tolerate.Diana."
Karoline Leavitt,"Thank you so much, Karoline. One on New York and one on Russia, please. On New York. New York City Comptroller Brad Lander is accusing DOGE of clawing back $80 million that was intended for New York City FEMA funding. Wondering if you've heard about that figure, if that figure is accurate, and why that money was taken back.","I have not heard about that figure. DOGE is moving very quickly, but I can get the receipts and gladly send them to you. I know that story is likely of great interest to the New York Post.Jon."
Karoline Leavitt,"And then, one on Russia, please.",Sure.
Karoline Leavitt,"Is -- is President Trump waiting for a kind of signal or an action from Putin to go to Russia, and just, you know, would he be willing to go to Ukraine in the future?",I don't have any decisions to make on the president's potential visit to Russia or any in-person meeting at this time.Jon.
Karoline Leavitt,"Thanks a lot, Karoline. Two questions. One on foreign policy, one on domestic policy. Following up on the president's call that he had with President Putin. Does the president view Russia, does he view President Putin as an ally, as a partner, as a competitor, or as an adversary?","I believe this nation views Putin and Russia as a great competitor in the region, at times an adversary. But as the president has said as well, he enjoys having good diplomatic relationships with leaders around the world -- finding that common ground, also calling them out when they are wrong, and leading from a position of peace through strength.That's the president's greatest strength, and we've seen that time and time again."
Karoline Leavitt,"And then, as you pointed out --",Sure.
Karoline Leavitt,"-- in your statement regarding the confirmation of Tulsi Gabbard, there was one Republican who voted against the nomination of Tulsi Gabbard. It was Senator Mitch McConnell. Similarly, how does the administration view Senator McConnell? Can he be a partner in the president's legislative agenda? Are you disappointed that he voted against not only Tulsi Gabbard but also Pete Hegseth to be the Defense secretary?","I think we're greatly disappointed in any Republican who chooses willfully to vote against the president's exceptionally qualified Cabinet nominees and picks to lead his America First administration. Not a single Democrat swayed from voting against President Biden's nominees, and we know how many of them turned out. They turned out to be atrocious at their jobs, leaving America much worse than they were when they took the oath of office.And so, I've said it repeatedly from this podium; I addressed it at the beginning of my remarks: We expect all Republicans to vote, to stay tough and strong, vote for President Trump's nominees so we can get to work and continue to work very hard to implement this president's agenda.Sure."
Karoline Leavitt,"Thank you. Thank you, Karoline. On South Korea. South Korea is currently in a chaotic situation. How does the President Trump react to the current chaotic situation in South Korea? Secondly, if South Korea needed help from United States, what role do you think the U.S. will play?","Sure. I haven't spoken to the president about the ongoing situation in South Korea. I would defer you to his previous statements. And I can also see if I can get you something new from the National Security Council, who I'm very confident the officials that are focused on South Korea are on this. I just haven't spoken to them about it, but I'm happy to provide that for you.Yes."
Karoline Leavitt,"Thank you, Karoline.",Sure.
Karoline Leavitt,Does -- does Elon Musk have power of the presidency?,Absolutely not.
Karoline Leavitt,All right.,That's a ridiculous question.
Karoline Leavitt,"I ask that question -- I ask that question because, you know, the Democrats have been hurling insults at Elon Musk, hurling attacks, calling him President Musk. Most recently, Jamie Raskin, the congressman, took it a step further, calling for Musk's impeachment, saying that he somehow usurped the power of the presidency. What's your response?","It's utterly ridiculous. Elon Musk addressed this in the Oval Office yesterday. The president addressed it as well. Elon Musk is serving at the pleasure of the president. Just like everybody else on this team, he takes directives directly from the president of the United States.And I think some of the comments that you referred to are nothing more than a failed attempt from the media and from Democrats to try to sow division in this White House. We saw them do it in the first term. We're not going to let them do it in the second term. This is a unified team who is working at the pleasure of the president to do what's right for the American people.I have one more quick housekeeping note before I leave you all today. The president wanted me to share with all of you that he had a wonderful meeting with King Abdullah of Jordan yesterday. They discussed many things, including the Gaza Strip and its future, at great length. The king would much prefer that the Palestinians stay in place with the additional land to be used for new development, which would greatly create jobs at levels never seen before. But the president feels it would be much better and more majestic if these Palestinians could be moved to safer areas.I would just add to that that the president remains wholeheartedly committed to seeing peace in the Middle East, and our Arab partners in the region have been tasked with coming up with a peace plan to present to the president. That is ongoing. King Abdullah mentioned that yesterday. He also committed to accepting 2,000 sick children from the Gaza Strip, which the president called a beautiful gesture.So, the administration continues to work with our Arab partners in the region. We stand closely with our ally Israel. And the president has presented this big, new, bold idea to secure peace in the Middle East, and he is not going to waver from that. And we look forward to seeing that goal of this administration achieved as well.Thank you very much, everybody, and we'll see you very soon.Have a great day.END 1:53 P.M. ESTFrom: Wales, Olivia EOP/WHO@who.eop.gov>Sent: Wednesday, February 12, 2025 4:02 PMTo: Adams, Patrick M. EOP/WHO@who.eop.gov>Subject: FW: Press Briefing by Press Secretary Karoline Leavitt, February 12, 2025, #4From: Sands, Amy P. EOP/WHO @who.eop.gov>Sent: Wednesday, February 12, 2025 3:30 PMSubject: Press Briefing by Press Secretary Karoline Leavitt, February 12, 2025, #4THE WHITE HOUSEOffice of Communications________________________________________________________________For Immediate Release February 12, 2025PRESS BRIEFING BYPRESS SECRETARY KAROLINE LEAVITTJames S. Brady Press Briefing Room1:16 P.M. ESTMS. LEAVITT: Good afternoon, everybody."
Karoline Leavitt,Good afternoon.,"It's great to see all of you on this very newsy day, to say the least. I have a couple of updates for you this morning -- or this afternoon.As you know, this morning, the president spoke to President Putin of Russia. They spoke at length, and the president released a statement following that conversation in great detail. I can also confirm that the president just recently got off the phone with President Zelenskyy of Ukraine.His Truth is as follows: I just spoke to President Zelenskyy of Ukraine. The conversation went very well. He, like President Putin, wants to make peace. We discussed a variety of topics having to do with the war, but mostly the meeting that is being set up on Friday in Munich, where Vice President JD Vance and Secretary of S- -- Secretary of State Marco Rubio will lead the delegation. I am hopeful that the results of that meeting will be positive. It is time to stop this ridiculous war where there has been massive and totally unnecessary death and destruction. God bless the people of Russia and Ukraine.I, myself, just spoke to the president about these calls, and he told me to tell all of you they were very good calls. They were very positive. And the administration is wholeheartedly committed to a peace deal to end, once and for all, the Russia-Ukraine war.More on that later. I'm sure you'll have more questions to ask.This week, the president has continued to deliver on his promises to the American people. According to new polling that was released at the beginning of this week by CBS News, an overwhelming 70 percent of Americans said that President Trump is following through on what he pledged to do during his historic campaign.The poll also revealed that Americans see President Trump as a tough, energetic, focused, and effective leader fighting hard to improve their lives and our country. And yesterday, in particular, was a truly special day for the United States of America.Thanks to the great leadership of President Trump and the strong and tough leadership of President Trump, Marc Fogel, an American teacher detained by Russia, was returned to American soil and met with the president here at the White House last night.Special Envoy Steve Witkoff and the rest of President Trump's incredible national security team helped to negotiate the exchange that secured Marc Fogel's release.This event shows a good-faith effort from Russia, and it's a sign, as I just said, that we are moving in the right direction to end this brutal war.Malphine Fogel, Marc's 95-year-old mother, was understandably very worried that she would never see her son again after his arrest in 2021. Mrs. Fogel was actually slated to join President Trump o- -- on stage at the July 13th Butler, Pennsylvania, rally to speak out for Marc, and then the infamous assassination attempt against President Trump took place.But that day, before the rally, President Trump promised Marc's mother that when he returned to the White House he would bring her son home. God saved president lives on that -- President Trump's life on that day in Butler, Pennsylvania, and now Marc Fogel is back home safely with his family as a result. God is good.The president also continues to bring back common sense to our government. This week, he signed an EO to end the procurement and forced use of paper straws. Taxpayer dollars were wasted on these non-functional and massively unpopular products for no other reason than it made radical activists feel good about themselves.And on trade, President Trump continues to take bold action to protect America's critical steel and aluminum industries, much like he did in his first term. And the president signed proclamations to close existing loopholes and exemptions to restore a true 25 percent tariff on steel and elevate the tariff on aluminum to 25 percent as well. This administration believes these tariffs will protect our national security and put American workers first.And in the Oval Office yesterday with Elon Musk, President Trump took further action to make our federal government more efficient and effective. He signed an EO implementing the DOGE Workforce Optimization Initiative. Now agency heads will coordinate and consult with DOGE to significantly shrink the size of the federal workforce and limit hiring to essential positions only. The unaccountable bureaucracy will finally be reined in.On another important matter, this morning, Senate Republicans continued to confirm President Trump's exceptionally qualified nominees -- most recently, Director of National Intelligence Tulsi Gabbard, who will be joining us later at the White House for her swearing-in ceremony.It's imperative that the remainder of the president's Cabinet nominees are confirmed as quickly as possible.On another important matter this week, illegal alien criminals continue to be arrested and sent home as part as -- of the ongoing mass deportation effort of the Trump administration. Just this week, two planes with 190 Venezuelan illegal aliens arrived in the Venezuelan capital from Fort Bliss, Texas.Here are some of the criminal illegal aliens who were arrested in the country this past week. ICE Atlanta arrested a citizen of Nigeria who had been convicted of money laundering. ICE San Antonio arrested a citizen of Mexico who had been convicted of assault. ICE Denver arrested a citizen of Mexico who had been convicted of aggravated assault. And ICE Houston arrested a citizen of Mexico who had been convicted of aggravated assault.Now, before I take questions, I would like to address an extremely dishonest narrative that we've seen emerging over the past few days.Many outlets in this room have been fearmongering the American people into believing there is a constitutional crisis taking place here at the White House. I've been hearing those words a lot lately. But, in fact, the real constitutional crisis is taking place within our judicial branch, where district court judges in liberal districts across the country are abusing their power to unilaterally block President Trump's basic executive authority.We believe these judges are acting as judicial activists rather than honest arbiters of the law, and they have issued at least 12 injunctions against this administration in the past 14 days, often without citing any evidence or grounds for their lawsuits.This is part of a larger concerted effort by Democrat activists and nothing more than the continuation of the weaponization of justice against President Trump.Quick news flash to these liberal judges who are supporting their obstructionist efforts, 77 million Americans voted to elect this president, and each injunction is an abuse of the rule of law and an attempt to thwart the will of the people.As the president clearly stated in the Oval Office yesterday, we will comply with the law and the courts, but we will also continue to seek every legal remedy to ultimately overturn these radical injunctions and ensure President Trump's policies can be enacted.So, here in our new media seat today, we have Chris Pavlovski, an entrepreneur who has a strong passion for protecting freedom of speech. Chris started the video-sharing platform Rumble in 2013 with a mission of protecting a free and open Internet from censorship by Big Tech and governments around the globe.The platform has always been a place for independent creators to share their authentic opinions, and that he is -- they have always included President Trump, in contrast to the way he was censored by other platforms in years past.Since its founding, Rumble has grown exponentially, recently marking 67 million monthly active users. That's a lot of users.If you're watching right now and interested in sitting in this seat, you can apply: WhiteHouse.gov/NewMedia -- Media.With that, I will take your questions. And, Chris, why don't you kick us off on this very busy news day?"
Karoline Leavitt,"Karoline, thank you very much to -- to you and President Trump.",Sure.
Karoline Leavitt,It's an honor to be sitting here in the new media seat for the White House press briefing and to be able to demonstrate why freedom of expression is so important.,"Sure. Well, thanks for the very important question. And I think that free speech and ending censorship, both here at home and also abroad, is an important part of President Trump's agenda.I think, first, President Trump has led by example on this front as the leader of the free world, the president of the United States, with his show of access and transparency on a daily basis. The president takes questions from all of you almost every single day and really reveals what he's thinking and feeling. And I think that serves as a great example to the rest of the world.As for tangible actions that the president has signed, he did sign an executive order, I believe on day one -- certainly within the first week of this administration -- to restore free speech and stop government-sponsored censorship here at home. And the EO made it very clear that federal employees are not allowed to engage in any activity that would infringe upon the American people's right of free expression. So, I think the president has led quite strongly on this.And I would just add, this is part of the reason we have a new media seat to invite new voices into this room. Again, we're going to need to expand this room because so many people are interested, and we're very excited about that. It's a privilege to cover this White House, but we want all voices to be heard.So, thanks for being us with -- here, Chris."
Karoline Leavitt,Thank you.,And I hope you enjoy the briefing. Sure.Jordan.
Karoline Leavitt,"Thanks, Karoline. Data out this morning showed that consumer prices were up across a variety of goods. And just before that report, though, President Trump called for lower interest rates. The Fed said it's holding rates steady to try and tamp down further inflation. So, how would lowering rates help keep inflation in check for the American people?","Sure. Well, first of all, on the inflation point. We did receive those numbers, and they were worse than expected, which tells us that the Biden administration indeed left us with a mess to deal with. It's far worse than I think anybody anticipated because, unfortunately, the previous administration was not transparent in where the economy truly was.We know people at this very podium told the American people that inflation was transitory and that it would go away. That was not the case. And now the last report of the Biden administration, as revealed today, shows that inflation is still about 4.5 percent higher over the past three months. This is an indictment on the Biden administration's mismanagement of the inflation crisis and their lack of transparency in addressing it.As for tackling inflation and interest rates, the president has made his -- his position on this very clear. He wants interest rates to be lower, he wants inflation to be lower, and he believes that the whole-of-government economic approach that this administration is taking will result in lower inflation. I have said that from this podium many times.The president had record-low interest rates and inflation rates in his first term. He believes that the economy can handle it and withstand it. And we're doing a lot to -- to tackle the inflation effort on this front. It's a whole-of-government economic approach. And I've talked about what we're doing to tackle inflation quite a few times from this podium."
Karoline Leavitt,"Can you update us on reciprocal tariffs, if that's going to come before Prime Minister Modi's visit tomorrow?","I do believe it will come before the prime minister's visit tomorrow, and I will let the president discuss the details on the reciprocal tariff front.But this is something he believes strongly in, and it's very simple logic as to why the president wants to impose reciprocal tariffs. It's the golden rule, which we all learned when we were growing up in school: Treat others the way you want to be treated.And far too many nations around this world have been ripping off the United States of America for far too long, and that's why the president believes this will be a great policy that will benefit American workers and improve our national security.JJ."
Karoline Leavitt,"On DOGE and the fraud claims. Elon Musk, in the Oval yesterday, gave us some information on that. We're just wondering if there's some proof, evidence. Is the White House willing to share evidence of those fraud claims, or can Elon Musk come to the briefing room and share material evidence of what he's talking about?","Sure. I would love for Elon Musk to come to the briefing room. That's why we had him go to the Oval Office yesterday, where I think he provided great answers. He was speaking in layman's terms, speaking common sense to all of you in the media but also to Americans at home. But I would say especially to all of you in the media, because I think it's a real fallacy that there's this alleged lack of transparency when it comes to DOGE.President Trump and Elon Musk have been incredibly transparent on what DOGE is doing. There is an X account with a DOGE handle. They are tweeting out what they are doing on a daily basis. They have a website where they are posting the receipts of the contracts that they are reviewing and the payments that they have stopped from going out the door -- the secretaries of -- of our departments have stopped from going out the door.And I would also say that before it was Elon Musk making our government efficient and accountable, it was some unnamed bureaucrat that none of you knew. I -- Elon Musk is the richest man in the world. He's also now one of the most highly scrutinized men in the world, alongside President Trump, because of what he's doing and the access that he is allowing. So, there's great transparency.As for the actual receipts, we are happy to provide them, and I actually brought some today, because all of you know I love to bring the receipts. We have contracts upon contracts that we can send and provide this information to you.Let me be very clear: We are not trying to hide anything. We have been incredibly transparent, and we will continue to be.These are screenshots of contracts that DOGE found across our government. This is a DEI contract: $36,000 for U.S. Citizenship and Immigration Services. That is against the president's policies in his America First agenda.This is a $3.4 million contract, a Council for Inclusive Innovation at the U.S. Patent and Trademark Office, Department of Conver- -- Commerce -- another DEI contract that DOGE identified.I can continue to go through these. Oh, I love this one: 57,000 bucks for climate change in Sri Lanka. What is this doing to continue the in- -- interest of the American people? Absolutely nothing.These are the line items across the federal government that DOGE is identifying daily. They're moving very fast. There's a lot of paper that we can show you, but we're happy to do it.This administration has been more than transparent an- -- about what DOGE is doing. And here's one of their tweets that they posted about the mine -- I believe this is in Pennsylvania -- where the Federal Employee Retirement System is being processed. Did anybody know this was even happening in our country before Elon Musk talked about it in the Oval Office yesterday? A lot of Americans didn't.So, we are providing transparency and accessibility on a daily basis when it comes to DOGE. And I also have a DOGE daily report, if anybody would like it, on all of the things that w- -- they are identifying and finding. We're happy to provide this information to you."
Karoline Leavitt,One quick follow-up.,We're talking about it every single day.
Karoline Leavitt,"Is -- are all those things you just mentioned fraud, or are they waste, or are they just contrary to the president's policies?","I would argue that all of these things are fraudulent, they are wasteful, and they are an abuse of the American taxpayers' dollar. This is not what the government should be spending money on. It's -- it's contrary to the president's priorities and agenda.And, again, we can continue to provide you the receipts for all of the fraud, waste, and abuse. And if anybody in here wants to argue that the federal government is not fraudulent in some capacity, be my guest, because I think the American people watching at home would beg to differ."
Karoline Leavitt,Karoline --,Mary.
Karoline Leavitt,Hey. More on the judges. Does the White House believe the courts have the authority to issue these nationwide injunctions?,"We believe that the injunctions that have been issued by these judges have no basis in the law and have no grounds. And we will, again, as the president said very clearly yesterday, comply with these orders, but it is the administration's position that we will ulsi- -- ultimately be vindicated. And the president's executive actions that he took were completely within the law. They were constitutional. And we look forward to the day where he can continue to implement his agenda.And I would just add, it's our view that this is the continuation of the weaponization of justice that we have seen against President Trump. He fought it for two years on the campaign trail. It won't stop him now.Brian."
Karoline Leavitt,"Yes. I want to go back to DOGE just for a second. Earlier, the subcommittee head- -- headed by Chairman Marjorie Taylor Greene, her and her staff discovered $2.7 trillion in improper payments to Medicare, Medicaid, overseas to people who should not have gotten it. Some in this room might have missed that press conference. Can you elaborate on what the president is thinking at this point?","Well, again, that's another example. There's a very long list of the fraud, waste, and abuse that DOGE is identifying on a daily basis. Elon Musk also talked about -- yesterday, about Social Security payments that are going out the door for people who are no longer with us, unfortunately. I would say that is certainly fraud.There's also a lot of contracts they've identified that, just as a hypothetical example, are a million bucks, but only 500,000 went out the door. So, where's the rest of that cash?And so, that's the thing -- those are the things that DOGE is working on every single day. And I would just remind everybody in this room: This is what President Trump campaigned on doing. He's delivering on a promise that 77 million people elected him to do."
Karoline Leavitt,Karoline.,James.
Karoline Leavitt,"Thank you very much, Karoline. Two foreign policy questions, if I may.",Sure.
Karoline Leavitt,"First, the statement that was released after this morning's phone calls identified Mr. Witkoff as the special envoy who will be part of the delegation that undertakes to resolve the Russia-Ukraine war. I had thought that that individual was General Kellogg. And so, can you clear that up?","Sure, I'd be happy to. As you mentioned, the president, in his Truth, following the phone call with Vladimir Putin, said that he has asked Secretary of State Rubio; the director of the CIA, John Ratcliffe; our national security advisor here at the White House, Michael Waltz; and Steve Witkoff to lead the negotiations.As for General Keith Kellogg, he remains a critical part of this team and this effort. He's played a tremendous role in getting the negotiations to this point, and he's very much still part of the Trump administration."
Karoline Leavitt,"The other subject is Iran. I took note of President Trump's comments in his Super Bowl interview with our colleague, Bret Baier, to the effect that he wants to do a deal with Iran.",Mm-hmm.
Karoline Leavitt,"However, that interview appeared after the supreme leader of Iran, the Ayatollah Ali Khamenei, had already ruled out any additional negotiations with the United States.","Well, the president has made it very clear that he will never allow Iran to have nuclear capabilities. That is a redline that he has drawn, and he will not allow that to happen.But you asked why President Trump wants to make a deal. I would remind you he is the master of the art of the deal. He is America's dealmaker in chief. He leads from a position of securing peace through strength. And I think, time and time again, already, in just four weeks, we have seen the president being able to negotiate successful deals with our partners, our adversaries all around this world.You know, the release of Marc Fogel just last night is something that I think speaks to the president's dealmaking ability. This is something that the Biden administration allegedly tried to do for three and a half years. I think you all should go back and ask some of those Biden administration officials what they even tried to do and why weren't they successful. Because for three and a half years, Marc Fogel sat in a Russian prisho- -- prison, and it took President Trump three weeks to get him back on American soil.There's nobody better at making deals than Donald Trump."
Karoline Leavitt,Karoline.,Phil Wegmann.
Karoline Leavitt,"Thank you. Two foreign policy questions. Ukrainian President Zelenskyy has said, after the war, that he wants NATO membership or nuclear weapons. We heard Defense Secretary Hegseth say that NATO membership was unrealistic. What's the president's view on the other option, on a nuclear Ukraine?","I have not talked to President Trump about Ukraine's NATO membership or their nuclear capabilities. I would leave it to him to discuss, but I will tell you again that Secretary Rubio and also the vice president, JD Vance, will be meeting directly with President Zelenskyy in Munich on Friday, and I'm sure they will provide a readout of that conversation and that discussion."
Karoline Leavitt,"And then a second question. Given that this administration has called on Europe to take, you know, more responsibility for their own defense, I'm wondering: Will the EU or any other European nation, other than Ukraine, be involved in these peace talks?","I don't have any European nations who are involved currently to read out for you. Certainly, you know, the president has employed a very strong team -- or deployed a very strong team to continue these negotiations. And the fact that he was on the phone with both President Putin and President Zelenskyy today shows that he's very much involved in this effort as well."
Karoline Leavitt,"And then just a follow-up, I guess.",Sure.
Karoline Leavitt,Should we expect the president to negotiate in person with Zelenskyy and -- and Putin?,"I don't have anything to read out on that for you today.Maggie, good to see you."
Karoline Leavitt,"Thanks, Karoline. Thanks. Thanks for taking the question.","I have not seen the law that you are referring to. What I can tell you is that Elon Musk, as I have confirmed before, is a special government employee. He is filing the proper financial disclosure, and he is complying with all applicable federal laws.As you also heard, Elon addressed this directly yesterday in the alleged conflict of interest, and he said everything he's doing is very public, and if you all perceive a conflict of interest, you're welcome to bring that up.And as the president said, if he feels like Elon is engaging in something that's a conflict of interest, he will tell Elon not to do that. And the pr- -- and Elon also said yesterday that before he moves forward with anything, he consults with the president of the United States.So, we're very confident with the -- the ethics and the g- -- guardrails that have been put in place here."
Karoline Leavitt,Okay. Thanks.,Kaitlan.
Karoline Leavitt,"Thanks, Karoline. I have a few things for you, but on the commitment by President Trump, he said that he and President Putin agreed to visit each other's respective nations. Are there any preconditions that President Trump has that President Putin must do before he goes and meets with him -- withdrawing some forces, withdrawing all forces, anything like that?","Not that I'm aware of. That doesn't mean they don't exist. But I was just talking with the president and our national security team. I wasn't made aware of any conditions, but if they exist, I'm happy to provide those."
Karoline Leavitt,"And on the president himself. You know, he styles himself as this master negotiator. He is now deploying these negotiations, saying that they start immediately. We did hear from the Defense secretary, Pete Hegseth, though, today saying that NATO membership is not realistic for Ukraine and neither is returning to pre-2014 borders. Aren't they giving away bargaining chips before these negotiations have even started?","Again, I haven't talked to the president about Ukraine's NATO membership, and he appointed several individuals to negotiate on his behalf. He's directly involved in these negotiations as well. And I'm sure if you ask him that question in the near future, when you're able to, he'll give you an answer. I just don't want to get ahead of him on it."
Karoline Leavitt,And final thing for you. Which White House official made the decision to bar the AP reporter from the Oval Office and the Diplomatic Reception Room last night?,"Well, first of all, let me just set the record straight. It is a privilege to cover this White House. It's a privilege to be the White House press secretary. And nobody has the right to go into the Oval Office and ask the president of the United States questions. That's an invitation that is given. And there are hundreds of outlets on this campus -- many of you in this room -- who don't have the privilege of being part of that pool every single day and getting to ask the president questions.We reserve the right to decide who gets to go into the Oval Office, and you all have credentials to be here, including the Associated Press, who is in this briefing room today."
Karoline Leavitt,But isn't it retaliatory --,Sure.
Karoline Leavitt,"-- in nature is -- is the argument, because there is a reason that the AP was barred, which they said was because they're not using the phrase Gulf of America; they're using Gulf of Mexico, in line with their standards. And so, the question here is: Is this setting a precedent that this White House will retaliate against reporters who don't use the language that you guys believe reporters should use? And how does that align with the First Amendment commitment that you were just talking about?","I was very upfront in my briefing on day one that if we feel that there are lies being pushed by outlets in this room, we are going to hold those lies accountable. And it is a fact that the body of water off the coast of Louisiana is called the Gulf of America. And I'm not sure why news outlets don't want to call it that, but that is what it is.The secretary of Interior has made that the official designation in the geographical identification name server, and Apple has recognized that, Google has recognized that, pretty much every other outlet in this room has recognized that body of water as the Gulf of America. And it's very important to this administration that we get that right not just for people here at home but also for the rest of the world.Sure."
Karoline Leavitt,"Thank you, Karoline. The prisoner exchange with Russia coming at the same time as the president is now announcing negotiations to end the war in Ukraine -- the timing of that is hard to ignore. Was Ukraine discussed as part of this prisoner swap?","I was not involved in those discussions, so I can't comment on whether that came up a- -- or not. What I can say is that this was a very good deal for the United States of America and for the rest of the world.As you know, we have confirmed that the Russian who will be returning home very soon, Alexander Vinnik, was a nonviolent crim- -- crypto criminal. And as part of this exchange, he has forfeited more than $100 million that he obtained in that illegal crime.And in exchange, of course, we got Marc Fogel, who is a middle school teacher, who kissed the American soil, the -- kissed the ground last night when he returned to the United States of America. It was a great deal and a great day for our country. And I think everybody, regardless of political affiliation, agrees with that."
Karoline Leavitt,Was -- was Russia made aware ahead of time of the parameters that the administration and Secretary Hegseth was going to be announcing today?,The NATO parameters?
Karoline Leavitt,Yes.,I'm not sure. You'd have to ask Secretary Hegseth and the Defense Department on that --
Karoline Leavitt,"Karoline, follow-up --",-- since he announced them.
Karoline Leavitt,-- a follow-up on Russia.,Jacqui.
Karoline Leavitt,"Thank you, Karoline. Just to be clear, so when we're listening for a shift in position on U.S. policy, should we only listen to the president and maybe not the secretary of Defense? Because what he outlined today would represent a shift in U.S. policy.","I'm not saying that. I'm just saying I speak for the president of the United States behind this podium, and I will let him discuss that.Weijia."
Karoline Leavitt,Can you tell us any more about the next hostage releases? I understand another --,Yeah.
Karoline Leavitt,-- American is coming out today.,"Sure. I'm glad you asked. It speaks to President Trump's dealmaking ability. And we can confirm the safe release of one American and two individuals from Belarus, one of whom worked for Radio Liberty. Out of respect for the privacy of these individuals, their request, we have no further details to announce on their identities. But we can confirm that one American was released today, and it's a remarkable victory on the heels of Marc Fogel returning to America last night."
Karoline Leavitt,Anything on who the U.S. might be releasing in exchange?,I don't have details on that at this moment.
Karoline Leavitt,Are we releasing anyone in exchange?,I don't have details on that at this moment. I do know that these three individuals have been released and are on their way home to their respective countries.Weijia.
Karoline Leavitt,"Karoline, thank you so much. Can you explain how President Trump envisions the war in Russia and Ukraine coming to an end? Does he expect Ukraine to hand over all the territory in question?","Again, these negotiations are ongoing. I will allow the president to divulge any red lines that he may set. But I think as deals in the past have come to fruition, the president has proven one of the -- the things that makes him a very effective negotiator is not revealing what he's anticipating from both sides. But he is at the forefront of these negotiations, in addition to the very qualified individuals who he's tasked with speaking to both President Putin and President Zelenskyy."
Karoline Leavitt,"And speaking of deals, a meeting with the president of the United States offers any foreign leader credibility. Was it part of the prisoner swap with Fogel that President Trump agreed to meet with Putin?","Again, I was already asked this question. I said I did -- I was not made aware of that. But we can certainly get you an answer on that. I'll check in with the NSC.Sure. Monica."
Karoline Leavitt,"Thanks, Karoline. It's clear that this administration is dedicated to both truth and transparency. We know that with DOGE, but we also know that because this administration recently announced it's going to declassify the assassinations of Martin Luther King, Jr.; JFK; and RFK. I'm wondering, is it likely that we're going to see more information regarding the assassination attempts on the president's life while he was on the campaign trail?","In regards to the assassination of the individuals you mentioned, President Trump signed that executive order directing the respective agencies to do it. I know that that process continues and is ongoing. He's committed to transparency and the declassification of these very important files that I think many Americans are not only interested in learning about but also have the right to know about.As for the two heinous assassination attempts on the president's life, he's spoken to this publicly. I've spoken to him about it privately. And, you know, as he said publicly to all of you, he feels he has a right to know about -- further information about the individuals who tried to kill him, tried to take his life.And so, when -- if -- if and when -- when we get that information, I'll leave it up to the president to decide whether or not he would like to reveal it. But I believe, in the effort of transparency that we've seen consistently from this president, he certainly will.Daniel."
Karoline Leavitt,"Thanks, Karoline. I wanted to ask you about the $59 million that FEMA sent to New York City migrant hotels. Secretary Kristi Noem just put out a statement --",Yes.
Karoline Leavitt,"-- saying that she clawed back the full payment that FEMA activists unilaterally gave to NYC migrant hotels. She wrote, Mark my words, there will not be a single penny spent that goes against the interest and safety of the American people. What does the response of the Trump administration send to any federal bureaucrats that are thinking about obstructing the president's agenda?","They will be held accountable. The president is signing executive orders daily, and he expects all officials across the administration, regardless if they are a political appointee or if they are a career bureaucrat, to adhere to the will of the American people and the 77 million Americans who reelected President Trump.He is here for a reason, and he is focused every day on implementing his administration's goals. And sending 59 million bucks to a migrant hotel to house illegal immigrants when there are still people in North Carolina and California who have not received FEMA funding is not something that this administration is going to tolerate.Diana."
Karoline Leavitt,"Thank you so much, Karoline. One on New York and one on Russia, please. On New York. New York City Comptroller Brad Lander is accusing DOGE of clawing back $80 million that was intended for New York City FEMA funding. Wondering if you've heard about that figure, if that figure is accurate, and why that money was taken back.","I have not heard about that figure. DOGE is moving very quickly, but I can get the receipts and gladly send them to you. I know that story is likely of great interest to the New York Post.Jon."
Karoline Leavitt,"And then, one on Russia, please.",Sure.
Karoline Leavitt,"Is -- is President Trump waiting for a kind of signal or an action from Putin to go to Russia, and just, you know, would he be willing to go to Ukraine in the future?",I don't have any decisions to make on the president's potential visit to -- to Russia or any in-person meeting at this time.Jon.
Karoline Leavitt,"Thanks a lot, Karoline. Two questions. One on foreign policy, one on domestic policy. Following up on the president's call that he had with President Putin. Does the president view Russia, does he view President Putin as an ally, as a partner, as a competitor, or as an adversary?","I believe this nation views Putin and Russia as a great competitor in the region, at times an adversary. But as the president has said as well, he enjoys having good diplomatic relationships with leaders around the world -- finding that common ground, also calling them out when they are wrong, and leading from a position of peace through strength.That's the president's greatest strength, and we've seen that again -- time and time again."
Karoline Leavitt,"And then, as you pointed out --",Sure.
Karoline Leavitt,"-- in your statement regarding the confirmation of Tulsi Gabbard, there was one Republican who voted against the nomination of Tulsi Gabbard. It was Senator Mitch McConnell. Similarly, how does the administration view Senator McConnell? Can he be a partner in the president's legislative agenda? Are you disappointed that he voted against not only Tulsi Gabbard but also Pete Hegseth to be the Defense secretary?","I think we're greatly disappointed in any Republican who chooses willfully to vote against the president's exceptionally qualified Cabinet nominees and picks to lead his America First administration. Not a single Democrat swayed from voting against President Biden's nominees, and we know how many of them turned out. They turned out to be atrocious at their jobs, leaving America much worse than they were when they took the oath of office.And so, I've said it repeatedly from this podium; I addressed it at the beginning of my remarks: We expect all Republicans to vote, to stay tough and strong, vote for President Trump's nominees so we can get to work and continue to work very hard to implement this president's agenda.Sure."
Karoline Leavitt,"Thank you. Thank you, Karoline. On South Korea. South Korea is currently in a chaotic situation. How does the President Trump react to the current chaotic situation in South Korea? Secondly, if South Korea needed help from United States, what role do you think the U.S. will play?","Sure. I haven't spoken to the president about the s- -- ongoing situation in South Korea. I would defer you to his previous statements. And I can also see if I can get you something new from the National Security Council, who I'm very confident the officials that are focused on South Korea are on this. I just haven't spoken to them about it, but I'm happy to provide that for you.Yes."
Karoline Leavitt,"Thank you, Karoline.",Sure.
Karoline Leavitt,Does -- does Elon Musk have power of the presidency?,Absolutely not.
Karoline Leavitt,All right.,That's a ridiculous question.
Karoline Leavitt,"I ask that question -- I ask that question because, you know, the Democrats have been hurling insults at Elon Musk, hurling attacks, calling him President Musk. Most recently, Jamie Raskin, the congressman, took it a step further, calling for Musk's impeachment, saying that he somehow usurped the power of the presidency. What's your response?","It's utterly ridiculous. Elon Musk addressed this in the Oval Office yesterday. The president addressed it as well. Elon Musk is serving at the pleasure of the president. Just like everybody else on this team, he takes directives directly from the president of the United States.And I think some of the comments that you referred to are nothing more than a failed attempt from the media and from Democrats to try to sow division in this White House. We saw them do it in the first term. We're not going to let them do it in the second term. This is a unified team who is working at the pleasure of the president to do what's right for the American people.I have one more quick housekeeping note before I leave you all today. The president wanted me to share with all of you that he had a wonderful meeting with King Abdullah of Jordan yesterday. They discussed many things, including the Gaza Strip and its future, at great length. The king would much prefer that the Palestinians stay in place with the additional land to be used for new development, which would greatly create jobs at levels never seen before. But the president feels it would be much better and more majestic if these Palestinians could be moved to safer areas.I would just add to that that the president remains wholeheartedly committed to seeing peace in the Middle East, and our Arab partners in the region have been tasked with coming up with a peace plan to present to the president. That is ongoing. King Abdullah mentioned that yesterday. He also committed to accepting 2,000 sick children from the Gaza Strip, wit- -- which the president called a beautiful gesture.So, the administration continues to work with our Arab partners in the region. We stand closely with our ally Israel. And the president has presented this big, new, bold idea to secure peace in the Middle East, and he is not going to waver from that. And we look forward to seeing that goal of this administration achieved as well.Thank you very much, everybody, and we'll see you very soon."
Karoline Leavitt,Good afternoon.,"How are we? Good to see all of you. It's an honor to be here with all of you. A lot of familiar faces in the room, a lot of new faces.And President Trump is back, and the golden age of America has most definitely begun.The Senate has already confirmed five of President Trump's exceptional Cabinet nominees: Secretary of State Marco Rubio, Defense Secretary Pete Hegseth, CIA Director John Ratcliffe, Homeland Security Secretary Kristi Noem, and Treasury Secretary Scott Bessent. It is imperative that the Senate continues to confirm the remainder of the president's well-qualified nominees as quickly as possible.As you have seen during the past week, President Trump is hard at work fulfilling the promises that he made to the American people on the campaign trail. Since taking the oath of office, President Trump has taken more than 300 executive actions; secured nearly $1 trillion in U.S. investments; deported illegal alien rapists, gang members, and suspected terrorists from our homeland; and restored common sense to the federal government.I want to take a moment to go through some of these extraordinary actions.On day one, President Trump declared a national emergency at our southern border to end the four-year-long invasion of illegal aliens under the previous administration. Additionally, President Trump signed an executive order to end catch and release and finish construction of his effective border wall. By using every lever of his federal power, President Trump has sent a loud and clear message to the entire world: America will no longer tolerate illegal immigration.And this president expects that every nation on this planet will cooperate with the repatriation of their citizens, as proven by this weekend, when President Trump swiftly directed his team to issue harsh and effective sanctions and tariffs on the Colombian government upon hearing they were denied a U.S. military aircraft full of their own citizens who were deported by this administration. Within hours, the Colombian government agreed to all of President Trump's demands, proving America is once again respected on the world stage.So, to foreign nationals who are thinking about trying to illegally enter the United States, think again. Under this president, you will be detained, and you will be deported.Every day, Americans are safer because of the violent criminals that President Trump's administration is removing from our communities.On January 23rd, ICE New York arrested a Turkish national for entry without inspection who is a known or suspected terrorist. On January 23rd, ICE San Francisco arrested a citizen of Mexico unlawfully present in the United States who has been convicted of continuous sexual abuse of a child aged 14 years or younger. ICE Saint Paul has arrested a citizen of Honduras who was convicted of fourth-degree criminal sexual conduct with a minor. ICE Buffalo arrested a citizen of Ecuador who has been convicted of rape.ICE Boston arrested a citizen of the Dominican Republic who has a criminal conviction for second-degree murder. This criminal was convicted of murder for beating his pregnant wife to death in front of her five-year-old son.And ICE Saint Paul also arrested a citizen of Mexico who was convicted of possessing pornographic material of a minor on a work computer.These are the heinous individuals that this administration is removing from American communities every single day. And to the brave state and local law enforcement officers, CBP, and ICE agents who are helping in the facilitation of this deportation operation, President Trump has your back and he is grateful for your hard work.On the economic front, President Trump took immediate action to lower costs for families who are suffering from four long years of the Biden administration's destructive and inflationary policies. President Trump ordered the heads of all executive departments and agencies to help deliver emergency price relief to the American people, untangle our economy from Biden's regulatory constraints, and end the reckless war on American energy.President Trump also signed sweeping executive orders to end the weaponization of government and restore common sense to the federal bureaucracy. He directed all federal agencies to terminate illegal diversity, equity, and inclusion programs to help return America to a merit-based society.President Trump also signed an executive order declaring it is now the policy of the federal government that there are only two sexes: male and female. Sanity has been restored.Before I take your questions, I would like to point out to — all of you once again have access to the most transparent and accessible president in American history. There has never been a president who communicates with the American people and the American press corps as openly and authentically as the 45th and now 47th president of the United States.This past week, President Trump has held multiple news conferences, gaggled on Air Force One multiple times, and sat down for a two-part interview on Fox News, which aired last week. As Politico summed it up best, Trump is everywhere again, and that's because President Trump has a great story to tell about the legendary American revival that is well underway.And in keeping with this revolutionary media approach that President Trump deployed during the campaign, the Trump White House will speak to all media outlets and personalities, not just the legacy media who are seated in this room, because apporting — according to recent polling from Gallup, Americans' trust in mass media has fallen to a record low. Millions of Americans, especially young people, have turned from traditional television outlets and newspapers to consume their news from podcasts, blogs, social media, and other independent outlets.It's essential to our team that we share President Trump's message everywhere and adapt this White House to the new media landscape in 2025. To do this, I am excited to announce the following changes will be made to this historic James S. Brady Briefing Room, where Mr. Brady's legacy will endure.This White House believes strongly in the First Amendment, so it's why our team will work diligently to restore the press passes of the 440 journalists whose passes were wrongly revoked by the previous administration.We're also opening up this briefing room to new media voices who produce news-related content and whose outlet is not already represented by one of the seats in this room. We welcome independent journalists, podcasters, social media influencers, and content creators to apply for credentials to cover this White House. And you can apply now on our new website, WhiteHouse.gov/NewMedia.Starting today, this seat in the front of the room, which is usually occupied by the press secretary staff, will be called the new media seat. My team will review the applications and give credentials to new media applicants who meet our criteria and pass United States Secret Service requirements to enter the White House complex.So, in light of these announcements, our first questions for today's briefing will go to these new media members whose outlets, despite being some of the most viewed news websites in the country, have not been given seats in this room.And before I turn to questions, I do have news directly from the president of the United States that was just shared with me in the Oval Office from President Trump directly — an update on the New Jersey drones: After research and study, the drones that were flying over New Jersey in large numbers were authorized to be flown by the FAA for research and various other reasons.Many of these drones were also hobbyists — recreational and private individuals that enjoy flying drones. In meanti- — in the — in time, it got worse, due to curiosity. This was not the enemy. A — a statement from the president of the United States to start this briefing with some news.And with that, I will turn it over to questions, and we will begin with our new media members: Mike Allen from Axios, Matt Boyle from Breitbart.Mike, why don't you go ahead."
Karoline Leavitt,"Thank you very much. Karoline, does the president see anything fishy about DeepSeek, either its origins or its cost? And could China's ability to make these models quicker, cheaper affect our thinking about expanding generation data centers, chip manufacturing?","Sure. The president was asked about DeepSeek last night on Air Force One when he gaggled for, I think, the third or fourth time throughout the weekend with members of the traveling press corps. The president said that he believes that this is a wake-up call to the American AI industry. The last administration sat on their hands and allowed China to rapidly develop this AI program.And so, President Trump believes in restoring American AI dominance, and that's why he took very strong executive action this past week to sign executive orders to roll back some of the onerous regulations on the AI industry. And President Trump has also proudly appointed the first AI and crypto czar at this White House, David Sacks, whom I spoke with yesterday — very knowledgeable on this subject. And his team is here working every single day to ensure American AI dominance.As for the national security implications, I spoke with NSC this morning. They are looking into what those may be, and when I have an update, I will share it with you, Mike."
Karoline Leavitt,"And, Karoline, you say restore U.S. dominance. Is there fear that the U.S. either is falling or has fallen behind? And how would the president make sure the U.S. stays ahead?",No. The president is confident that we will restore American dominance in AI.Matt.
Karoline Leavitt,"Yeah. So, Karoline, first off, thank you to you and President Trump for actually giving voices to new media outlets that represent millions and millions of Americans. The thing I would add — the — I've got a two-part question for you. The first is just: Can you expand upon what steps the White House is going to take to bring more voices, not less — which is what our founder, Andrew Breitbart, believed in — into this room, where they rightly belong?","Yeah, absolutely. And as I said in my opening statement, Matt, it is a priority of this White House to honor the First Amendment. And it is a fact that Americans are consuming their news media from various different platforms, especially young people. And as the youngest press secretary in history, thanks to President Trump, I take great pride in opening up this room to new media voices to share the president's message with as many Americans as possible.In doing so, number one, we will ensure that outlets like yours — Axios and Breitbart, which are widely respected and viewed outlets — have an actual seat in this room every day. We also, again, encourage anybody in this country — whether you are a TikTok content creator, a blogger, a podcaster — if you are producing legitimate news content, no matter the medium, you will be allowed to apply for press credentials to this White House.And as I said earlier, our new media website is WhiteHouse.gov/NewMedia, and so we encourage people to apply. Again, as long as you are creating news-related content of the day and you're a legitimate independent journalist, you're welcome to cover this White House."
Karoline Leavitt,"And secondly, Karoline, you sa- — you laid out several of the actions that President Trump has taken. Obviously, it's a stark contrast to the previous administration and a breakneck speed from President Trump. Can we expect that pace to continue as the hun- — the — you know, the first 100 days moves along here and beyond that?","Absolutely. There is no doubt President Trump has always been the hardest working man in politics. I think that's been proven over the past week. This president has, again, signed more than 300 executive orders. He's taken historic action.I gaggled aboard Air Force One to mark the first 100 days of this administration — 4:00 p.m. last Friday — first 100 hours, rather. And this president did more in the first 100 hours than the previous president did in the first 100 days.So, President Trump, I think you can all expect to — for him to continue to work at this breakneck speed. So, I hope you're all ready to work very hard. I know that we are.Zeke Miller."
Karoline Leavitt,"Thanks, Karoline. A question that we've asked your predecessors of both parties in this job. When you're up here in this briefing room speaking to the American public, do you view yourself and your role as speaking on — advocating on behalf of the president, or providing the unvarnished truth that is, you know, not to lie, not to obfuscate to the American people?","I commit to telling the truth from this podium every single day. I commit to speaking on behalf of the president of the United States. That is my job.And I will say it's very easy to speak truth from this podium when you have a president who is implementing policies that are wildly popular with the American people, and that's exactly what this administration is doing. It's correcting the lies and the wrongs of the past four years, many of the lies that have been told to your faces in this very briefing room. I will not do that.But since you brought up truth, Zeke, I would like to point out, while I vow to provide the truth from this podium, we ask that all of you in this room hold yourselves to that same standard. We know for a fact there have been lies that have been pushed by many legacy media outlets in this country about this president, about his family, and we will not accept that. We will call you out when we feel that your reporting is wrong or there is misinformation about this White House.So, yes, I will hold myself to the truth, and I expect everyone in this room to do the same."
Karoline Leavitt,"And, Karoline, just on a substantive question. Yesterday, the White House Office of Management and Budget directed an across-the-board freeze with — with some exceptions for individual assistance. We understand just federal grants.",Right.
Karoline Leavitt,"It's caused a lot of confusion around the country among Head Start providers, among providers — from services to homeless veterans, provid- — you know, Medicaid providers, states saying they're having trouble accessing the portal. Could you put — help us clear up some confusion —",Yes.
Karoline Leavitt,"— give some certainty to folks? And then also, is that uncertainty — how does that uncertainty service the president's voters?","Well, I think there's only uncertainty in this room amongst the media. There's no uncertainty in this building.So, let me provide the certainty and the clarity that all of you need. This is not a blanket pause on federal assistance in grant programs from the Trump administration. Individual assistance, that includes — I'm not naming everything that's included, but just to give you a few examples — Social Security benefits, Medicare benefits, food stamps, welfare benefits — assistance that is going directly to individuals will not be impacted by this pause.And I want to make that very clear to any Americans who are watching at home who may be a little bit confused about some of the media reporting: This administration — if you are receiving individual assistance from the federal government, you will still continue to receive that.However, it is the responsibility of this president and this administration to be good stewards of taxpayer dollars. That is something that President Trump campaigned on. That's why he has launched DOGE, the Department of Government Efficiency, who is working alongside OMB. And that's why OMB sent out this memo last night, because the president signed an executive order directing OMB to do just this. And the reason for this is to ensure that every penny that is going out the door is not conflicting with the executive orders and actions that this president has taken.So, what does this pause mean? It means no more funding for illegal DEI programs. It means no more funding for the Green New Scam that has ta- — cost American taxpayers tens of billions of dollars. It means no more funding for transgenderism and wokeness across our federal bureaucracy and agencies. No more funding for Green New Deal social engineering policies. Again, people who are receiving individual asintan- — assistance, you will continue to receive that.And President Trump is looking out for you by issuing this pause because he is being good steward of your taxpayer dollars."
Karoline Leavitt,"Thanks, Karoline.",Sure.
Karoline Leavitt,"How long is this pause going to last? And how is the Trump administration recommending that organizations that rely on federal funding make payroll, pay their rent in the meantime?","It is a temporary pause, and the Office of Management and Budget is reviewing the federal funding that has been going out the door, again, not for individual assistance, but for all of these other programs that I mentioned.I also spoke with the incoming director of OMB this morning, and he told me to tell all of you that the line to his office is open for other federal government agencies across the board, and if they feel that programs are necessary and in line with the president's agenda, then the Office of Management and Budget will review those policies.I think this is a very responsible measure. Again, the past four years, we've seen the Biden administration spend money like drunken sailors. It's a big reason we've had an inflation crisis in this country, and it's incumbent upon this administration to make sure, again, that every penny is being accounted for honestly."
Karoline Leavitt,"Why impose this pause with so little notice? Why not give organizations more time to plan for the fact that they are about to lose, in some cases, really crucial federal funding —",There was —
Karoline Leavitt,— at least for a — for a period of time?,"There was notice. It was the executive order that the president signed.There's also a freeze on hiring, as you know; a regulatory freeze; and there's also a freeze on foreign aid. And this is a — again, incredibly important to ensure that this administration is taking into consideration how hard the American people are working. And their tax dollars actually matter to this administration.You know, just during this pause, DOGE and OMB have actually found that there was $37 million that was about to go out the door to the World Health Organization, which is an organization, as you all know, that President Trump, with the swipe of his pen in that executive order, is — no longer wants the United States to be a part of. So, that wouldn't be in line with the president's agenda.DOGE and OMB also found that there was about to be 50 million taxpayer dollars that went out the door to fund condoms in Gaza. That is a preposterous waste of taxpayer money.So, that's what this pause is focused on: being good stewards of tax dollars."
Karoline Leavitt,"And so, this doesn't affect —",Jennifer.
Karoline Leavitt,— Meals on Wheels or Head Start or disaster aid?,"Again, it does not affect individual assistance that's going to Americans."
Karoline Leavitt,"To follow up on Nancy, do you think there will be a list of who is affected and how much money is affected? How — how will these contractors and organizations know if they are actually being — having their funding frozen?","No, absolutely not. As it says right here in the memo, which I have — and I'd encourage all of you to read it — it says, The American people elected President Trump to be the president of the United States and gave him a mandate to increase the impact of every federal dollar. This memo requires federal agencies to identify and review all Federal financial assistance programs and supporting activities consistent with the president's policies and requirements.The American people gave President Trump an overwhelming mandate on November 5th, and he's just trying to ensure that the tax money going out the door in this very bankrupt city actually aligns with the will and the priorities of the American people.(Cross-talk.)Brian Glenn."
Karoline Leavitt,Yes. Welcome.,Thank you.
Karoline Leavitt,You look great. You're doing a great job.,Thank you.
Karoline Leavitt,You talked about transparency. And some of us in this room know how just transparent President Trump has been the last five or six years; I think you'll do the same.,"Absolutely. I'll echo the answer that the president gave on Air Force One last night when he was asked a very similar question by one of your colleagues in the media: This signifies peace through strength is back, and this president will not tolerate illegal immigration into America's interior.And he expects every nation on this planet, again, to cooperate with the repatriation of their citizens who illegally entered into our country and broke America's laws. Won't be tolerated.And as you saw, the Colombian government quickly folded and agreed to all of President Trump's demands. Flights are underway once again.(Cross-talk.)Diana."
Karoline Leavitt,"Two questions on deportations, if I may. President Trump had said on the campaign trail that he would deport pro-Hamas students who are here on visas, and on his first day in office, he signed an executive order that said, quote, The U.S. must ensure that admitted aliens and aliens otherwise already present in the U.S. do not bear hostile attitudes toward its citizens, culture, government, institutions, or founding principles. So, should we take this executive order as Trump saying he would be open to de- — deporting those students who are here on visas, but, you know, hold pro-Hamas sympathies?","The president is open to deporting individuals who have broken our nation's immigrations laws. So, if they are here illegally, then certainly he is open to deporting them, and that's what this administration is hard at work at doing.We receive data from DHS and from ICE every single day. From what we hear on the ground, ICE agents are feeling incredibly empowered right now because they actually have a leader in this building who is supporting them in doing their jobs that they were hired to do, which is to detain, arrest, and deport illegal criminals who have invaded our nation's borders over the past four years. That's what the president is committed to seeing."
Karoline Leavitt,One more.,Peter.
Karoline Leavitt,"Karoline, if I could ask you very quickly, just following up on the question on immigration. First, President Trump, during the course of the campaign in 2024, said the following about illegal im- — immigration. He said, They're going back home where they belong, and we start with the criminals. There are many, many criminals. NBC News has learned that ICE arrested 1,179 undocumented immigrants on Sunday, but nearly half of them — 566 of the migrants — appear to have no prior criminal record besides entering the country illegally.",(Laughs.)
Karoline Leavitt,"Is the president still focused exclusiv- — which is a civil crime, not a — not a — it's not criminal —",It's a federal crime.
Karoline Leavitt,"It's a fed- — so, I'm asking though, he said he was going to focus on those violent offenders first. So, is violent offenders no longer the predicate for these people to be deported?","The president has said countless times on the campaign trail — I've been with him at the rallies; I know you've been there covering them too, Peter — that he is focused on launching the largest mass deportation operation in American history of illegal criminals.And if you are an individual, a foreign national, who illegally enters the United States of America, you are, by definition, a criminal. And so, therefore —"
Karoline Leavitt,"So, to be clear, it's not exclusively —",— you are subject deportation.
Karoline Leavitt,"I apologize for interrupting. So, to be clear, it's not — violent criminals do not receive precedence in terms of the deportations taking place?","The president has also said — two things can be true at the same time. We want to deport illegal criminals, illegal immigrants from this country. But the president has said that, of course, the illegal dr- — criminal drug dealers, the rapists, the murderers, the individuals who have committed heinous acts on the interior of our country and who have terrorized law-abiding American citizens, absolutely, those should be the priority of ICE. But that doesn't mean that the other illegal criminals who entered our nation's borders are off the table."
Karoline Leavitt,"Understood. Then let me ask you a separate question about the confusion that still exists across the country right now as it relates to the — the freeze — or the pause, as it's described. President Trump, of course, ran — one of the key policy items was that he was going to lower prices, lower the cost of everything from groceries, as he often said. But in many of the cases, it would seem that some of these moves could raise prices for real Americans on everything from low-income heating — that program; childcare programs. Will nothing that the president is doing here, in terms of the freeze in these programs, raise prices on ordinary Americans?",What particular actions are you referring to that would —
Karoline Leavitt,"I'm referring to LHEAP right now. That's the low-income heating program, for example. We can talk about — there's no clarity, so I could refer to a lot of them. We don't know what they are specifically. Can you tell us that LHEAP — that LIHEAP is not one of those affected?","So, you're asking a hypoc- — -thetical based on programs that you can't even identify?"
Karoline Leavitt,"No, I just identified — I —",What I can tell you is that the —
Karoline Leavitt,"Well, just to be — just to be clear, since you guys haven't identified, let's do it together, just for Americans at home. Medicaid, is that affected?","I gave you a list of examples — Social Security, Medicare, welfare benefits —"
Karoline Leavitt,"Medicaid too, correct?","— food stamps — that will not be impacted by this federal pause. I can get you the full list after this briefing from the Office of Management and Budget.But I do want to address the cost cutting, because that's certainly very important, and — and cutting the cost of living in this country. President Trump has taken historic action over the past week to do that. He actually signed a memorandum to deliver emergency price relief for American families, which took a number of actions. I can walk you through those.He also repealed many onerous Biden administration regulations. We know, over the past four years, American households has been essentially taxed $55,000 in regulations from the previous administration. President Trump, with the swipe of his pen, rescinded those, which will ultimately put more money back in the pockets of the American people. So, deregulation is a big deal.And then, when it comes to energy, I mean, the president signed an executive order to declare a national energy emergency here at home, which is going to make America energy dominant. We know that energy is one of the number-one drivers of inflation, and so that's why the president wants to increase our energy supply: to bring down costs for Americans. The Trump energy boom is incoming, and Americans can expect that."
Karoline Leavitt,Please share that memo. Thank you.,I will.(Cross-talk.)
Karoline Leavitt,"Karoline, I think — some of the confusion, I think, may be here with this pause on federal funding. You've made it clear you're not stopping funds that go directly to individuals, but there certainly are lots of organizations that receive funding and then may pass along a benefit — Meals on Wheels, for one. They provide meals for over 2.2 million seniors.","I have now been asked and answered this question four times. To individuals at home who receive direct assistance from the federal government, you will not be impacted by this federal freeze. In fact, OMB just sent out a memo to Capitol Hill with Q and A to — to clarify some of the questions and the answers that all of you are a- — are asking me right now.Again, direct assistance will not be impacted. I've been asked and answered about this OMB memo. There's many other topics of the day.Jacqui Heinrich."
Karoline Leavitt,— if it's going to another organization and then trickling down?,"Direct assistance that is in the hands of the American people will not be impacted.Again, as I said to Peter, we will continue to provide that list as it comes to fruition. But OMB right now is focused on analyzing the federal government's spending, which is exactly what the American people elected President Trump to do.(Cross-talk.)"
Karoline Leavitt,"Of the 3,500 arrests ICE has made so far since President Trump came back into office, can you just tell us the numbers? How many have a criminal record versus those who are just in the country illegally.","All of them, because they illegally broke our nation's laws, and, therefore, they are criminals, as far as this administration goes. I know the last administration didn't see it that way, so it's a big culture shift in our nation to view someone who breaks our immigration laws as a criminal. But that's exactly what they are.Jacqui.(Cross-talk.)"
Karoline Leavitt,And welcome to the briefing room.,"If they broke our nation's laws, yes, they are a criminal.Yes."
Karoline Leavitt,"Thank you. On stripping security details for figures like John Bolton, Pompeo, Brian Hook. Senator Tom Cotton said that he's seen the intelligence and the threat from Iran is real for anyone who played a role in the Soleimani strike. He voiced concern it wouldn't just impact those individuals but potentially their family, innocent bystanders, friends — anyone who is near them when they're out in public. Is the president open to reconsidering his decision?","The president was asked and answered this yesterday, and he was firm in his decision, despite some of the comments that you had referenced. And he's made it very clear that he does not believe American taxpayers should fund security details for individuals who have served in the government for the rest of their lives. And there's nothing stopping these individuals that you mentioned from obtaining private security.That's where the president stands on it. I have no updates on that."
Karoline Leavitt,Is there any concern that this decision might jeopardize the administration's ability to hire the best advisers for these kinds of positions in the future?,"No. In fact, I've talked to the Presidential Personnel Office who has told me directly that there is such an influx of resumes for this administration that it's incredibly overwhelming. There is no lack of talent for the Trump administration.Reagan Ree- —"
Karoline Leavitt,— if anything happened to these people? Would he feel at all that his decision was a factor in that?,The president was asked and answered this yesterday. I'd defer you to his comments.
Karoline Leavitt,Karoline —,"Reagan, since you're in the back row, I hear y- — the back row hasn't gotten much attention in the last four years —"
Karoline Leavitt,"Yes, thank you.",— so I'm happy to answer your question.
Karoline Leavitt,And I can project. (Laughter.),"I am actually quite certain that the president signed an executive order that did just that, and I can point you to that."
Karoline Leavitt,"One more, Karoline.",Yeah.
Karoline Leavitt,President Trump issued an executive order on increased vetting for refugees in visa applications.,That's right.
Karoline Leavitt,Part of that order was considering an outright ban for countries that have deficient screening processes. Has the president considered yet which countries might fall into this category? Are countries like Afghanistan or Syria under consideration for a full ban?,"Yeah. So, the president signed an executive order to streamline the vetting for visa applicants and for illegal immigrants in this country who are coming, of course, from other nations.It also directed the secretary of State to review the process and make sure that other countries around the world are being completely transparent with our nation and the individuals that they are sending here. And so, the secretary of State has been directed to report back to the president. I haven't seen that report yet. We've only been here for a few days.(Cross-talk.)"
Karoline Leavitt,"Karoline, two questions for you. One on the freeze in federal funding. Who advised the president on the legality of telling government agencies that they don't have to spend money that was already appropriated by Congress?","Well, as the OMB memo states, this is certainly within the confines of the law.So, White House Counsel's Office believes that this is within the pe- — president's power to do it, and therefore, he's doing it."
Karoline Leavitt,"Okay. So, they disagree with lawmakers who say that they don't have the power to — to freeze this funding?","Again, I would point you to the language in the memo that clearly states this is within the law."
Karoline Leavitt,"And on what happened on Friday night. The — the administration fired several inspectors general without giving Congress the 30-day legally required notification that they were being fired. I think only two were left at DO- — DHS and the DOJ. And then, yesterday, we saw several prosecutors — I believe 12 — fired from the Justice Department who worked on the investigations into the president. As you know, they are career prosecutors; therefore, they are afforded civil service protections. How is the administration deciding which laws to follow and which ones to ignore?","So, it is the belief of this White House and the White House Counsel's Office that the president was within his exe- — executive authority to do that. He is the executive of the executive branch, and, therefore, he has the power to fire anyone within the executive branch that he wishes to.There's also a case that went before the Supreme Court in 2020: Scaila [Seila] Law LLC, v. the Customs — the [Consumer Financial Protection] Bureau Protection. I would advise you to look at that case, and that's the legality that this White House has rested on."
Karoline Leavitt,"So, you're confident that if they bring lawsuits against you — those prosecutors who were fired — that — that they will succeed?","We will win in court, yes."
Karoline Leavitt,"And did he personally direct this, given they worked on the classified documents investigation and the election interference investigation?","This was a memo that went out by the Presidential Personnel Office, and the president is the leader of this White House. So, yes."
Karoline Leavitt,"So, it did come from him?","Yes, it came from this White House.(Cross-talk.)"
Karoline Leavitt,Karoline.,Sir.
Karoline Leavitt,Thank you. Congrats on your first day behind the podium.,Thank you.
Karoline Leavitt,President Trump ended funding for UNRWA and also designated the Houthis a foreign terrorist organization.,That's right.
Karoline Leavitt,"Both were decisions that the previous administration had reversed. So, here's my question: Will there be an investigation into who gave the previous administration this terrible advice?","Well, that's a very good point. I haven't heard discussions about such an ins- — investigation, but it wouldn't be a bad idea, considering that the Houthis cer- — certainly are terrorists. They have launched attacks on U.S. naval ships across this world, and so I think it was a very wise move by this administration to redesignate them as a terrorist group, because they are. And I think it was a foolish decision by the previous administration to do so.As for an investigation, I'm not sure about that, but it's not a bad idea.(Cross-talk.)Josh."
Karoline Leavitt,"Thank you for the question. I appreciate it. Can you give us an update on the president's plan for his tariff agenda? He spoke a lot about this yesterday, and there's a couple of dates coming up that —",Sure.
Karoline Leavitt,"— he's spoken to. Number one, February 1st. He's alluded to both the potential for tariffs for Canada and Mexico but also China to take effect on those days. Where is — what's he thinking about that?",Yeah.
Karoline Leavitt,Should those countries expect that on the 1st?,"Again, he was asked and answered this question this past weekend when he took a lot of questions from the press, and he said that the February 1st date for Canada and Mexico still holds."
Karoline Leavitt,And what about the China 10 percent tariff that he also had mused about last Tuesday going into effect on the same date?,"Yeah, the president has said that he is very much still considering that for February 1st."
Karoline Leavitt,"And then, separately, yesterday, he talked also about sectoral tariffs on, for instance, pharmaceuticals, as well as semiconductor computer chips. He talked about steel, aluminum, and copper. What's the timeline on those? Is that a similar sort of coming days thing or —","Yeah, so when the president talked about that in his speech yesterday, that actually wasn't a new announcement. That was within a presidential memorandum that he signed in one of the first days here in the White House on his America First trade agenda. So, there's more details on those tariffs in there.As far as a date, I don't have a specific date to read out to you, but the president is committed to implementing tariffs effectively, just like he did in his first term."
Karoline Leavitt,"And then — and then, finally, he also was asked on the plane when he gaggled about the potential for a universal tariff. He was asked maybe about two and a half percent.",Yeah.
Karoline Leavitt,"There was a report about that. He said he wanted much bigger than that. Should we understand that these tariffs would add up? You know, in other words, you might have country-specific tariffs like Canada, Mexico, China. You might have sectoral tariffs, like on pharmaceuticals, as well as a potential universal tariff on top of that. Do these stack on one or the other, or would one sort of take precedence over another?",All I can point you to is what the president has said on this front: the February 1st date for Canada and Mexico and also the China tariff that he has discussed.He rejected the 2.5 percent tariff. He said that was a little bit too low. He wants it to be higher.I'll leave it to him to make any decisions on that front.
Karoline Leavitt,Do you have any comment on what the —,(Cross-talk.)
Karoline Leavitt,— what the Mexicans and Canadians —,Phil.
Karoline Leavitt,— have done so far? Do you have any comment on whether that has met the bar of what he wants to see on fentanyl? Thank you.,"I — I won't get ahead of the president, again, on advocating to foreign nations on what they should or shouldn't do to get away from these tariffs. The president has made it very clear, again, that he expects every nation around this world to cooperate with the repatriation of their citizens. And the president has also put out specific statements in terms of Canada and Mexico when it comes to what he expects in terms of border security.We have seen a historic level of cooperation from Mexico. But, again, as far as I'm still tracking — and that was last night talking to the president directly — February 1st is still on the books."
Karoline Leavitt,Thank you.,Phil.
Karoline Leavitt,"Thank you, Karoline. Quick programming note, and then a question on taxes.",A programming note.
Karoline Leavitt,"Well, in terms of programming, should —",That sounds fun.
Karoline Leavitt,— press briefings be?,"It is a good question, April.So, look, the president, as you know, is incredibly accessible. First day here, he wanted all of you in the Oval Office. You got a 60-minute press conference with the leader of the free world — while he was simultaneously signing executive orders, I may add. That's pretty impressive. I don't think the previous office holder would be able to pull such a thing off.So, look, the president is the best spokesperson that this White House has, and I can assure you that you will be hearing from both him and me as much as possible."
Karoline Leavitt,"And then a question about tax cuts. You know, the president has promised to extend the tax cuts from the previous term. I'm curious, you know, does the president support corresponding spending cuts, as some Republicans have called for in Congress? And will the new Treasury secretary be leading those negotiations with the Hill, as Mnuchin did during the first administration?","The president is committed to both tax cuts and spending cuts.And he has a great team negotiating on his behalf, but there's no better negotiator than Donald Trump, and I'm sure he'll be involved in this reconciliation process as it moves forward.(Cross-talk.)"
Karoline Leavitt,"Karoline, in the announcement that you made last night on the Iron Dome, it said the president had directed that the United States will build this Iron Dome.",Yeah.
Karoline Leavitt,"When you read into the executive order, it seemed short of that. It asked for a series of studies —",Yeah.
Karoline Leavitt,"— and reports back on — can you tell us whether the president has directed this and, if he is this concerned on this issue, why the suspensions that we saw listed by OMB included so many different nuclear programs, nonproliferation programs, programs to blend down nuclear weapons, and s- — and so forth?","First of all, when it comes to the Iron Dome, the executive order directed the implementation of the — of an Iron Dome. It also, as you said, kind of directed research and studies to see if — or — or how the United States can go about doing this, particularly the Department of Defense.When it comes to the other question that you asked about those specific programs, again, I would say, this is not a — a ban; this is a temporary pause and a freeze to ensure that all of the money going out from Washington, D.C., is in align with the president's agenda.And as the Office of Management and Budget has updates on what will be kick-started, once again, I will provide those to you."
Karoline Leavitt,"Can you clarify for a sec what you were saying before on Medicaid? It wasn't clear to me whether you were saying that no Medicaid would be cut off. Obviously, a lot of this goes to states before it goes to individuals and so forth. So, are you guaranteeing here that no individual now on Medicaid would see a cutoff because of the pause?",I'll check back on that and get back to you.Jon.
Karoline Leavitt,"Thanks a lot, Karoline. As you know, in the first week that the president was in office, signed an executive order as it relates to birthright citizenship — trying to eliminate that. Now, 22 state attorney generals have said that this is unconstitutional. A federal judge has just agreed with their argument. What's the administration's argument for doing away with birthright citizenship?","The folks that you mentioned have a right to have that legal opinion, but it is in disagreement with the legal opinion of this administration.This administration believes that birthright citizenship is unconstitutional, and that is why President Trump signed that executive order. Illegal immigrants who come to this country and have a child are not subject to the laws of this jurisdiction. That's the opinion of this administration.We have already appealed the rul- — the lawsuit that was filed against this administration, and we are prepared to fight this all the way to the Supreme Court if we have to, because President Trump believes that this is a necessary step to secure our nation's borders and protect our homeland.Monica."
Karoline Leavitt,"— on foreign policy, if I may. The president's commitment to the NATO defense Alliance, is it as strong as the prior administration? Is it the same as when he served as president in his first term in office?","As long as NATO pays their fair share.And President Trump has called on NATO Allies to increase their defense spending to 5 percent. You actually saw the head of NATO at Davos last week on Bloomberg Television saying that President Trump is right and if Europe wants to keep itself safe, they should increase their defense spending.I would just add that there was no greater ally to our European allies than President Trump in his first term. The world, for all nations in Europe, and, of course, here at home was much safer because of Presidents Tru- — Trump's peace through strength diplomatic approach.Monica."
Karoline Leavitt,"Thank you. Thank you, Karoline. And it's great to finally be called on as well in the briefing room. I appreciate that.",You're welcome.
Karoline Leavitt,"Of course, we know President Trump just got back from North Carolina and California meeting with victims of natural disasters. There's the two-year anniversary of the East Palestine, Ohio, toxic train derailment. Does the president have any plans to go visit the victims of that toxic spill or just visit in general?","Not — no plans that I can read out for you here. If that changes, I will certainly keep you posted.What I can tell you is that President Trump still talks about his visit to East Palestine, Ohio. That was one of the turning points, I would say, in the previous election campaign, where Americans were reminded that President Trump is a man of the people. And he, as a candidate, visited that town that was just derailed by the train derailment — no pun intended — and he offered support and hope, just like I saw the president do this past week.It was a purposeful decision by this president, on his first domestic trip, to go to North Carolina and to California to visit with Americans who were impacted by Hurricane Helene and also by the deadly fires — a red state and a blue state, both of which feel forgotten by the previous administration and the federal government. That has now — that has now ended under President Trump.He will continue to put Americans first, whether they're in East Palestine, in Pacific Palisades, or in North Carolina.(Cross-talk.)Sure."
Karoline Leavitt,"Thank you, Karoline. On California, could you please clarify what the military did with the water last night, as referenced in the president's Truth Social post?","The water has been turned back on in California, and this comes just days after President Trump visited Pacific Palisades and, as you all saw, applied tremendous pressure on state and local officials in Pacific Palisades, including Los Angeles Mayor Karen Bass, to turn on the water and to direct that water to places in the south and in the middle of the state that have been incredibly dry, which has led to the expansion — the rapid expansion of these fires."
Karoline Leavitt,"So, could you clarify what the military's role was, where the water came from, and how it got there?","Again, the Army Corps of Engineers has been on the ground in California to respond to the devastation from these wildfires. And I would point out that just days after President Trump visited the devastation from these fires, the water was turned on. That is because of the pressure campaign he put on state and local officials there, who clearly lack all common sense.And I will never forget being at that round table with the president last week and hearing the frustration in the voices of Pacific Palisades residents who feel as though their government has just gone insane. Before President Trump showed up on the scene, Karen Bass was telling private property owners that they would have to wait 18 months to access their private property.So, this administration, the president and his team that's on the ground in California — Ric Grenell, who he has designated to oversee this great crisis — ha- — will continue to put pressure on Karen Bass and state and local officials to allow residents to access their properties.This is a huge part of it. These residents want to take part in their own clearing out of their properties. They should be able to do that. It's the United States of America. What happened to our freedom? Clearly, it's gone in California, but not anymore under President Trump."
Karoline Leavitt,Karoline —,April.
Karoline Leavitt,"Karoline, welcome to the briefing room.",Thank you.
Karoline Leavitt,"Several questions. One on the pause. Will minority-serving institutions, preferably colleges and universities, have those monies held back temporarily at this moment?","Again, I have not seen the entire list, because this memo was just sent out. So, I will provide you all with updates as we receive them. Okay?"
Karoline Leavitt,"Also, secondly, when it comes to immigration, there is this southern border focus. What happens to those who have overstayed their visas? That is part of the broken immigration system. In 2023, there was a report by the Biden administration, the Homeland Security Department, that said overstays of visas were three times more than usual. Will there be a focus on the overstays for visas as well?","If an individual is overstaying their visa, they are therefore an illegal immigrant residing in this country, and they are subject to deportation."
Karoline Leavitt,"And also, lastly —",Yes.
Karoline Leavitt,"Lastly, as we're dealing with anti-DEI, anti-woke efforts, we understand this administration could — is thinking about celebrating Black History Month. Have you got any word on that? Anything that you can offer to us?","As far as I know, this White House certainly still intends to celebrate, and we will continue to celebrate American history and the contributions that all Americans, regardless of race, religion, or creed, have made to our great country. And America is back.Christian Datoc."
Karoline Leavitt,"Thanks, Karoline. Just real quick. You mentioned the inflation executive order the president signed, but egg prices have skyrocketed since President Trump took office. So, what specifically is he doing to lower those costs for Americans?","Really glad you brought this up, because there is a lot of reporting out there that is putting the onus on this White House for the increased cost of eggs. I would like to point out to each and every one of you that, in 2024, when Joe Biden was in the Oval Office — or upstairs in the residence sleeping; I'm not so sure — egg prices increased 65 percent in this country. We also have seen the cost of everything, not just eggs — bacon, groceries, gasoline — have increased because of the inflationary policies of the last administration.As far as the egg shortage, what's also contributing to that is that the Biden administration and the Department of Agriculture directed the mass killing of more than 100 million chickens, which has led to a lack of chicken supply in this country, therefore a lack of egg supply, which is leading to the shortage.So, I will leave you with this point. This is an example of why it's so incredibly important that the Senate moves swiftly to confirm all of President Trump's nominees, including his nominee for the United States Department of Agriculture, Brooke Rollins, who is already speaking with Kevin Hassett, who is leading the economic team here at the White House, on how we can address the egg shortage in this country.As for cots, I laid out — costs — I laid out the plethora of ways that President Trump has addressed saving costs for the American people over the past week. He looks forward to continuing to doing that —"
